timestamp,tool_id,pad_hours,retaining_ring_hours,platen_motor_current,carrier_motor_current,slurry_flow_rate,downforce_pressure,vibration,temperature_c,alarm_count,wafer_removal_rate,process_drift_nm,maintenance_event,maintenance_state,platen_motor_current_rolling_6h,carrier_motor_current_rolling_6h,slurry_flow_rate_rolling_6h,vibration_rolling_6h,temperature_c_rolling_6h,alarm_count_rolling_6h,wafer_removal_rate_rolling_6h,process_drift_nm_rolling_6h,pad_life_pct,retaining_ring_life_pct,platen_current_delta_6h,slurry_flow_delta_6h,vibration_delta_6h,removal_rate_delta_6h,process_drift_delta_6h,feature_platen_current_high,feature_carrier_current_high,feature_slurry_flow_low,feature_vibration_high,feature_pad_hours_high,feature_alarm_burst,feature_removal_rate_low,feature_process_drift_high,sensor_threshold_count,alert_motor_vibration,alert_slurry_flow,alert_pad_wear,alert_pressure_drift,alert_alarm_burst,alert_process_drift,rule_risk_points,rule_risk_level,recommended_action
2026-01-04 17:00:00,CMP-01,88.96,57.89,19.13,11.5,207.17,3.96,0.309,22.52,0,104.22,0.78,0,normal,18.25,11.926666666666668,210.15,0.33,22.236666666666665,0.3333333333333333,105.25666666666666,0.7533333333333333,22.24,19.296666666666667,0.879999999999999,-2.980000000000018,-0.02100000000000002,-1.0366666666666617,0.026666666666666727,0,0,0,0,0,0,0,0,0,False,False,False,True,False,False,1,low,Verify downforce pressure control and sensor calibration
2026-01-05 09:00:00,CMP-01,105.37,68.07,18.52,11.94,202.63,3.991,0.325,23.21,0,104.57,0.43,0,normal,18.07166666666667,12.156666666666666,210.29166666666666,0.37883333333333336,22.593333333333334,0.0,105.40166666666666,0.8416666666666668,26.3425,22.689999999999998,0.4483333333333306,-7.661666666666662,-0.053833333333333344,-0.8316666666666634,-0.4116666666666668,0,0,0,0,0,0,0,0,0,False,False,False,True,False,False,1,low,Verify downforce pressure control and sensor calibration
2026-01-05 14:00:00,CMP-01,110.94,72.58,17.13,13.44,208.83,4.447,0.32,21.73,0,104.17,0.83,0,normal,18.06,12.236666666666666,209.21500000000003,0.3438333333333334,22.171666666666667,0.0,105.19,0.8133333333333334,27.735,24.193333333333335,-0.9299999999999997,-0.3850000000000193,-0.023833333333333373,-1.019999999999996,0.016666666666666607,0,0,0,0,0,0,0,0,0,False,False,False,True,False,False,1,low,Verify downforce pressure control and sensor calibration
2026-01-10 08:00:00,CMP-01,224.73,143.56,17.91,12.24,208.64,4.269,0.309,22.06,2,103.27,1.73,0,normal,18.108333333333334,12.233333333333334,208.77666666666664,0.35133333333333333,21.89,0.5,104.61500000000001,1.1316666666666668,56.182500000000005,47.85333333333334,-0.19833333333333414,-0.13666666666665606,-0.042333333333333334,-1.345000000000013,0.5983333333333332,0,0,0,0,0,1,0,0,1,False,False,False,False,True,False,1,low,Review recent alarms and tool event log
2026-01-11 17:00:00,CMP-01,257.09,167.38,18.4,12.59,202.66,4.173,0.366,21.14,2,103.97,1.66,0,normal,18.843333333333334,12.418333333333331,206.92166666666665,0.37399999999999994,22.215000000000003,0.3333333333333333,104.03333333333332,2.013333333333333,64.2725,55.79333333333333,-0.44333333333333513,-4.261666666666656,-0.007999999999999952,-0.06333333333331836,-0.3533333333333333,0,0,0,0,0,1,0,0,1,False,False,False,False,True,False,1,low,Review recent alarms and tool event log
2026-01-12 10:00:00,CMP-01,275.39,176.3,19.63,12.09,200.45,4.214,0.506,23.6,2,100.55,5.52,0,normal,19.235,12.286666666666667,202.5583333333333,0.4728333333333334,23.040000000000003,0.6666666666666666,102.61666666666667,3.375,68.8475,58.766666666666666,0.3949999999999996,-2.10833333333332,0.03316666666666662,-2.066666666666677,2.1449999999999996,0,0,0,0,0,1,0,0,1,False,False,False,False,True,False,1,low,Review recent alarms and tool event log
2026-01-13 08:00:00,CMP-01,295.55,189.83,21.04,12.26,206.6,4.191,0.553,22.6,3,99.31,7.23,0,normal,19.981666666666666,12.816666666666665,203.90833333333333,0.5283333333333333,22.623333333333335,0.5,100.89666666666666,5.614999999999999,73.8875,63.27666666666667,1.0583333333333336,2.691666666666663,0.024666666666666726,-1.586666666666659,1.615000000000001,0,0,0,0,0,1,0,0,1,False,False,False,False,True,False,1,low,Review recent alarms and tool event log
2026-01-14 00:00:00,CMP-01,311.59,203.65,18.41,13.27,196.77,4.139,0.513,23.66,2,99.75,7.17,0,normal,19.396666666666665,13.104999999999999,199.21333333333334,0.5255,22.988333333333333,0.5,99.64999999999999,7.211666666666666,77.8975,67.88333333333334,-0.9866666666666646,-2.443333333333328,-0.012499999999999956,0.10000000000000853,-0.041666666666666075,0,0,0,0,0,1,0,0,1,False,False,False,False,True,False,1,low,Review recent alarms and tool event log
2026-01-14 23:00:00,CMP-01,337.3,217.42,18.86,13.87,202.8,4.233,0.562,22.56,2,97.96,9.57,0,normal,20.466666666666665,13.648333333333333,199.43499999999997,0.6048333333333333,22.515,0.5,99.43666666666665,7.960000000000001,84.325,72.47333333333333,-1.6066666666666656,3.3650000000000375,-0.04283333333333328,-1.4766666666666595,1.6099999999999994,0,0,0,0,0,1,0,0,1,False,False,False,False,True,False,1,low,Review recent alarms and tool event log
2026-01-15 02:00:00,CMP-01,340.74,221.66,19.67,13.47,198.44,4.244,0.657,23.23,0,96.54,11.06,0,normal,20.41,13.626666666666665,201.85333333333335,0.6281666666666667,23.400000000000002,0.3333333333333333,99.04333333333334,8.443333333333333,85.185,73.88666666666667,-0.7399999999999984,-3.4133333333333553,0.028833333333333377,-2.5033333333333303,2.616666666666667,0,0,0,0,0,0,0,1,1,False,False,False,False,False,True,1,low,"Check removal-rate drift, endpoint data, and process recipe inputs"
2026-01-15 06:00:00,CMP-01,341.65,220.92,21.03,13.51,194.77,4.142,0.667,23.29,1,97.32,10.31,0,normal,20.673333333333332,13.303333333333335,196.97,0.6556666666666667,23.56,0.3333333333333333,98.09166666666665,9.521666666666667,85.4125,73.64,0.35666666666666913,-2.1999999999999886,0.011333333333333306,-0.7716666666666612,0.788333333333334,0,0,0,0,0,0,0,1,1,False,False,False,False,False,True,1,low,"Check removal-rate drift, endpoint data, and process recipe inputs"
2026-01-15 09:00:00,CMP-01,345.08,227.08,20.39,13.01,203.81,4.151,0.653,24.11,0,96.26,11.45,0,normal,20.688333333333333,13.616666666666667,197.41666666666666,0.6298333333333334,23.791666666666668,0.3333333333333333,97.91333333333334,9.736666666666666,86.27,75.69333333333333,-0.298333333333332,6.393333333333345,0.02316666666666667,-1.653333333333336,1.713333333333333,0,0,0,0,0,0,0,1,1,False,False,False,False,False,True,1,low,"Check removal-rate drift, endpoint data, and process recipe inputs"
2026-01-15 10:00:00,CMP-01,348.66,225.48,22.33,13.73,201.63,4.228,0.707,22.75,2,98.62,9.17,0,warning,21.093333333333334,13.531666666666666,197.3033333333333,0.6448333333333333,23.798333333333332,0.5,97.97000000000001,9.71,87.165,75.16,1.2366666666666646,4.326666666666682,0.0621666666666667,0.6499999999999915,-0.5400000000000009,1,0,0,1,0,1,0,0,3,True,False,False,False,True,False,2,medium,"Check platen drive, carrier load, vibration source; Review recent alarms and tool event log"
2026-01-15 11:00:00,CMP-01,348.73,224.69,19.95,14.52,194.96,4.281,0.611,24.07,0,96.39,11.4,0,warning,20.689999999999998,13.881666666666668,197.95666666666668,0.6411666666666666,23.69,0.5,97.48,10.215,87.1825,74.89666666666666,-0.7399999999999984,-2.9966666666666697,-0.030166666666666564,-1.0900000000000034,1.1850000000000005,0,1,0,0,0,0,0,1,2,False,False,False,False,False,True,1,low,"Check removal-rate drift, endpoint data, and process recipe inputs"
2026-01-15 13:00:00,CMP-01,347.46,226.45,20.82,14.1,192.09,4.296,0.694,23.72,2,99.23,8.54,0,normal,20.581666666666667,13.735,196.8216666666667,0.6605,23.796666666666667,0.6666666666666666,97.96,9.775,86.865,75.48333333333332,0.23833333333333329,-4.731666666666683,0.033499999999999974,1.2700000000000102,-1.2350000000000012,0,0,0,0,0,1,0,0,1,False,False,False,False,True,False,1,low,Review recent alarms and tool event log
2026-01-15 14:00:00,CMP-01,349.09,228.46,20.52,13.81,191.59,4.282,0.621,24.11,0,97.21,10.59,0,normal,20.491666666666667,13.796666666666667,196.5583333333333,0.6658333333333333,23.786666666666665,0.6666666666666666,97.82666666666667,9.938333333333334,87.2725,76.15333333333334,0.028333333333332433,-4.968333333333305,-0.04483333333333328,-0.6166666666666742,0.6516666666666655,0,0,0,0,0,0,0,1,1,False,False,False,False,False,True,1,low,"Check removal-rate drift, endpoint data, and process recipe inputs"
2026-01-15 15:00:00,CMP-01,351.53,228.5,20.53,13.56,198.72,4.291,0.67,23.04,0,95.88,11.98,0,warning,20.515,13.888333333333334,195.71,0.6686666666666666,23.608333333333334,0.6666666666666666,97.76333333333334,10.026666666666666,87.8825,76.16666666666667,0.015000000000000568,3.009999999999991,0.0013333333333334085,-1.88333333333334,1.953333333333335,0,0,0,0,0,0,1,1,2,False,False,False,False,False,True,1,low,"Check removal-rate drift, endpoint data, and process recipe inputs"
2026-01-15 17:00:00,CMP-01,353.39,230.18,21.24,13.86,198.16,4.17,0.706,23.08,1,97.72,10.18,0,warning,20.2,14.103333333333332,195.87833333333333,0.678,23.548333333333332,0.5,97.86833333333334,9.951666666666666,88.3475,76.72666666666666,1.0399999999999991,2.2816666666666663,0.027999999999999914,-0.14833333333334053,0.2283333333333335,0,0,0,1,0,0,0,1,2,False,False,False,False,False,True,1,low,"Check removal-rate drift, endpoint data, and process recipe inputs"
2026-01-15 18:00:00,CMP-01,354.53,229.4,22.27,13.51,197.7,4.255,0.711,24.0,0,98.24,9.69,0,warning,20.755,14.086666666666666,196.28333333333333,0.6783333333333333,23.554999999999996,0.5,97.69999999999999,10.153333333333334,88.6325,76.46666666666667,1.5150000000000006,1.4166666666666572,0.03266666666666662,0.5400000000000063,-0.4633333333333347,1,0,0,1,0,0,0,0,2,True,False,False,False,False,False,1,low,"Check platen drive, carrier load, vibration source"
2026-01-15 19:00:00,CMP-01,354.46,230.26,19.4,13.54,194.39,4.226,0.613,23.01,0,96.83,11.1,0,normal,20.518333333333334,13.993333333333334,196.66666666666666,0.6648333333333333,23.436666666666667,0.16666666666666666,97.3,10.58,88.615,76.75333333333333,-1.1183333333333358,-2.276666666666671,-0.05183333333333329,-0.46999999999999886,0.5199999999999996,0,0,0,0,0,0,0,1,1,False,False,False,False,False,True,1,low,"Check removal-rate drift, endpoint data, and process recipe inputs"
2026-01-15 20:00:00,CMP-01,355.93,229.33,21.9,14.08,197.93,4.19,0.615,23.76,1,96.02,11.94,0,normal,20.74833333333333,14.038333333333334,197.72333333333333,0.6638333333333334,23.37833333333333,0.3333333333333333,97.10166666666667,10.805,88.9825,76.44333333333334,1.1516666666666673,0.20666666666667766,-0.048833333333333395,-1.0816666666666777,1.1349999999999998,0,0,0,0,0,0,0,1,1,False,False,False,False,False,True,1,low,"Check removal-rate drift, endpoint data, and process recipe inputs"
2026-01-15 21:00:00,CMP-01,357.37,231.52,20.54,14.12,190.42,4.164,0.736,22.73,0,96.53,11.47,0,warning,20.75,14.131666666666666,196.34,0.6748333333333333,23.326666666666668,0.3333333333333333,97.21,10.719999999999999,89.3425,77.17333333333333,-0.21000000000000085,-5.920000000000016,0.0611666666666667,-0.6799999999999926,0.7500000000000018,0,0,0,1,0,0,0,1,2,False,False,False,False,False,True,1,low,"Check removal-rate drift, endpoint data, and process recipe inputs"
2026-01-15 22:00:00,CMP-01,357.85,230.99,22.89,14.34,196.31,4.16,0.692,23.42,0,96.09,11.92,0,warning,21.37333333333333,13.908333333333333,195.81833333333336,0.6788333333333334,23.333333333333332,0.3333333333333333,96.90500000000002,11.049999999999999,89.4625,76.99666666666667,1.5166666666666693,0.4916666666666458,0.013166666666666549,-0.8150000000000119,0.870000000000001,1,0,0,0,0,0,0,1,2,False,False,False,False,False,True,1,low,"Check removal-rate drift, endpoint data, and process recipe inputs"
2026-01-16 00:00:00,CMP-01,363.37,232.85,20.99,13.1,201.0,4.101,0.718,23.49,1,96.42,11.72,0,warning,21.188333333333333,13.863333333333332,197.005,0.6811666666666666,23.281666666666666,0.5,96.895,11.121666666666668,90.8425,77.61666666666667,-0.19833333333333414,3.9950000000000045,0.036833333333333385,-0.4749999999999943,0.5983333333333327,0,0,0,1,1,0,0,1,3,False,False,True,False,False,True,2,medium,"Inspect pad life, conditioner performance, retaining ring; Check removal-rate drift, endpoint data, and process recipe inputs"
2026-01-16 01:00:00,CMP-01,362.07,234.77,21.99,14.26,193.97,4.242,0.774,23.65,0,95.99,12.12,0,maintenance_needed,21.62,13.983333333333333,196.93499999999997,0.7080000000000001,23.388333333333335,0.5,96.755,11.291666666666666,90.5175,78.25666666666667,0.36999999999999744,-2.964999999999975,0.06599999999999995,-0.7650000000000006,0.8283333333333331,0,0,0,1,1,0,1,1,4,False,False,True,False,False,True,2,medium,"Inspect pad life, conditioner performance, retaining ring; Check removal-rate drift, endpoint data, and process recipe inputs"
2026-01-16 02:00:00,CMP-01,362.1,235.84,21.53,13.76,194.49,4.198,0.638,23.43,1,96.71,11.4,0,warning,21.558333333333334,13.93,196.36166666666665,0.7118333333333333,23.333333333333332,0.5,96.87,11.201666666666666,90.525,78.61333333333333,-0.028333333333332433,-1.8716666666666413,-0.0738333333333333,-0.1600000000000108,0.19833333333333414,0,0,0,0,1,0,0,1,2,False,False,False,False,False,True,1,low,"Check removal-rate drift, endpoint data, and process recipe inputs"
2026-01-16 03:00:00,CMP-01,359.96,234.25,20.58,13.74,201.58,4.208,0.746,23.38,0,96.05,12.01,0,warning,21.564999999999998,13.866666666666667,198.22166666666666,0.7135000000000001,23.441666666666666,0.5,96.79,11.291666666666666,89.99,78.08333333333334,-0.9849999999999994,3.3583333333333485,0.03249999999999986,-0.7400000000000091,0.7183333333333337,0,0,0,1,0,0,0,1,2,False,False,False,False,False,True,1,low,"Check removal-rate drift, endpoint data, and process recipe inputs"
2026-01-16 04:00:00,CMP-01,364.7,235.62,21.74,13.09,202.73,4.227,0.664,22.14,1,96.78,11.39,0,warning,21.37333333333333,13.658333333333333,199.29166666666666,0.7088333333333333,23.228333333333335,0.6666666666666666,96.90500000000002,11.203333333333333,91.175,78.53999999999999,0.36666666666666714,3.4383333333333326,-0.04483333333333328,-0.1250000000000142,0.18666666666666742,0,0,0,0,1,0,0,1,2,False,False,True,False,False,True,2,medium,"Inspect pad life, conditioner performance, retaining ring; Check removal-rate drift, endpoint data, and process recipe inputs"
2026-01-16 05:00:00,CMP-01,361.5,236.12,20.69,13.59,189.89,4.258,0.732,24.32,1,96.28,11.82,0,maintenance_needed,21.253333333333334,13.589999999999998,197.27666666666667,0.7120000000000001,23.401666666666667,0.6666666666666666,96.37166666666667,11.743333333333334,90.375,78.70666666666666,-0.5633333333333326,-7.3866666666666845,0.019999999999999907,-0.09166666666666856,0.07666666666666622,0,0,1,1,1,0,0,1,4,False,True,True,False,False,True,3,high,"Inspect slurry delivery flow, filters, and lines; Inspect pad life, conditioner performance, retaining ring; Check removal-rate drift, endpoint data, and process recipe inputs"
2026-01-16 06:00:00,CMP-01,363.46,238.8,19.71,13.53,193.97,4.153,0.768,23.13,0,96.1,12.04,0,warning,21.040000000000003,13.661666666666667,196.10500000000002,0.7203333333333334,23.34166666666667,0.5,96.31833333333333,11.796666666666667,90.865,79.60000000000001,-1.3300000000000018,-2.1350000000000193,0.047666666666666635,-0.2183333333333337,0.2433333333333323,0,0,0,1,1,0,0,1,3,False,False,True,False,False,True,2,medium,"Inspect pad life, conditioner performance, retaining ring; Check removal-rate drift, endpoint data, and process recipe inputs"
2026-01-16 07:00:00,CMP-01,368.54,240.6,22.88,14.02,196.09,4.191,0.647,23.46,0,96.27,11.99,0,warning,21.188333333333333,13.621666666666668,196.45833333333334,0.6991666666666667,23.31,0.5,96.365,11.774999999999999,92.135,80.19999999999999,1.6916666666666664,-0.3683333333333394,-0.052166666666666694,-0.09499999999999886,0.21500000000000163,1,0,0,0,1,0,0,1,3,False,False,False,False,False,True,1,low,"Check removal-rate drift, endpoint data, and process recipe inputs"
2026-01-16 08:00:00,CMP-01,369.27,240.22,21.0,13.18,199.96,4.071,0.737,23.06,1,98.22,10.05,0,warning,21.099999999999998,13.524999999999999,197.37,0.7156666666666668,23.248333333333335,0.5,96.61666666666666,11.549999999999999,92.3175,80.07333333333332,-0.09999999999999787,2.5900000000000034,0.021333333333333204,1.6033333333333388,-1.4999999999999982,0,0,0,1,1,0,0,1,3,False,False,True,False,False,True,2,medium,"Inspect pad life, conditioner performance, retaining ring; Check removal-rate drift, endpoint data, and process recipe inputs"
2026-01-16 09:00:00,CMP-01,368.73,239.43,20.78,14.07,191.76,4.022,0.702,24.33,1,96.69,11.58,0,warning,21.133333333333336,13.58,195.73333333333335,0.7083333333333334,23.406666666666666,0.6666666666666666,96.72333333333334,11.478333333333333,92.1825,79.81,-0.3533333333333353,-3.9733333333333576,-0.006333333333333413,-0.03333333333334565,0.10166666666666657,0,0,0,1,1,0,0,1,3,False,False,True,False,False,True,2,medium,"Inspect pad life, conditioner performance, retaining ring; Check removal-rate drift, endpoint data, and process recipe inputs"
2026-01-16 10:00:00,CMP-01,366.92,242.26,21.49,14.09,197.9,4.045,0.696,22.98,1,95.27,12.95,0,warning,21.091666666666665,13.746666666666664,194.9283333333333,0.7136666666666667,23.546666666666667,0.6666666666666666,96.47166666666665,11.738333333333335,91.73,80.75333333333333,0.39833333333333343,2.9716666666666924,-0.01766666666666672,-1.2016666666666538,1.2116666666666642,0,0,0,0,1,0,1,1,3,False,False,True,False,False,True,2,medium,"Inspect pad life, conditioner performance, retaining ring; Check removal-rate drift, endpoint data, and process recipe inputs"
2026-01-16 11:00:00,CMP-01,370.33,239.33,20.05,13.39,193.75,4.323,0.722,24.0,0,95.79,12.52,0,maintenance_needed,20.985,13.713333333333331,195.5716666666667,0.7120000000000001,23.49333333333333,0.5,96.39,11.854999999999999,92.5825,79.77666666666667,-0.9349999999999987,-1.8216666666666868,0.009999999999999898,-0.5999999999999943,0.6650000000000009,0,0,0,1,1,0,1,1,4,False,False,True,False,False,True,2,medium,"Inspect pad life, conditioner performance, retaining ring; Check removal-rate drift, endpoint data, and process recipe inputs"
2026-01-16 12:00:00,CMP-01,370.78,243.6,20.23,13.7,204.45,4.054,0.669,24.48,0,97.94,10.37,0,warning,21.071666666666665,13.741666666666667,197.31833333333336,0.6955,23.718333333333334,0.5,96.69666666666666,11.576666666666666,92.695,81.19999999999999,-0.841666666666665,7.131666666666632,-0.026499999999999968,1.2433333333333394,-1.206666666666667,0,0,0,0,1,0,0,1,2,False,False,True,False,False,True,2,medium,"Inspect pad life, conditioner performance, retaining ring; Check removal-rate drift, endpoint data, and process recipe inputs"
2026-01-16 13:00:00,CMP-01,374.15,241.66,20.99,13.61,196.28,4.238,0.682,24.85,0,95.54,12.85,0,warning,20.756666666666664,13.673333333333332,197.35,0.7013333333333334,23.95,0.5,96.575,11.719999999999999,93.5375,80.55333333333333,0.23333333333333428,-1.0699999999999932,-0.019333333333333313,-1.0349999999999966,1.1300000000000008,0,0,0,0,1,0,1,1,3,False,False,True,False,False,True,2,medium,"Inspect pad life, conditioner performance, retaining ring; Check removal-rate drift, endpoint data, and process recipe inputs"
2026-01-16 14:00:00,CMP-01,378.06,239.76,21.07,14.72,193.6,4.318,0.773,24.57,0,95.94,12.54,0,maintenance_needed,20.768333333333334,13.93,196.29,0.7073333333333333,24.201666666666668,0.3333333333333333,96.195,12.135,94.515,79.92,0.30166666666666586,-2.6899999999999977,0.06566666666666676,-0.25499999999999545,0.40499999999999936,0,1,0,1,1,0,1,1,5,False,False,True,False,False,True,2,medium,"Inspect pad life, conditioner performance, retaining ring; Check removal-rate drift, endpoint data, and process recipe inputs"
2026-01-16 15:00:00,CMP-01,375.39,246.93,21.48,12.62,193.08,4.163,0.775,24.14,0,95.92,12.5,0,maintenance_needed,20.885,13.688333333333333,196.51,0.7195,24.17,0.16666666666666666,96.06666666666666,12.288333333333334,93.8475,82.31,0.5949999999999989,-3.4299999999999784,0.055499999999999994,-0.14666666666666117,0.211666666666666,0,0,0,1,1,0,1,1,4,False,False,True,False,False,True,2,medium,"Inspect pad life, conditioner performance, retaining ring; Check removal-rate drift, endpoint data, and process recipe inputs"
2026-01-16 16:00:00,CMP-01,374.6,246.29,22.3,13.92,198.75,4.33,0.703,22.86,0,97.04,11.36,0,maintenance_needed,21.02,13.660000000000002,196.65166666666664,0.7206666666666667,24.150000000000002,0.0,96.36166666666668,12.023333333333333,93.65,82.09666666666666,1.2800000000000011,2.0983333333333576,-0.01766666666666672,0.6783333333333275,-0.663333333333334,1,0,0,1,1,0,0,1,4,True,False,True,False,False,True,3,high,"Check platen drive, carrier load, vibration source; Inspect pad life, conditioner performance, retaining ring; Check removal-rate drift, endpoint data, and process recipe inputs"
2026-01-16 17:00:00,CMP-01,374.89,243.81,21.03,13.13,197.2,4.348,0.66,24.61,0,96.1,12.31,0,warning,21.183333333333334,13.616666666666667,197.22666666666666,0.7103333333333333,24.251666666666665,0.0,96.41333333333334,11.988333333333335,93.7225,81.27,-0.15333333333333243,-0.026666666666670835,-0.05033333333333323,-0.3133333333333468,0.32166666666666544,0,0,0,0,1,0,0,1,2,False,False,True,False,False,True,2,medium,"Inspect pad life, conditioner performance, retaining ring; Check removal-rate drift, endpoint data, and process recipe inputs"
2026-01-16 18:00:00,CMP-01,377.9,245.9,21.87,13.92,189.81,4.276,0.854,24.57,2,95.4,13.08,0,maintenance_needed,21.456666666666667,13.653333333333334,194.78666666666666,0.7411666666666666,24.266666666666666,0.3333333333333333,95.99000000000001,12.44,94.475,81.96666666666667,0.413333333333334,-4.9766666666666595,0.11283333333333334,-0.5900000000000034,0.6400000000000006,0,0,1,1,1,1,1,1,6,False,True,True,False,True,True,4,high,"Inspect slurry delivery flow, filters, and lines; Inspect pad life, conditioner performance, retaining ring; Review recent alarms and tool event log; Check removal-rate drift, endpoint data, and process recipe inputs"
2026-01-16 19:00:00,CMP-01,378.68,246.09,21.98,14.69,194.95,4.39,0.796,24.34,1,94.96,13.54,0,maintenance_needed,21.62166666666667,13.833333333333334,194.56500000000003,0.7601666666666667,24.18166666666667,0.5,95.89333333333333,12.555,94.67,82.03,0.35833333333333073,0.3849999999999625,0.035833333333333384,-0.9333333333333371,0.9849999999999994,0,1,0,1,1,0,1,1,5,False,False,True,False,False,True,2,medium,"Inspect pad life, conditioner performance, retaining ring; Check removal-rate drift, endpoint data, and process recipe inputs"
2026-01-16 20:00:00,CMP-01,377.93,247.12,20.61,13.8,188.78,4.25,0.758,24.3,2,95.88,12.6,0,maintenance_needed,21.545,13.68,193.76166666666666,0.7576666666666667,24.136666666666667,0.8333333333333334,95.88333333333333,12.565,94.4825,82.37333333333333,-0.9350000000000023,-4.981666666666655,0.0003333333333332966,-0.0033333333333303017,0.03500000000000014,0,0,1,1,1,1,1,1,6,False,True,True,False,True,True,4,high,"Inspect slurry delivery flow, filters, and lines; Inspect pad life, conditioner performance, retaining ring; Review recent alarms and tool event log; Check removal-rate drift, endpoint data, and process recipe inputs"
2026-01-16 21:00:00,CMP-01,381.21,245.87,21.74,14.31,190.77,4.142,0.698,23.83,0,94.41,14.15,0,warning,21.588333333333335,13.961666666666666,193.37666666666667,0.7448333333333332,24.084999999999997,0.8333333333333334,95.63166666666666,12.839999999999998,95.3025,81.95666666666666,0.15166666666666373,-2.606666666666655,-0.04683333333333328,-1.221666666666664,1.3100000000000023,0,0,0,0,1,0,1,1,3,False,False,True,False,False,True,2,medium,"Inspect pad life, conditioner performance, retaining ring; Check removal-rate drift, endpoint data, and process recipe inputs"
2026-01-16 22:00:00,CMP-01,379.93,247.48,20.77,13.7,188.75,4.242,0.716,23.41,1,97.32,11.21,0,maintenance_needed,21.333333333333332,13.924999999999999,191.71,0.747,24.176666666666666,1.0,95.67833333333333,12.815,94.9825,82.49333333333333,-0.5633333333333326,-2.960000000000008,-0.031000000000000028,1.6416666666666657,-1.6049999999999986,0,0,1,1,1,0,0,1,4,False,True,True,False,False,True,3,high,"Inspect slurry delivery flow, filters, and lines; Inspect pad life, conditioner performance, retaining ring; Check removal-rate drift, endpoint data, and process recipe inputs"
2026-01-16 23:00:00,CMP-01,385.0,249.51,22.5,15.44,188.08,4.165,0.771,24.58,3,95.02,13.63,0,maintenance_needed,21.578333333333333,14.31,190.18999999999997,0.7655,24.171666666666667,1.5,95.49833333333333,13.034999999999998,96.25,83.17,0.9216666666666669,-2.109999999999957,0.00550000000000006,-0.47833333333333883,0.5950000000000024,1,1,1,1,1,1,1,1,8,True,True,True,False,True,True,5,high,"Check platen drive, carrier load, vibration source; Inspect slurry delivery flow, filters, and lines; Inspect pad life, conditioner performance, retaining ring; Review recent alarms and tool event log; Check removal-rate drift, endpoint data, and process recipe inputs"
2026-01-17 00:00:00,CMP-01,385.91,249.87,22.03,14.84,190.55,4.096,0.714,24.73,0,94.94,13.73,0,maintenance_needed,21.605,14.463333333333333,190.31333333333336,0.7421666666666665,24.198333333333334,1.1666666666666667,95.42166666666667,13.143333333333333,96.4775,83.28999999999999,0.4250000000000007,0.23666666666665037,-0.028166666666666562,-0.48166666666666913,0.5866666666666678,1,1,0,1,1,0,1,1,6,True,False,True,False,False,True,3,high,"Check platen drive, carrier load, vibration source; Inspect pad life, conditioner performance, retaining ring; Check removal-rate drift, endpoint data, and process recipe inputs"
2026-01-17 01:00:00,CMP-01,386.95,251.69,21.71,14.98,189.27,4.098,0.843,23.12,1,95.92,12.77,0,maintenance_needed,21.560000000000002,14.511666666666668,189.36666666666667,0.75,23.995,1.1666666666666667,95.58166666666666,13.015,96.7375,83.89666666666666,0.14999999999999858,-0.09666666666666401,0.09299999999999997,0.33833333333333826,-0.245000000000001,0,1,1,1,1,0,1,1,6,False,True,True,False,False,True,3,high,"Inspect slurry delivery flow, filters, and lines; Inspect pad life, conditioner performance, retaining ring; Check removal-rate drift, endpoint data, and process recipe inputs"
2026-01-17 02:00:00,CMP-01,385.15,251.0,20.58,13.48,195.51,4.385,0.766,24.47,0,95.53,13.12,0,maintenance_needed,21.555000000000003,14.458333333333334,190.48833333333334,0.7513333333333333,24.02333333333333,0.8333333333333334,95.52333333333333,13.101666666666667,96.2875,83.66666666666667,-0.975000000000005,5.021666666666647,0.014666666666666717,0.006666666666674814,0.018333333333332646,0,0,0,1,1,0,1,1,4,False,False,True,False,False,True,2,medium,"Inspect pad life, conditioner performance, retaining ring; Check removal-rate drift, endpoint data, and process recipe inputs"
2026-01-17 03:00:00,CMP-01,387.93,254.37,21.81,13.66,196.3,4.157,0.786,24.03,0,95.64,13.07,0,maintenance_needed,21.566666666666663,14.350000000000001,191.41,0.766,24.05666666666667,0.8333333333333334,95.72833333333334,12.921666666666667,96.9825,84.78999999999999,0.24333333333333584,4.890000000000015,0.020000000000000018,-0.08833333333333826,0.14833333333333343,0,0,0,1,1,0,1,1,4,False,False,True,False,False,True,2,medium,"Inspect pad life, conditioner performance, retaining ring; Check removal-rate drift, endpoint data, and process recipe inputs"
2026-01-17 04:00:00,CMP-01,387.76,251.34,21.1,14.97,192.16,4.199,0.715,24.48,0,95.16,13.55,0,maintenance_needed,21.621666666666666,14.561666666666667,191.97833333333335,0.7658333333333333,24.235,0.6666666666666666,95.36833333333334,13.311666666666667,96.94,83.78,-0.5216666666666647,0.18166666666664355,-0.050833333333333286,-0.2083333333333428,0.23833333333333329,0,1,0,1,1,0,1,1,5,False,False,True,False,False,True,2,medium,"Inspect pad life, conditioner performance, retaining ring; Check removal-rate drift, endpoint data, and process recipe inputs"
2026-01-17 05:00:00,CMP-01,388.3,253.16,22.29,14.21,188.56,4.147,0.723,24.06,0,94.09,14.64,0,maintenance_needed,21.586666666666662,14.356666666666667,192.0583333333333,0.7578333333333332,24.14833333333333,0.16666666666666666,95.21333333333332,13.479999999999999,97.075,84.38666666666667,0.7033333333333367,-3.4983333333333064,-0.03483333333333327,-1.1233333333333206,1.160000000000002,1,0,1,1,1,0,1,1,6,True,True,True,False,False,True,4,high,"Check platen drive, carrier load, vibration source; Inspect slurry delivery flow, filters, and lines; Inspect pad life, conditioner performance, retaining ring; Check removal-rate drift, endpoint data, and process recipe inputs"
2026-01-17 06:00:00,CMP-01,389.39,251.2,21.65,14.19,196.17,4.212,0.731,24.66,2,94.42,14.33,0,maintenance_needed,21.52333333333333,14.248333333333333,192.995,0.7606666666666667,24.136666666666667,0.5,95.12666666666667,13.58,97.3475,83.73333333333332,0.1266666666666687,3.174999999999983,-0.02966666666666673,-0.7066666666666634,0.75,0,0,0,1,1,1,1,1,5,False,False,True,False,True,True,3,high,"Inspect pad life, conditioner performance, retaining ring; Review recent alarms and tool event log; Check removal-rate drift, endpoint data, and process recipe inputs"
2026-01-17 07:00:00,CMP-01,388.66,252.65,21.08,14.53,184.89,4.182,0.782,24.59,0,93.8,14.93,0,maintenance_needed,21.418333333333333,14.173333333333332,192.26500000000001,0.7505000000000001,24.381666666666664,0.3333333333333333,94.77333333333333,13.94,97.165,84.21666666666667,-0.3383333333333347,-7.375000000000028,0.03149999999999997,-0.9733333333333292,0.9900000000000002,0,1,1,1,1,0,1,1,6,False,True,True,False,False,True,3,high,"Inspect slurry delivery flow, filters, and lines; Inspect pad life, conditioner performance, retaining ring; Check removal-rate drift, endpoint data, and process recipe inputs"
2026-01-17 08:00:00,CMP-01,389.4,256.39,22.49,13.59,185.19,4.168,0.757,24.5,1,95.85,12.9,0,maintenance_needed,21.736666666666665,14.191666666666668,190.545,0.749,24.386666666666667,0.5,94.82666666666667,13.903333333333334,97.35,85.46333333333332,0.7533333333333339,-5.35499999999999,0.008000000000000007,1.0233333333333263,-1.0033333333333339,1,0,1,1,1,0,1,1,6,True,True,True,False,False,True,4,high,"Check platen drive, carrier load, vibration source; Inspect slurry delivery flow, filters, and lines; Inspect pad life, conditioner performance, retaining ring; Check removal-rate drift, endpoint data, and process recipe inputs"
2026-01-17 09:00:00,CMP-01,394.43,254.32,22.45,14.88,195.33,4.104,0.769,22.98,0,94.41,14.45,0,maintenance_needed,21.843333333333334,14.394999999999998,190.38333333333333,0.7461666666666668,24.21166666666667,0.5,94.62166666666667,14.133333333333335,98.6075,84.77333333333334,0.6066666666666656,4.946666666666687,0.02283333333333326,-0.2116666666666731,0.31666666666666465,1,1,0,1,1,0,1,1,6,True,False,True,False,False,True,3,high,"Check platen drive, carrier load, vibration source; Inspect pad life, conditioner performance, retaining ring; Check removal-rate drift, endpoint data, and process recipe inputs"
2026-01-17 10:00:00,CMP-01,393.66,256.74,21.38,14.42,195.13,4.088,0.797,24.51,1,94.69,14.16,0,maintenance_needed,21.89,14.303333333333333,190.87833333333333,0.7598333333333334,24.21666666666667,0.6666666666666666,94.54333333333334,14.235,98.415,85.58,-0.5100000000000016,4.251666666666665,0.03716666666666668,0.14666666666666117,-0.07499999999999929,0,0,0,1,1,0,1,1,4,False,False,True,False,False,True,2,medium,"Inspect pad life, conditioner performance, retaining ring; Check removal-rate drift, endpoint data, and process recipe inputs"
2026-01-17 11:00:00,CMP-01,395.39,256.68,22.82,14.72,196.22,4.141,0.797,23.99,0,94.64,14.26,0,maintenance_needed,21.978333333333335,14.388333333333334,192.15499999999997,0.7721666666666667,24.205,0.6666666666666666,94.63499999999999,14.171666666666667,98.8475,85.56,0.841666666666665,4.065000000000026,0.024833333333333374,0.005000000000009663,0.08833333333333293,1,1,0,1,1,0,1,1,6,True,False,True,False,False,True,3,high,"Check platen drive, carrier load, vibration source; Inspect pad life, conditioner performance, retaining ring; Check removal-rate drift, endpoint data, and process recipe inputs"
2026-01-17 12:00:00,CMP-01,397.8,256.15,21.71,14.07,191.19,4.224,0.866,23.2,0,95.4,13.55,0,maintenance_needed,21.98833333333333,14.368333333333334,191.32500000000002,0.7946666666666667,23.961666666666662,0.3333333333333333,94.79833333333333,14.041666666666666,99.45,85.38333333333333,-0.2783333333333289,-0.13500000000001933,0.07133333333333325,0.6016666666666737,-0.49166666666666536,0,0,0,1,1,0,1,1,4,False,False,True,False,False,True,2,medium,"Inspect pad life, conditioner performance, retaining ring; Check removal-rate drift, endpoint data, and process recipe inputs"
2026-01-17 13:00:00,CMP-01,393.88,257.63,21.61,14.72,187.4,4.367,0.772,24.43,1,96.75,12.11,0,maintenance_needed,22.076666666666668,14.4,191.74333333333334,0.793,23.935,0.5,95.29,13.571666666666667,98.47,85.87666666666667,-0.46666666666666856,-4.343333333333334,-0.02100000000000002,1.4599999999999937,-1.4616666666666678,0,1,1,1,1,0,0,1,5,False,True,True,False,False,True,3,high,"Inspect slurry delivery flow, filters, and lines; Inspect pad life, conditioner performance, retaining ring; Check removal-rate drift, endpoint data, and process recipe inputs"
2026-01-17 14:00:00,CMP-01,396.59,258.08,22.02,14.03,190.14,4.285,0.739,23.02,1,93.55,15.37,0,maintenance_needed,21.998333333333335,14.473333333333334,192.5683333333333,0.79,23.688333333333333,0.5,94.90666666666665,13.983333333333333,99.1475,86.02666666666666,0.021666666666664725,-2.4283333333333132,-0.051000000000000045,-1.356666666666655,1.3866666666666667,1,0,0,1,1,0,1,1,5,True,False,True,False,False,True,3,high,"Check platen drive, carrier load, vibration source; Inspect pad life, conditioner performance, retaining ring; Check removal-rate drift, endpoint data, and process recipe inputs"
2026-01-17 15:00:00,CMP-01,399.32,258.77,21.38,15.06,194.17,4.347,0.796,24.63,1,95.39,13.6,0,maintenance_needed,21.820000000000004,14.503333333333336,192.375,0.7945000000000001,23.963333333333335,0.6666666666666666,95.07,13.841666666666667,99.83,86.25666666666666,-0.44000000000000483,1.7949999999999875,0.0014999999999999458,0.3200000000000074,-0.24166666666666714,0,1,0,1,1,0,1,1,5,False,False,True,False,False,True,2,medium,"Inspect pad life, conditioner performance, retaining ring; Check removal-rate drift, endpoint data, and process recipe inputs"
2026-01-17 16:00:00,CMP-01,400.71,260.9,21.66,15.19,188.67,4.24,0.872,25.2,0,94.39,14.63,0,maintenance_needed,21.866666666666664,14.631666666666668,191.29833333333332,0.8069999999999999,24.078333333333333,0.5,95.02,13.92,100.0,86.96666666666665,-0.20666666666666345,-2.6283333333333303,0.06500000000000006,-0.6299999999999955,0.7100000000000009,0,1,1,1,1,0,1,1,6,False,True,True,False,False,True,3,high,"Inspect slurry delivery flow, filters, and lines; Inspect pad life, conditioner performance, retaining ring; Check removal-rate drift, endpoint data, and process recipe inputs"
2026-01-17 17:00:00,CMP-01,400.32,261.43,21.88,15.05,188.97,4.194,0.772,23.66,0,93.96,15.05,0,maintenance_needed,21.709999999999997,14.686666666666667,190.09,0.8028333333333334,24.02333333333333,0.5,94.90666666666668,14.051666666666668,100.0,87.14333333333335,0.1700000000000017,-1.1200000000000045,-0.03083333333333338,-0.9466666666666868,0.9983333333333331,0,1,1,1,1,0,1,1,6,False,True,True,False,False,True,3,high,"Inspect slurry delivery flow, filters, and lines; Inspect pad life, conditioner performance, retaining ring; Check removal-rate drift, endpoint data, and process recipe inputs"
2026-01-17 18:00:00,CMP-01,403.85,260.61,23.31,14.87,185.81,4.095,0.811,24.7,0,94.43,14.66,0,maintenance_needed,21.976666666666663,14.82,189.1933333333333,0.7936666666666667,24.27333333333333,0.5,94.745,14.236666666666665,100.0,86.87,1.3333333333333357,-3.3833333333332973,0.01733333333333331,-0.3149999999999977,0.42333333333333556,1,1,1,1,1,0,1,1,7,True,True,True,False,False,True,4,high,"Check platen drive, carrier load, vibration source; Inspect slurry delivery flow, filters, and lines; Inspect pad life, conditioner performance, retaining ring; Check removal-rate drift, endpoint data, and process recipe inputs"
2026-01-17 19:00:00,CMP-01,403.38,260.86,23.28,14.93,186.79,4.201,0.79,24.37,0,92.53,16.55,0,maintenance_needed,22.255,14.854999999999999,189.09166666666667,0.7966666666666667,24.263333333333332,0.3333333333333333,94.04166666666667,14.976666666666667,100.0,86.95333333333333,1.0250000000000021,-2.3016666666666765,-0.00666666666666671,-1.5116666666666703,1.5733333333333341,1,1,1,1,1,0,1,1,7,True,True,True,False,False,True,4,high,"Check platen drive, carrier load, vibration source; Inspect slurry delivery flow, filters, and lines; Inspect pad life, conditioner performance, retaining ring; Check removal-rate drift, endpoint data, and process recipe inputs"
2026-01-17 20:00:00,CMP-01,401.82,262.94,21.84,12.9,195.02,4.03,0.823,24.49,1,95.64,13.4,0,maintenance_needed,22.224999999999998,14.666666666666666,189.90499999999997,0.8106666666666666,24.50833333333333,0.3333333333333333,94.39,14.648333333333333,100.0,87.64666666666666,-0.384999999999998,5.1150000000000375,0.012333333333333307,1.25,-1.248333333333333,0,0,0,1,1,0,1,1,4,False,False,True,False,False,True,2,medium,"Inspect pad life, conditioner performance, retaining ring; Check removal-rate drift, endpoint data, and process recipe inputs"
2026-01-17 21:00:00,CMP-01,403.32,263.13,23.37,15.05,193.29,4.177,0.82,23.11,2,94.74,14.34,0,maintenance_needed,22.55666666666667,14.665,189.75833333333333,0.8146666666666667,24.255,0.5,94.28166666666665,14.771666666666667,100.0,87.71,0.8133333333333326,3.5316666666666663,0.005333333333333301,0.4583333333333428,-0.43166666666666664,1,1,0,1,1,1,1,1,7,True,False,True,False,True,True,4,high,"Check platen drive, carrier load, vibration source; Inspect pad life, conditioner performance, retaining ring; Review recent alarms and tool event log; Check removal-rate drift, endpoint data, and process recipe inputs"
2026-01-17 22:00:00,CMP-01,407.45,265.13,22.14,14.45,186.37,4.332,0.778,24.52,0,92.59,16.58,0,maintenance_needed,22.636666666666667,14.541666666666666,189.375,0.7989999999999999,24.141666666666666,0.5,93.98166666666667,15.096666666666666,100.0,88.37666666666667,-0.49666666666666615,-3.0049999999999955,-0.020999999999999908,-1.3916666666666657,1.4833333333333325,1,0,1,1,1,0,1,1,6,True,True,True,False,False,True,4,high,"Check platen drive, carrier load, vibration source; Inspect slurry delivery flow, filters, and lines; Inspect pad life, conditioner performance, retaining ring; Check removal-rate drift, endpoint data, and process recipe inputs"
2026-01-17 23:00:00,CMP-01,407.83,267.74,22.49,14.67,186.65,4.228,0.808,24.2,2,95.51,13.67,0,maintenance_needed,22.738333333333333,14.478333333333333,188.98833333333334,0.805,24.231666666666666,0.8333333333333334,94.24000000000001,14.866666666666667,100.0,89.24666666666667,-0.24833333333333485,-2.3383333333333383,0.0030000000000000027,1.269999999999996,-1.1966666666666672,1,1,1,1,1,1,1,1,8,True,True,True,False,True,True,5,high,"Check platen drive, carrier load, vibration source; Inspect slurry delivery flow, filters, and lines; Inspect pad life, conditioner performance, retaining ring; Review recent alarms and tool event log; Check removal-rate drift, endpoint data, and process recipe inputs"
2026-01-18 00:00:00,CMP-01,404.58,266.21,22.81,14.4,189.08,4.292,0.857,24.58,0,95.04,14.07,0,maintenance_needed,22.655,14.399999999999999,189.53333333333333,0.8126666666666665,24.211666666666662,0.8333333333333334,94.34166666666668,14.76833333333333,100.0,88.73666666666666,0.15499999999999758,-0.45333333333331893,0.04433333333333345,0.6983333333333235,-0.6983333333333306,1,0,1,1,1,0,1,1,6,True,True,True,False,False,True,4,high,"Check platen drive, carrier load, vibration source; Inspect slurry delivery flow, filters, and lines; Inspect pad life, conditioner performance, retaining ring; Check removal-rate drift, endpoint data, and process recipe inputs"
2026-01-18 01:00:00,CMP-01,411.43,265.81,22.5,13.83,192.81,4.171,0.882,24.15,0,95.33,13.94,0,maintenance_needed,22.524999999999995,14.216666666666669,190.53666666666666,0.828,24.174999999999997,0.8333333333333334,94.80833333333334,14.333333333333334,100.0,88.60333333333334,-0.024999999999995026,2.2733333333333405,0.05400000000000005,0.5216666666666612,-0.3933333333333344,1,0,0,1,1,0,1,1,5,True,False,True,False,False,True,3,high,"Check platen drive, carrier load, vibration source; Inspect pad life, conditioner performance, retaining ring; Check removal-rate drift, endpoint data, and process recipe inputs"
2026-01-18 02:00:00,CMP-01,411.08,266.29,24.19,14.34,185.95,4.091,0.873,24.91,0,91.85,17.41,0,maintenance_needed,22.916666666666668,14.456666666666665,189.025,0.8363333333333335,24.245,0.6666666666666666,94.17666666666666,15.001666666666667,100.0,88.76333333333334,1.2733333333333334,-3.075000000000017,0.036666666666666514,-2.326666666666668,2.408333333333333,1,0,1,1,1,0,1,1,6,True,True,True,False,False,True,4,high,"Check platen drive, carrier load, vibration source; Inspect slurry delivery flow, filters, and lines; Inspect pad life, conditioner performance, retaining ring; Check removal-rate drift, endpoint data, and process recipe inputs"
2026-01-18 03:00:00,CMP-01,413.42,266.12,22.51,15.09,189.72,4.163,0.876,24.36,0,93.36,15.95,0,maintenance_needed,22.77333333333333,14.463333333333333,188.42999999999998,0.8456666666666667,24.453333333333333,0.3333333333333333,93.94666666666666,15.270000000000001,100.0,88.70666666666666,-0.2633333333333283,1.2900000000000205,0.030333333333333323,-0.5866666666666589,0.6799999999999979,1,1,1,1,1,0,1,1,7,True,True,True,False,False,True,4,high,"Check platen drive, carrier load, vibration source; Inspect slurry delivery flow, filters, and lines; Inspect pad life, conditioner performance, retaining ring; Check removal-rate drift, endpoint data, and process recipe inputs"
2026-01-18 04:00:00,CMP-01,411.31,266.71,21.31,15.52,182.01,4.17,0.812,24.62,0,92.57,16.69,0,maintenance_needed,22.635,14.641666666666666,187.70333333333335,0.8513333333333334,24.47,0.3333333333333333,93.94333333333333,15.288333333333334,100.0,88.90333333333332,-1.3250000000000028,-5.6933333333333564,-0.03933333333333333,-1.3733333333333348,1.4016666666666673,0,1,1,1,1,0,1,1,6,False,True,True,False,False,True,3,high,"Inspect slurry delivery flow, filters, and lines; Inspect pad life, conditioner performance, retaining ring; Check removal-rate drift, endpoint data, and process recipe inputs"
2026-01-18 05:00:00,CMP-01,412.47,267.25,23.34,14.31,185.45,4.298,0.813,25.11,0,94.08,15.21,0,maintenance_needed,22.776666666666667,14.581666666666665,187.50333333333333,0.8521666666666666,24.621666666666666,0.0,93.705,15.545,100.0,89.08333333333334,0.5633333333333326,-2.0533333333333417,-0.03916666666666668,0.375,-0.3349999999999991,1,0,1,1,1,0,1,1,6,True,True,True,False,False,True,4,high,"Check platen drive, carrier load, vibration source; Inspect slurry delivery flow, filters, and lines; Inspect pad life, conditioner performance, retaining ring; Check removal-rate drift, endpoint data, and process recipe inputs"
2026-01-18 06:00:00,CMP-01,411.97,268.63,21.95,14.13,192.24,4.36,0.876,24.28,0,95.47,13.81,0,maintenance_needed,22.633333333333336,14.536666666666667,188.03,0.8553333333333334,24.57166666666667,0.0,93.77666666666666,15.501666666666667,100.0,89.54333333333334,-0.6833333333333371,4.210000000000008,0.02066666666666661,1.6933333333333422,-1.6916666666666664,0,0,0,1,1,0,1,1,4,False,False,True,False,False,True,2,medium,"Inspect pad life, conditioner performance, retaining ring; Check removal-rate drift, endpoint data, and process recipe inputs"
2026-01-20 23:00:00,CMP-01,64.44,41.74,18.57,11.96,214.62,3.953,0.298,21.95,0,105.09,0.09,0,normal,18.281666666666666,12.378333333333332,213.23166666666665,0.33966666666666673,22.23166666666667,0.16666666666666666,105.005,0.38833333333333336,16.11,13.913333333333334,0.288333333333334,1.3883333333333496,-0.04166666666666674,0.08500000000000796,-0.29833333333333334,0,0,0,0,0,0,0,0,0,False,False,False,True,False,False,1,low,Verify downforce pressure control and sensor calibration
2026-01-21 13:00:00,CMP-01,80.5,50.11,18.53,11.71,210.15,4.404,0.381,23.1,0,102.92,2.08,0,normal,18.32166666666667,11.795,208.31500000000003,0.3345,22.403333333333336,0.0,104.79,1.5,20.125,16.703333333333333,0.20833333333333215,1.8349999999999795,0.046499999999999986,-1.8700000000000045,0.5800000000000001,0,0,0,0,0,0,0,0,0,False,False,False,True,False,False,1,low,Verify downforce pressure control and sensor calibration
2026-01-24 22:00:00,CMP-01,156.31,101.62,17.73,12.55,213.06,3.941,0.371,22.14,0,106.43,1.43,0,normal,17.426666666666666,12.115,212.22500000000002,0.36450000000000005,21.911666666666665,0.0,105.41666666666667,1.3733333333333333,39.0775,33.873333333333335,0.30333333333333456,0.8349999999999795,0.00649999999999995,1.0133333333333354,0.05666666666666664,0,0,0,0,0,0,0,0,0,False,False,False,True,False,False,1,low,Verify downforce pressure control and sensor calibration
2026-01-30 11:00:00,CMP-01,293.02,191.03,17.96,13.04,202.59,4.18,0.47,22.16,2,99.94,6.54,0,normal,18.883333333333336,13.001666666666665,203.34666666666666,0.49849999999999994,23.163333333333338,0.3333333333333333,100.86500000000001,5.566666666666666,73.255,63.67666666666667,-0.9233333333333356,-0.7566666666666606,-0.02849999999999997,-0.9250000000000114,0.9733333333333336,0,0,0,0,0,1,0,0,1,False,False,False,False,True,False,1,low,Review recent alarms and tool event log
2026-02-01 02:00:00,CMP-01,332.27,215.17,21.2,14.14,195.34,4.116,0.645,22.77,1,96.98,10.43,0,normal,20.328333333333333,13.518333333333333,198.98166666666668,0.6156666666666667,22.723333333333333,0.3333333333333333,98.87,8.478333333333333,83.0675,71.72333333333333,0.8716666666666661,-3.64166666666668,0.029333333333333322,-1.8900000000000006,1.9516666666666662,0,0,0,0,0,0,0,1,1,False,False,False,False,False,True,1,low,"Check removal-rate drift, endpoint data, and process recipe inputs"
2026-02-01 06:00:00,CMP-01,334.88,217.23,19.39,13.86,199.26,4.311,0.566,23.16,0,97.45,10.01,0,normal,20.171666666666667,13.401666666666669,198.17333333333332,0.6181666666666666,22.896666666666665,0.16666666666666666,98.63333333333333,8.795,83.72,72.41,-0.7816666666666663,1.086666666666673,-0.052166666666666694,-1.183333333333323,1.2149999999999999,0,0,0,0,0,0,0,1,1,False,False,False,False,False,True,1,low,"Check removal-rate drift, endpoint data, and process recipe inputs"
2026-02-01 07:00:00,CMP-01,335.48,217.92,21.41,14.16,199.42,4.309,0.571,22.49,3,98.33,9.16,0,normal,20.375,13.558333333333335,197.82500000000002,0.5989999999999999,22.816666666666666,0.6666666666666666,98.35166666666667,9.091666666666667,83.87,72.63999999999999,1.0350000000000001,1.5949999999999704,-0.027999999999999914,-0.021666666666675383,0.06833333333333336,0,0,0,0,0,1,0,0,1,False,False,False,False,True,False,1,low,Review recent alarms and tool event log
2026-02-01 09:00:00,CMP-01,337.22,220.07,19.31,13.61,203.95,4.419,0.657,22.26,0,97.49,10.03,0,normal,20.278333333333332,13.641666666666667,200.85333333333332,0.609,23.076666666666668,0.5,98.57333333333332,8.913333333333334,84.305,73.35666666666665,-0.9683333333333337,3.096666666666664,0.04800000000000004,-1.0833333333333286,1.1166666666666654,0,0,0,0,0,0,0,1,1,False,False,False,True,False,True,2,medium,"Verify downforce pressure control and sensor calibration; Check removal-rate drift, endpoint data, and process recipe inputs"
2026-02-01 14:00:00,CMP-01,342.87,221.31,20.09,13.76,203.64,4.099,0.595,22.91,0,96.6,11.06,0,normal,20.116666666666667,13.598333333333334,200.17999999999998,0.625,23.041666666666668,0.0,97.86333333333334,9.738333333333333,85.7175,73.77,-0.026666666666667282,3.460000000000008,-0.030000000000000027,-1.2633333333333496,1.3216666666666672,0,0,0,0,0,0,0,1,1,False,False,False,False,False,True,1,low,"Check removal-rate drift, endpoint data, and process recipe inputs"
2026-02-01 15:00:00,CMP-01,343.57,222.18,21.44,14.12,204.45,4.204,0.698,23.19,0,96.89,10.78,0,normal,20.471666666666668,13.683333333333332,200.26333333333332,0.6318333333333334,23.19666666666667,0.0,97.76333333333334,9.863333333333333,85.8925,74.06,0.9683333333333337,4.186666666666667,0.0661666666666666,-0.8733333333333348,0.9166666666666661,0,0,0,0,0,0,0,1,1,False,False,False,False,False,True,1,low,"Check removal-rate drift, endpoint data, and process recipe inputs"
2026-02-01 17:00:00,CMP-01,347.27,223.74,21.54,13.13,196.58,4.222,0.688,22.41,0,97.26,10.5,0,normal,20.68166666666667,13.729999999999999,200.34666666666666,0.6493333333333333,23.30666666666667,0.0,97.77333333333333,9.918333333333333,86.8175,74.58,0.8583333333333307,-3.7666666666666515,0.03866666666666663,-0.5133333333333212,0.581666666666667,0,0,0,0,0,0,0,1,1,False,False,False,False,False,True,1,low,"Check removal-rate drift, endpoint data, and process recipe inputs"
2026-02-01 20:00:00,CMP-01,350.65,228.09,20.41,13.16,193.39,4.133,0.678,23.64,1,95.73,12.11,0,warning,20.945,13.776666666666666,197.07666666666668,0.6571666666666666,23.421666666666667,0.16666666666666666,97.63666666666667,10.108333333333333,87.6625,76.03,-0.5350000000000001,-3.686666666666696,0.02083333333333348,-1.9066666666666663,2.001666666666667,0,0,0,0,0,0,1,1,2,False,False,False,False,False,True,1,low,"Check removal-rate drift, endpoint data, and process recipe inputs"
2026-02-01 22:00:00,CMP-01,351.22,227.79,19.93,12.91,200.66,4.18,0.678,23.53,0,96.73,11.12,0,normal,20.738333333333333,13.461666666666666,196.46,0.6683333333333333,23.326666666666668,0.16666666666666666,97.52333333333333,10.268333333333333,87.805,75.92999999999999,-0.8083333333333336,4.199999999999989,0.009666666666666712,-0.7933333333333223,0.8516666666666666,0,0,0,0,0,0,0,1,1,False,False,False,False,False,True,1,low,"Check removal-rate drift, endpoint data, and process recipe inputs"
2026-02-01 23:00:00,CMP-01,354.8,227.5,21.4,13.84,195.07,4.222,0.638,23.65,0,97.54,10.4,0,normal,20.715,13.58,196.20833333333334,0.66,23.53333333333333,0.16666666666666666,97.57000000000001,10.251666666666667,88.7,75.83333333333333,0.6849999999999987,-1.1383333333333496,-0.02200000000000002,-0.030000000000001137,0.14833333333333343,0,0,0,0,0,0,0,1,1,False,False,False,False,False,True,1,low,"Check removal-rate drift, endpoint data, and process recipe inputs"
2026-02-02 02:00:00,CMP-01,354.06,232.1,21.95,14.15,191.48,4.2,0.681,23.32,0,96.92,11.0,0,normal,21.325,13.706666666666665,195.7266666666667,0.656,23.511666666666667,0.0,97.98166666666667,9.906666666666666,88.515,77.36666666666666,0.625,-4.246666666666698,0.025000000000000022,-1.0616666666666674,1.0933333333333337,0,0,0,0,0,0,0,1,1,False,False,False,False,False,True,1,low,"Check removal-rate drift, endpoint data, and process recipe inputs"
2026-02-02 04:00:00,CMP-01,353.49,233.48,20.74,13.82,187.64,4.159,0.64,23.22,0,97.06,10.85,0,warning,21.593333333333334,13.863333333333335,194.66833333333332,0.6551666666666667,23.218333333333334,0.0,98.08333333333333,9.846666666666666,88.3725,77.82666666666667,-0.8533333333333353,-7.028333333333336,-0.015166666666666662,-1.0233333333333263,1.0033333333333339,0,0,1,0,0,0,0,1,2,False,True,False,False,False,True,2,medium,"Inspect slurry delivery flow, filters, and lines; Check removal-rate drift, endpoint data, and process recipe inputs"
2026-02-02 05:00:00,CMP-01,356.79,233.72,21.29,13.0,194.04,4.239,0.636,22.99,0,97.95,10.03,0,normal,21.575,13.723333333333334,194.49666666666667,0.6548333333333334,23.108333333333334,0.0,98.15166666666666,9.785,89.1975,77.90666666666667,-0.28500000000000014,-0.45666666666667766,-0.01883333333333337,-0.20166666666665378,0.24499999999999922,0,0,0,0,0,0,0,1,1,False,False,False,False,False,True,1,low,"Check removal-rate drift, endpoint data, and process recipe inputs"
2026-02-02 06:00:00,CMP-01,358.05,234.21,20.99,13.91,198.76,4.195,0.661,23.34,0,94.48,13.53,0,warning,21.47,13.715000000000002,194.89666666666665,0.6561666666666667,23.060000000000002,0.0,97.415,10.545,89.5125,78.07000000000001,-0.4800000000000004,3.863333333333344,0.004833333333333356,-2.9350000000000023,2.9849999999999994,0,0,0,0,0,0,1,1,2,False,False,False,False,False,True,1,low,"Check removal-rate drift, endpoint data, and process recipe inputs"
2026-02-02 07:00:00,CMP-01,361.19,234.6,22.26,13.42,190.61,4.111,0.692,24.04,0,96.11,11.98,0,warning,21.409999999999997,13.666666666666666,194.15333333333334,0.6705,23.22,0.0,96.82166666666667,11.166666666666666,90.2975,78.2,0.850000000000005,-3.5433333333333223,0.021499999999999964,-0.7116666666666731,0.8133333333333344,1,0,0,0,1,0,0,1,3,False,False,True,False,False,True,2,medium,"Inspect pad life, conditioner performance, retaining ring; Check removal-rate drift, endpoint data, and process recipe inputs"
2026-02-02 08:00:00,CMP-01,362.09,235.13,21.86,13.67,198.51,4.147,0.698,23.82,0,97.46,10.65,0,warning,21.395,13.586666666666668,195.32500000000002,0.6733333333333333,23.30333333333333,0.0,96.91166666666668,11.108333333333334,90.5225,78.37666666666667,0.46499999999999986,3.184999999999974,0.024666666666666615,0.5483333333333178,-0.4583333333333339,0,0,0,0,1,0,0,1,2,False,False,True,False,False,True,2,medium,"Inspect pad life, conditioner performance, retaining ring; Check removal-rate drift, endpoint data, and process recipe inputs"
2026-02-02 09:00:00,CMP-01,364.51,235.58,20.5,13.92,200.85,4.148,0.696,23.9,1,97.72,10.44,0,warning,21.273333333333333,13.623333333333333,195.0683333333333,0.6705,23.551666666666666,0.16666666666666666,96.79666666666667,11.246666666666668,91.1275,78.52666666666667,-0.7733333333333334,5.781666666666695,0.025499999999999967,0.923333333333332,-0.8066666666666684,0,0,0,0,1,0,0,1,2,False,False,True,False,False,True,2,medium,"Inspect pad life, conditioner performance, retaining ring; Check removal-rate drift, endpoint data, and process recipe inputs"
2026-02-02 10:00:00,CMP-01,360.17,236.22,20.51,14.03,192.86,4.199,0.693,24.28,0,95.93,12.13,0,warning,21.235000000000003,13.658333333333331,195.93833333333336,0.6793333333333332,23.728333333333335,0.16666666666666666,96.60833333333333,11.46,90.0425,78.74,-0.7250000000000014,-3.0783333333333474,0.013666666666666716,-0.6783333333333275,0.6699999999999999,0,0,0,0,1,0,1,1,3,False,False,True,False,False,True,2,medium,"Inspect pad life, conditioner performance, retaining ring; Check removal-rate drift, endpoint data, and process recipe inputs"
2026-02-02 11:00:00,CMP-01,365.35,237.79,22.28,13.0,196.58,4.218,0.639,22.01,0,97.74,10.44,0,warning,21.400000000000002,13.658333333333331,196.36166666666668,0.6798333333333333,23.565,0.16666666666666666,96.57333333333332,11.528333333333334,91.3375,79.26333333333334,0.879999999999999,0.2183333333333337,-0.04083333333333328,1.1666666666666714,-1.0883333333333347,1,0,0,0,1,0,0,1,3,False,False,False,False,False,True,1,low,"Check removal-rate drift, endpoint data, and process recipe inputs"
2026-02-02 12:00:00,CMP-01,364.47,236.64,21.41,13.04,191.4,4.211,0.567,23.88,0,97.69,10.48,0,warning,21.47,13.513333333333334,195.135,0.6641666666666667,23.655,0.16666666666666666,97.10833333333333,11.020000000000001,91.1175,78.88,-0.05999999999999872,-3.734999999999985,-0.09716666666666673,0.5816666666666634,-0.5400000000000009,0,0,0,0,1,0,0,1,2,False,False,False,False,False,True,1,low,"Check removal-rate drift, endpoint data, and process recipe inputs"
2026-02-02 13:00:00,CMP-01,364.8,239.98,20.99,13.8,197.83,4.151,0.732,23.58,1,97.01,11.16,0,warning,21.258333333333333,13.576666666666666,196.33833333333334,0.6708333333333334,23.578333333333333,0.3333333333333333,97.25833333333333,10.883333333333333,91.2,79.99333333333333,-0.2683333333333344,1.4916666666666742,0.06116666666666659,-0.24833333333332064,0.2766666666666673,0,0,0,1,1,0,0,1,3,False,False,True,False,False,True,2,medium,"Inspect pad life, conditioner performance, retaining ring; Check removal-rate drift, endpoint data, and process recipe inputs"
2026-02-02 14:00:00,CMP-01,367.97,238.42,22.2,14.31,195.82,4.205,0.78,23.56,0,96.35,11.9,0,maintenance_needed,21.315,13.683333333333332,195.89000000000001,0.6844999999999999,23.535,0.3333333333333333,97.07333333333332,11.091666666666667,91.9925,79.47333333333333,0.884999999999998,-0.0700000000000216,0.09550000000000014,-0.7233333333333292,0.8083333333333336,1,0,0,1,1,0,0,1,4,True,False,True,False,False,True,3,high,"Check platen drive, carrier load, vibration source; Inspect pad life, conditioner performance, retaining ring; Check removal-rate drift, endpoint data, and process recipe inputs"
2026-02-02 15:00:00,CMP-01,366.34,240.38,20.9,14.22,196.5,4.094,0.637,22.74,0,96.34,11.86,0,warning,21.381666666666664,13.733333333333334,195.165,0.6746666666666666,23.341666666666665,0.16666666666666666,96.84333333333332,11.328333333333333,91.585,80.12666666666667,-0.4816666666666656,1.335000000000008,-0.037666666666666626,-0.5033333333333161,0.5316666666666663,0,0,0,0,1,0,0,1,2,False,False,False,False,False,True,1,low,"Check removal-rate drift, endpoint data, and process recipe inputs"
2026-02-02 16:00:00,CMP-01,365.26,239.74,20.96,14.52,201.22,3.973,0.671,23.96,2,97.34,10.84,0,maintenance_needed,21.456666666666667,13.815,196.5583333333333,0.6709999999999999,23.28833333333333,0.5,97.07833333333333,11.113333333333335,91.315,79.91333333333334,-0.49666666666666615,4.66166666666669,1.1102230246251565e-16,0.26166666666667027,-0.2733333333333352,0,1,0,0,1,1,0,1,4,False,False,True,True,True,True,4,high,"Inspect pad life, conditioner performance, retaining ring; Verify downforce pressure control and sensor calibration; Review recent alarms and tool event log; Check removal-rate drift, endpoint data, and process recipe inputs"
2026-02-02 17:00:00,CMP-01,369.33,240.2,20.91,14.83,197.21,4.199,0.729,24.41,0,97.98,10.3,0,maintenance_needed,21.22833333333333,14.12,196.66333333333333,0.6859999999999999,23.688333333333333,0.5,97.11833333333334,11.090000000000002,92.3325,80.06666666666666,-0.3183333333333316,0.5466666666666811,0.04300000000000004,0.8616666666666646,-0.7900000000000009,0,1,0,1,1,0,0,1,4,False,False,True,False,False,True,2,medium,"Inspect pad life, conditioner performance, retaining ring; Check removal-rate drift, endpoint data, and process recipe inputs"
2026-02-02 18:00:00,CMP-01,368.3,243.59,19.68,14.33,200.82,4.071,0.758,24.32,0,98.68,9.57,0,warning,20.94,14.334999999999999,198.23333333333335,0.7178333333333334,23.761666666666667,0.5,97.28333333333335,10.938333333333333,92.075,81.19666666666667,-1.2600000000000016,2.5866666666666447,0.04016666666666657,1.3966666666666612,-1.3683333333333323,0,0,0,1,1,0,0,0,2,False,False,True,False,False,False,1,low,"Inspect pad life, conditioner performance, retaining ring"
2026-02-02 19:00:00,CMP-01,370.83,241.43,22.01,14.06,197.7,4.127,0.75,23.6,0,96.07,12.24,0,maintenance_needed,21.11,14.378333333333332,198.21166666666667,0.7208333333333333,23.765,0.3333333333333333,97.12666666666667,11.118333333333334,92.7075,80.47666666666667,0.9000000000000021,-0.5116666666666845,0.029166666666666674,-1.056666666666672,1.1216666666666661,1,0,0,1,1,0,0,1,4,True,False,True,False,False,True,3,high,"Check platen drive, carrier load, vibration source; Inspect pad life, conditioner performance, retaining ring; Check removal-rate drift, endpoint data, and process recipe inputs"
2026-02-02 20:00:00,CMP-01,373.67,240.92,20.41,13.49,190.07,4.107,0.788,24.12,1,94.79,13.59,0,maintenance_needed,20.811666666666667,14.241666666666667,197.25333333333333,0.7221666666666667,23.858333333333334,0.5,96.86666666666667,11.4,93.4175,80.30666666666666,-0.4016666666666673,-7.183333333333337,0.0658333333333333,-2.076666666666668,2.1899999999999995,0,0,0,1,1,0,1,1,4,False,False,True,False,False,True,2,medium,"Inspect pad life, conditioner performance, retaining ring; Check removal-rate drift, endpoint data, and process recipe inputs"
2026-02-02 21:00:00,CMP-01,374.56,242.24,20.95,13.56,195.82,4.253,0.725,24.32,0,95.36,13.04,0,maintenance_needed,20.819999999999997,14.131666666666668,197.14,0.7368333333333333,24.121666666666666,0.5,96.70333333333333,11.596666666666666,93.64,80.74666666666667,0.13000000000000256,-1.3199999999999932,-0.011833333333333362,-1.3433333333333337,1.4433333333333334,0,0,0,1,1,0,1,1,4,False,False,True,False,False,True,2,medium,"Inspect pad life, conditioner performance, retaining ring; Check removal-rate drift, endpoint data, and process recipe inputs"
2026-02-02 22:00:00,CMP-01,377.86,243.37,20.88,13.89,196.38,4.106,0.757,24.96,0,97.24,11.24,0,warning,20.80666666666667,14.026666666666669,196.33333333333334,0.7511666666666666,24.288333333333338,0.16666666666666666,96.68666666666667,11.663333333333334,94.465,81.12333333333333,0.07333333333333059,0.046666666666652645,0.005833333333333357,0.5533333333333275,-0.4233333333333338,0,0,0,1,1,0,0,1,3,False,False,True,False,False,True,2,medium,"Inspect pad life, conditioner performance, retaining ring; Check removal-rate drift, endpoint data, and process recipe inputs"
2026-02-02 23:00:00,CMP-01,375.64,246.99,22.01,14.3,188.87,4.225,0.751,24.54,2,95.9,12.53,0,maintenance_needed,20.99,13.938333333333334,194.9433333333333,0.7548333333333334,24.310000000000002,0.5,96.33999999999999,12.034999999999998,93.91,82.33,1.0200000000000031,-6.073333333333295,-0.0038333333333333552,-0.4399999999999835,0.495000000000001,1,0,1,1,1,1,1,1,7,True,True,True,False,True,True,5,high,"Check platen drive, carrier load, vibration source; Inspect slurry delivery flow, filters, and lines; Inspect pad life, conditioner performance, retaining ring; Review recent alarms and tool event log; Check removal-rate drift, endpoint data, and process recipe inputs"
2026-02-03 00:00:00,CMP-01,374.24,245.3,21.34,14.25,200.14,4.164,0.706,23.8,0,96.96,11.44,0,warning,21.266666666666666,13.925000000000002,194.83,0.7461666666666668,24.223333333333333,0.5,96.05333333333334,12.346666666666666,93.56,81.76666666666667,0.07333333333333414,5.309999999999974,-0.040166666666666795,0.9066666666666521,-0.9066666666666663,0,0,0,1,1,0,0,1,3,False,False,True,False,False,True,2,medium,"Inspect pad life, conditioner performance, retaining ring; Check removal-rate drift, endpoint data, and process recipe inputs"
2026-02-03 01:00:00,CMP-01,376.64,246.82,21.46,14.16,194.82,4.104,0.792,23.79,0,96.61,11.84,0,warning,21.175,13.941666666666668,194.35,0.7531666666666667,24.255,0.5,96.14333333333333,12.280000000000001,94.16,82.27333333333333,0.28500000000000014,0.46999999999999886,0.038833333333333386,0.46666666666666856,-0.4400000000000013,0,0,0,1,1,0,0,1,3,False,False,True,False,False,True,2,medium,"Inspect pad life, conditioner performance, retaining ring; Check removal-rate drift, endpoint data, and process recipe inputs"
2026-02-03 02:00:00,CMP-01,377.35,245.15,20.12,14.08,195.95,4.077,0.766,23.85,0,96.55,11.92,0,warning,21.126666666666665,14.04,195.33,0.7494999999999999,24.209999999999997,0.3333333333333333,96.43666666666667,12.001666666666665,94.3375,81.71666666666667,-1.0066666666666642,0.6199999999999761,0.01650000000000007,0.11333333333332973,-0.08166666666666522,0,0,0,1,1,0,0,1,3,False,False,True,False,False,True,2,medium,"Inspect pad life, conditioner performance, retaining ring; Check removal-rate drift, endpoint data, and process recipe inputs"
2026-02-03 03:00:00,CMP-01,377.81,247.42,21.41,14.55,190.84,4.239,0.784,23.89,1,95.55,12.93,0,maintenance_needed,21.203333333333337,14.204999999999998,194.5,0.7593333333333333,24.138333333333335,0.5,96.46833333333332,11.983333333333334,94.4525,82.47333333333333,0.20666666666666345,-3.6599999999999966,0.024666666666666726,-0.9183333333333223,0.9466666666666654,0,1,0,1,1,0,1,1,5,False,False,True,False,False,True,2,medium,"Inspect pad life, conditioner performance, retaining ring; Check removal-rate drift, endpoint data, and process recipe inputs"
2026-02-03 04:00:00,CMP-01,381.78,248.46,20.39,14.36,194.3,4.233,0.728,23.46,2,94.58,13.99,0,maintenance_needed,21.121666666666666,14.283333333333331,194.15333333333334,0.7545000000000001,23.888333333333335,0.8333333333333334,96.02499999999999,12.441666666666665,95.445,82.82000000000001,-0.7316666666666656,0.14666666666667538,-0.02650000000000008,-1.4449999999999932,1.5483333333333356,0,0,0,1,1,1,1,1,5,False,False,True,False,True,True,3,high,"Inspect pad life, conditioner performance, retaining ring; Review recent alarms and tool event log; Check removal-rate drift, endpoint data, and process recipe inputs"
2026-02-03 05:00:00,CMP-01,380.84,250.46,21.79,14.4,195.31,4.264,0.795,24.29,1,95.19,13.36,0,maintenance_needed,21.084999999999997,14.299999999999999,195.22666666666666,0.7618333333333333,23.846666666666668,0.6666666666666666,95.90666666666665,12.579999999999998,95.21,83.48666666666666,0.7050000000000018,0.08333333333334281,0.03316666666666679,-0.7166666666666544,0.7800000000000011,0,0,0,1,1,0,1,1,4,False,False,True,False,False,True,2,medium,"Inspect pad life, conditioner performance, retaining ring; Check removal-rate drift, endpoint data, and process recipe inputs"
2026-02-03 06:00:00,CMP-01,379.44,248.11,21.81,14.38,192.95,4.349,0.689,23.3,1,95.91,12.61,0,warning,21.163333333333334,14.321666666666667,194.02833333333334,0.759,23.763333333333332,0.8333333333333334,95.73166666666667,12.774999999999999,94.86,82.70333333333333,0.6466666666666647,-1.0783333333333474,-0.07000000000000006,0.17833333333332746,-0.16499999999999915,0,0,0,0,1,0,1,1,3,False,False,True,False,False,True,2,medium,"Inspect pad life, conditioner performance, retaining ring; Check removal-rate drift, endpoint data, and process recipe inputs"
2026-02-03 07:00:00,CMP-01,385.25,250.32,21.64,13.96,193.96,4.224,0.775,23.29,0,95.99,12.67,0,maintenance_needed,21.19333333333333,14.288333333333334,193.885,0.7561666666666667,23.680000000000003,0.8333333333333334,95.62833333333333,12.913333333333332,96.3125,83.44,0.446666666666669,0.07500000000001705,0.01883333333333337,0.3616666666666646,-0.2433333333333323,0,0,0,1,1,0,1,1,4,False,False,True,False,False,True,2,medium,"Inspect pad life, conditioner performance, retaining ring; Check removal-rate drift, endpoint data, and process recipe inputs"
2026-02-03 08:00:00,CMP-01,384.8,250.61,23.28,13.66,185.21,4.224,0.627,24.06,0,94.45,14.19,0,maintenance_needed,21.72,14.218333333333334,192.095,0.733,23.715,0.8333333333333334,95.27833333333332,13.291666666666666,96.2,83.53666666666668,1.5600000000000023,-6.884999999999991,-0.10599999999999998,-0.8283333333333189,0.8983333333333334,1,0,1,0,1,0,1,1,5,False,True,False,False,False,True,2,medium,"Inspect slurry delivery flow, filters, and lines; Check removal-rate drift, endpoint data, and process recipe inputs"
2026-02-03 09:00:00,CMP-01,386.64,249.67,22.11,14.6,198.94,4.192,0.71,23.46,0,95.4,13.29,0,maintenance_needed,21.836666666666662,14.226666666666667,193.44500000000002,0.7206666666666667,23.64333333333333,0.6666666666666666,95.25333333333333,13.351666666666667,96.66,83.22333333333333,0.273333333333337,5.494999999999976,-0.010666666666666713,0.14666666666667538,-0.061666666666667425,1,1,0,1,1,0,1,1,6,True,False,True,False,False,True,3,high,"Check platen drive, carrier load, vibration source; Inspect pad life, conditioner performance, retaining ring; Check removal-rate drift, endpoint data, and process recipe inputs"
2026-02-03 10:00:00,CMP-01,387.19,251.53,22.18,14.56,188.98,4.21,0.797,23.69,1,96.59,12.11,0,maintenance_needed,22.135,14.26,192.5583333333333,0.7321666666666666,23.68166666666667,0.5,95.58833333333332,13.038333333333334,96.7975,83.84333333333333,0.04499999999999815,-3.578333333333319,0.06483333333333341,1.0016666666666794,-0.9283333333333346,1,1,1,1,1,0,0,1,6,True,True,True,False,False,True,4,high,"Check platen drive, carrier load, vibration source; Inspect slurry delivery flow, filters, and lines; Inspect pad life, conditioner performance, retaining ring; Check removal-rate drift, endpoint data, and process recipe inputs"
2026-02-03 11:00:00,CMP-01,389.14,251.88,21.86,14.21,184.5,4.174,0.744,22.49,0,94.05,14.69,0,maintenance_needed,22.146666666666665,14.228333333333333,190.75666666666666,0.7236666666666666,23.381666666666664,0.3333333333333333,95.39833333333333,13.26,97.285,83.96000000000001,-0.2866666666666653,-6.256666666666661,0.020333333333333425,-1.3483333333333292,1.4299999999999997,0,0,1,1,1,0,1,1,5,False,True,True,False,False,True,3,high,"Inspect slurry delivery flow, filters, and lines; Inspect pad life, conditioner performance, retaining ring; Check removal-rate drift, endpoint data, and process recipe inputs"
2026-02-03 12:00:00,CMP-01,389.07,250.06,21.59,14.09,189.39,4.13,0.775,24.41,1,95.23,13.52,0,maintenance_needed,22.11,14.180000000000001,190.16333333333333,0.738,23.566666666666666,0.3333333333333333,95.28500000000001,13.411666666666667,97.2675,83.35333333333334,-0.5199999999999996,-0.7733333333333405,0.03700000000000003,-0.05500000000000682,0.1083333333333325,0,0,1,1,1,0,1,1,5,False,True,True,False,False,True,3,high,"Inspect slurry delivery flow, filters, and lines; Inspect pad life, conditioner performance, retaining ring; Check removal-rate drift, endpoint data, and process recipe inputs"
2026-02-03 13:00:00,CMP-01,392.23,254.22,22.59,15.75,189.56,4.361,0.695,23.91,3,94.46,14.35,0,maintenance_needed,22.268333333333334,14.478333333333333,189.42999999999998,0.7246666666666667,23.67,0.8333333333333334,95.03000000000002,13.691666666666668,98.0575,84.74000000000001,0.32166666666666544,0.13000000000002387,-0.02966666666666673,-0.5700000000000216,0.6583333333333314,1,1,1,0,1,1,1,1,7,False,True,True,False,True,True,4,high,"Inspect slurry delivery flow, filters, and lines; Inspect pad life, conditioner performance, retaining ring; Review recent alarms and tool event log; Check removal-rate drift, endpoint data, and process recipe inputs"
2026-02-03 14:00:00,CMP-01,391.76,254.8,22.69,13.92,195.12,4.053,0.849,23.82,0,94.32,14.48,0,maintenance_needed,22.17,14.521666666666668,191.08166666666668,0.7616666666666667,23.63,0.8333333333333334,95.00833333333333,13.74,97.94,84.93333333333334,0.5199999999999996,4.038333333333327,0.08733333333333326,-0.6883333333333326,0.7400000000000002,1,0,0,1,1,0,1,1,5,True,False,True,False,False,True,3,high,"Check platen drive, carrier load, vibration source; Inspect pad life, conditioner performance, retaining ring; Check removal-rate drift, endpoint data, and process recipe inputs"
2026-02-03 15:00:00,CMP-01,392.71,254.27,20.79,14.26,189.19,4.222,0.805,24.23,1,93.06,15.77,0,maintenance_needed,21.95,14.464999999999998,189.45666666666668,0.7775,23.758333333333336,1.0,94.61833333333334,14.153333333333334,98.1775,84.75666666666667,-1.1600000000000001,-0.26666666666667993,0.02750000000000008,-1.5583333333333371,1.6166666666666654,0,0,1,1,1,0,1,1,5,False,True,True,False,False,True,3,high,"Inspect slurry delivery flow, filters, and lines; Inspect pad life, conditioner performance, retaining ring; Check removal-rate drift, endpoint data, and process recipe inputs"
2026-02-03 16:00:00,CMP-01,393.74,253.84,22.7,14.57,193.88,4.237,0.777,24.07,0,94.48,14.37,0,maintenance_needed,22.036666666666665,14.466666666666667,190.2733333333333,0.7741666666666668,23.82166666666667,0.8333333333333334,94.26666666666667,14.53,98.435,84.61333333333333,0.663333333333334,3.6066666666666833,0.0028333333333332433,0.21333333333333826,-0.16000000000000014,1,1,0,1,1,0,1,1,6,True,False,True,False,False,True,3,high,"Check platen drive, carrier load, vibration source; Inspect pad life, conditioner performance, retaining ring; Check removal-rate drift, endpoint data, and process recipe inputs"
2026-02-03 17:00:00,CMP-01,391.38,257.88,22.21,13.68,189.15,4.213,0.793,23.43,0,93.91,14.89,0,maintenance_needed,22.095,14.378333333333332,191.04833333333332,0.7823333333333333,23.978333333333335,0.8333333333333334,94.24333333333334,14.563333333333333,97.845,85.96000000000001,0.11500000000000199,-1.8983333333333121,0.010666666666666713,-0.3333333333333428,0.326666666666668,1,0,1,1,1,0,1,1,6,True,True,True,False,False,True,4,high,"Check platen drive, carrier load, vibration source; Inspect slurry delivery flow, filters, and lines; Inspect pad life, conditioner performance, retaining ring; Check removal-rate drift, endpoint data, and process recipe inputs"
2026-02-03 18:00:00,CMP-01,394.7,257.07,22.64,14.49,201.46,4.124,0.797,25.28,3,96.6,12.28,0,maintenance_needed,22.27,14.445,193.05999999999997,0.786,24.123333333333335,1.1666666666666667,94.47166666666665,14.356666666666667,98.675,85.69,0.370000000000001,8.400000000000034,0.01100000000000001,2.1283333333333445,-2.076666666666668,1,0,0,1,1,1,0,1,5,True,False,True,False,True,True,4,high,"Check platen drive, carrier load, vibration source; Inspect pad life, conditioner performance, retaining ring; Review recent alarms and tool event log; Check removal-rate drift, endpoint data, and process recipe inputs"
2026-02-03 19:00:00,CMP-01,395.53,258.62,22.27,15.51,194.73,4.186,0.852,23.65,0,93.77,15.13,0,maintenance_needed,22.21666666666667,14.405,193.92166666666665,0.8121666666666666,24.08,0.6666666666666666,94.35666666666667,14.486666666666665,98.8825,86.20666666666666,0.05333333333333101,0.8083333333333371,0.03983333333333339,-0.5866666666666731,0.6433333333333362,1,1,0,1,1,0,1,1,6,True,False,True,False,False,True,3,high,"Check platen drive, carrier load, vibration source; Inspect pad life, conditioner performance, retaining ring; Check removal-rate drift, endpoint data, and process recipe inputs"
2026-02-03 20:00:00,CMP-01,397.37,259.74,20.94,15.02,200.18,4.164,0.799,24.62,1,94.93,14.0,0,maintenance_needed,21.925,14.588333333333333,194.76500000000001,0.8038333333333334,24.213333333333335,0.8333333333333334,94.45833333333333,14.406666666666666,99.3425,86.58,-0.9849999999999994,5.414999999999992,-0.004833333333333356,0.4716666666666782,-0.4066666666666663,0,1,0,1,1,0,1,1,5,False,False,True,False,False,True,2,medium,"Inspect pad life, conditioner performance, retaining ring; Check removal-rate drift, endpoint data, and process recipe inputs"
2026-02-03 21:00:00,CMP-01,395.55,258.07,20.96,14.81,188.49,4.115,0.711,25.17,1,95.3,13.6,0,maintenance_needed,21.953333333333333,14.68,194.6483333333333,0.7881666666666667,24.37,0.8333333333333334,94.83166666666666,14.045,98.8875,86.02333333333333,-0.9933333333333323,-6.158333333333303,-0.07716666666666672,0.4683333333333337,-0.4450000000000003,0,1,1,1,1,0,1,1,6,False,True,True,False,False,True,3,high,"Inspect slurry delivery flow, filters, and lines; Inspect pad life, conditioner performance, retaining ring; Check removal-rate drift, endpoint data, and process recipe inputs"
2026-02-03 22:00:00,CMP-01,401.94,260.32,23.51,14.88,194.52,4.197,0.788,23.61,0,94.58,14.47,0,maintenance_needed,22.088333333333335,14.731666666666667,194.755,0.79,24.293333333333337,0.8333333333333334,94.84833333333331,14.061666666666667,100.0,86.77333333333334,1.4216666666666669,-0.23499999999998522,-0.0020000000000000018,-0.26833333333331666,0.4083333333333332,1,1,0,1,1,0,1,1,6,True,False,True,False,False,True,3,high,"Check platen drive, carrier load, vibration source; Inspect pad life, conditioner performance, retaining ring; Check removal-rate drift, endpoint data, and process recipe inputs"
2026-02-03 23:00:00,CMP-01,400.19,259.71,22.21,14.57,188.23,4.168,0.858,24.07,2,94.85,14.15,0,maintenance_needed,22.088333333333335,14.88,194.6016666666667,0.8008333333333333,24.400000000000002,1.1666666666666667,95.005,13.938333333333334,100.0,86.57,0.12166666666666615,-6.371666666666698,0.0571666666666667,-0.15500000000000114,0.211666666666666,1,1,1,1,1,1,1,1,8,True,True,True,False,True,True,5,high,"Check platen drive, carrier load, vibration source; Inspect slurry delivery flow, filters, and lines; Inspect pad life, conditioner performance, retaining ring; Review recent alarms and tool event log; Check removal-rate drift, endpoint data, and process recipe inputs"
2026-02-04 00:00:00,CMP-01,398.82,260.57,20.84,15.06,194.51,4.157,0.82,23.44,1,95.81,13.16,0,maintenance_needed,21.788333333333338,14.975,193.4433333333333,0.8046666666666668,24.093333333333334,0.8333333333333334,94.87333333333333,14.085,99.705,86.85666666666665,-0.9483333333333377,1.0666666666666913,0.015333333333333199,0.9366666666666674,-0.9250000000000007,0,1,0,1,1,0,1,1,5,False,False,True,False,False,True,2,medium,"Inspect pad life, conditioner performance, retaining ring; Check removal-rate drift, endpoint data, and process recipe inputs"
2026-02-04 01:00:00,CMP-01,398.92,261.2,22.25,14.39,194.9,4.255,0.772,24.69,1,93.03,15.95,0,maintenance_needed,21.785,14.788333333333334,193.47166666666666,0.7913333333333333,24.266666666666666,1.0,94.75,14.221666666666666,99.73,87.06666666666666,0.46499999999999986,1.4283333333333417,-0.019333333333333313,-1.7199999999999989,1.7283333333333335,1,0,0,1,1,0,1,1,5,True,False,True,False,False,True,3,high,"Check platen drive, carrier load, vibration source; Inspect pad life, conditioner performance, retaining ring; Check removal-rate drift, endpoint data, and process recipe inputs"
2026-02-04 02:00:00,CMP-01,402.49,261.95,21.77,14.28,185.43,4.116,0.831,23.81,0,93.48,15.57,0,maintenance_needed,21.923333333333336,14.665000000000001,191.01333333333332,0.7966666666666667,24.13166666666667,0.8333333333333334,94.50833333333333,14.483333333333334,100.0,87.31666666666666,-0.15333333333333599,-5.583333333333314,0.034333333333333216,-1.0283333333333218,1.086666666666666,0,0,1,1,1,0,1,1,5,False,True,True,False,False,True,3,high,"Inspect slurry delivery flow, filters, and lines; Inspect pad life, conditioner performance, retaining ring; Check removal-rate drift, endpoint data, and process recipe inputs"
2026-02-04 03:00:00,CMP-01,403.84,263.94,20.62,14.62,187.12,4.236,0.811,23.31,0,92.93,16.16,0,maintenance_needed,21.866666666666664,14.633333333333335,190.785,0.8133333333333334,23.82166666666667,0.6666666666666666,94.11333333333333,14.910000000000002,100.0,87.98,-1.2466666666666626,-3.664999999999992,-0.0023333333333332984,-1.183333333333323,1.2499999999999982,0,1,1,1,1,0,1,1,6,False,True,True,False,False,True,3,high,"Inspect slurry delivery flow, filters, and lines; Inspect pad life, conditioner performance, retaining ring; Check removal-rate drift, endpoint data, and process recipe inputs"
2026-02-04 04:00:00,CMP-01,403.71,263.4,20.26,15.1,187.01,4.152,0.835,24.93,0,95.53,13.56,0,maintenance_needed,21.325,14.67,189.53333333333333,0.8211666666666667,24.041666666666668,0.6666666666666666,94.27166666666666,14.758333333333333,100.0,87.79999999999998,-1.0649999999999977,-2.5233333333333405,0.013833333333333253,1.25833333333334,-1.1983333333333324,0,1,1,1,1,0,1,1,6,False,True,True,False,False,True,3,high,"Inspect slurry delivery flow, filters, and lines; Inspect pad life, conditioner performance, retaining ring; Check removal-rate drift, endpoint data, and process recipe inputs"
2026-02-04 05:00:00,CMP-01,406.17,263.72,20.86,14.79,185.4,4.234,0.734,24.69,0,93.62,15.53,0,maintenance_needed,21.1,14.706666666666669,189.06166666666664,0.8005,24.145,0.3333333333333333,94.06666666666666,14.988333333333332,100.0,87.90666666666668,-0.240000000000002,-3.6616666666666333,-0.0665,-0.44666666666665833,0.5416666666666679,0,1,1,1,1,0,1,1,6,False,True,True,False,False,True,3,high,"Inspect slurry delivery flow, filters, and lines; Inspect pad life, conditioner performance, retaining ring; Check removal-rate drift, endpoint data, and process recipe inputs"
2026-02-04 06:00:00,CMP-01,405.85,264.22,22.35,14.99,188.52,4.206,0.767,23.48,1,94.58,14.56,0,maintenance_needed,21.35166666666667,14.695,188.06333333333336,0.7916666666666666,24.151666666666667,0.3333333333333333,93.86166666666668,15.221666666666666,100.0,88.07333333333335,0.9983333333333313,0.45666666666664923,-0.024666666666666615,0.7183333333333195,-0.6616666666666653,1,1,1,1,1,0,1,1,7,True,True,True,False,False,True,4,high,"Check platen drive, carrier load, vibration source; Inspect slurry delivery flow, filters, and lines; Inspect pad life, conditioner performance, retaining ring; Check removal-rate drift, endpoint data, and process recipe inputs"
2026-02-04 07:00:00,CMP-01,408.99,265.61,22.17,13.42,187.27,4.219,0.851,24.9,1,95.66,13.55,0,maintenance_needed,21.338333333333335,14.533333333333333,186.79166666666666,0.8048333333333333,24.186666666666667,0.3333333333333333,94.3,14.821666666666665,100.0,88.53666666666668,0.831666666666667,0.47833333333335304,0.04616666666666669,1.3599999999999994,-1.2716666666666647,1,0,1,1,1,0,1,1,6,True,True,True,False,False,True,4,high,"Check platen drive, carrier load, vibration source; Inspect slurry delivery flow, filters, and lines; Inspect pad life, conditioner performance, retaining ring; Check removal-rate drift, endpoint data, and process recipe inputs"
2026-02-04 08:00:00,CMP-01,407.7,264.78,21.98,15.33,185.47,4.122,0.804,24.22,1,93.28,15.91,0,maintenance_needed,21.373333333333335,14.708333333333334,186.79833333333332,0.8003333333333335,24.255,0.5,94.26666666666667,14.878333333333336,100.0,88.25999999999999,0.6066666666666656,-1.328333333333319,0.003666666666666596,-0.9866666666666646,1.0316666666666645,0,1,1,1,1,0,1,1,6,False,True,True,False,False,True,3,high,"Inspect slurry delivery flow, filters, and lines; Inspect pad life, conditioner performance, retaining ring; Check removal-rate drift, endpoint data, and process recipe inputs"
2026-02-04 09:00:00,CMP-01,409.93,265.9,22.46,16.05,191.4,4.138,0.839,25.93,0,94.12,15.12,0,maintenance_needed,21.680000000000003,14.946666666666665,187.51166666666666,0.805,24.691666666666666,0.5,94.46499999999999,14.705,100.0,88.63333333333333,0.7799999999999976,3.8883333333333496,0.03399999999999992,-0.34499999999998465,0.41499999999999915,1,1,0,1,1,0,1,1,6,True,False,True,False,False,True,3,high,"Check platen drive, carrier load, vibration source; Inspect pad life, conditioner performance, retaining ring; Check removal-rate drift, endpoint data, and process recipe inputs"
2026-02-04 10:00:00,CMP-01,412.76,267.09,22.78,15.49,192.89,4.131,0.925,25.3,0,94.46,14.84,0,maintenance_needed,22.099999999999998,15.011666666666665,188.49166666666667,0.82,24.753333333333334,0.5,94.28666666666668,14.918333333333335,100.0,89.02999999999999,0.6800000000000033,4.398333333333312,0.1050000000000001,0.1733333333333178,-0.07833333333333492,1,1,0,1,1,0,1,1,6,True,False,True,False,False,True,3,high,"Check platen drive, carrier load, vibration source; Inspect pad life, conditioner performance, retaining ring; Check removal-rate drift, endpoint data, and process recipe inputs"
2026-02-04 11:00:00,CMP-01,416.63,267.12,20.71,14.55,185.04,4.214,0.824,23.83,1,92.87,16.52,0,maintenance_needed,22.075,14.97166666666667,188.43166666666664,0.835,24.61,0.6666666666666666,94.16166666666668,15.083333333333334,100.0,89.03999999999999,-1.3649999999999984,-3.3916666666666515,-0.01100000000000001,-1.2916666666666714,1.4366666666666656,0,1,1,1,1,0,1,1,6,False,True,True,False,False,True,3,high,"Inspect slurry delivery flow, filters, and lines; Inspect pad life, conditioner performance, retaining ring; Check removal-rate drift, endpoint data, and process recipe inputs"
2026-02-04 12:00:00,CMP-01,411.19,268.31,22.02,14.16,188.65,4.26,0.836,23.95,1,95.16,14.11,0,maintenance_needed,22.02,14.833333333333334,188.45333333333335,0.8465000000000001,24.688333333333333,0.6666666666666666,94.25833333333333,15.008333333333333,100.0,89.43666666666667,0.0,0.19666666666665833,-0.010500000000000176,0.9016666666666708,-0.8983333333333334,1,0,1,1,1,0,1,1,6,True,True,True,False,False,True,4,high,"Check platen drive, carrier load, vibration source; Inspect slurry delivery flow, filters, and lines; Inspect pad life, conditioner performance, retaining ring; Check removal-rate drift, endpoint data, and process recipe inputs"
2026-02-04 13:00:00,CMP-01,413.16,268.37,21.65,14.86,190.7,4.286,0.803,23.57,0,94.72,14.59,0,maintenance_needed,21.933333333333334,15.073333333333332,189.025,0.8384999999999999,24.466666666666665,0.5,94.10166666666667,15.181666666666667,100.0,89.45666666666668,-0.283333333333335,1.674999999999983,-0.035499999999999865,0.6183333333333252,-0.5916666666666668,0,1,0,1,1,0,1,1,5,False,False,True,False,False,True,2,medium,"Inspect pad life, conditioner performance, retaining ring; Check removal-rate drift, endpoint data, and process recipe inputs"
2026-02-04 14:00:00,CMP-01,413.49,272.15,21.33,14.11,189.7,4.16,0.8,24.25,2,94.83,14.48,0,maintenance_needed,21.825,14.87,189.73000000000002,0.8378333333333333,24.471666666666664,0.6666666666666666,94.36000000000001,14.943333333333333,100.0,90.71666666666665,-0.495000000000001,-0.03000000000002956,-0.037833333333333274,0.46999999999998465,-0.46333333333333293,0,0,1,1,1,1,1,1,6,False,True,True,False,True,True,4,high,"Inspect slurry delivery flow, filters, and lines; Inspect pad life, conditioner performance, retaining ring; Review recent alarms and tool event log; Check removal-rate drift, endpoint data, and process recipe inputs"
2026-02-04 15:00:00,CMP-01,417.41,271.99,21.97,15.19,187.41,4.206,0.837,24.24,1,93.37,16.04,0,maintenance_needed,21.74333333333333,14.726666666666667,189.06499999999997,0.8374999999999999,24.189999999999998,0.8333333333333334,94.23500000000001,15.096666666666666,100.0,90.66333333333334,0.22666666666667012,-1.6549999999999727,-0.0004999999999999449,-0.8650000000000091,0.9433333333333334,0,1,1,1,1,0,1,1,6,False,True,True,False,False,True,3,high,"Inspect slurry delivery flow, filters, and lines; Inspect pad life, conditioner performance, retaining ring; Check removal-rate drift, endpoint data, and process recipe inputs"
2026-02-04 16:00:00,CMP-01,414.93,271.59,22.25,14.4,193.71,4.07,0.764,24.67,0,93.57,15.78,0,maintenance_needed,21.654999999999998,14.545000000000002,189.20166666666668,0.8106666666666666,24.084999999999997,0.8333333333333334,94.08666666666666,15.253333333333332,100.0,90.52999999999999,0.5950000000000024,4.508333333333326,-0.046666666666666634,-0.5166666666666657,0.5266666666666673,1,0,0,1,1,0,1,1,5,True,False,True,False,False,True,3,high,"Check platen drive, carrier load, vibration source; Inspect pad life, conditioner performance, retaining ring; Check removal-rate drift, endpoint data, and process recipe inputs"
2026-02-04 17:00:00,CMP-01,417.13,271.64,22.19,15.33,193.63,4.022,0.737,24.26,1,93.43,15.97,0,maintenance_needed,21.901666666666667,14.674999999999999,190.63333333333333,0.7961666666666667,24.156666666666666,0.8333333333333334,94.17999999999999,15.161666666666667,100.0,90.54666666666667,0.288333333333334,2.9966666666666697,-0.0591666666666667,-0.7499999999999858,0.8083333333333336,1,1,0,1,1,0,1,1,6,True,False,True,False,False,True,3,high,"Check platen drive, carrier load, vibration source; Inspect pad life, conditioner performance, retaining ring; Check removal-rate drift, endpoint data, and process recipe inputs"
2026-02-04 18:00:00,CMP-01,418.95,274.98,21.28,15.6,192.76,4.13,0.912,23.24,0,93.25,16.19,0,maintenance_needed,21.778333333333336,14.915,191.3183333333333,0.8088333333333333,24.038333333333338,0.6666666666666666,93.86166666666668,15.508333333333335,100.0,91.66000000000001,-0.49833333333333485,1.4416666666666913,0.10316666666666674,-0.6116666666666788,0.6816666666666666,0,1,0,1,1,0,1,1,5,False,False,True,False,False,True,2,medium,"Inspect pad life, conditioner performance, retaining ring; Check removal-rate drift, endpoint data, and process recipe inputs"
2026-02-04 19:00:00,CMP-01,418.24,273.39,22.04,13.55,189.29,4.146,0.838,23.67,1,91.58,17.85,0,maintenance_needed,21.843333333333334,14.696666666666665,191.08333333333334,0.8146666666666667,24.054999999999996,0.8333333333333334,93.33833333333332,16.051666666666666,100.0,91.13,0.19666666666666544,-1.7933333333333508,0.023333333333333317,-1.7583333333333258,1.7983333333333356,1,0,1,1,1,0,1,1,6,True,True,True,False,False,True,4,high,"Check platen drive, carrier load, vibration source; Inspect slurry delivery flow, filters, and lines; Inspect pad life, conditioner performance, retaining ring; Check removal-rate drift, endpoint data, and process recipe inputs"
2026-02-04 20:00:00,CMP-01,419.28,273.55,24.07,14.96,197.95,4.075,0.901,25.17,1,94.47,14.99,0,maintenance_needed,22.3,14.838333333333333,192.45833333333334,0.8315,24.208333333333332,0.6666666666666666,93.27833333333332,16.136666666666667,100.0,91.18333333333334,1.7699999999999996,5.491666666666646,0.0695,1.191666666666677,-1.1466666666666665,1,1,0,1,1,0,1,1,6,True,False,True,False,False,True,3,high,"Check platen drive, carrier load, vibration source; Inspect pad life, conditioner performance, retaining ring; Check removal-rate drift, endpoint data, and process recipe inputs"
2026-02-04 21:00:00,CMP-01,421.14,274.66,21.65,14.39,196.77,4.057,0.857,25.02,0,94.78,14.72,0,maintenance_needed,22.246666666666666,14.705,194.01833333333335,0.8348333333333334,24.338333333333335,0.5,93.51333333333334,15.916666666666666,100.0,91.55333333333334,-0.5966666666666676,2.751666666666665,0.022166666666666557,1.2666666666666657,-1.1966666666666654,0,0,0,1,1,0,1,1,4,False,False,True,False,False,True,2,medium,"Inspect pad life, conditioner performance, retaining ring; Check removal-rate drift, endpoint data, and process recipe inputs"
2026-02-04 22:00:00,CMP-01,419.22,275.32,21.1,13.94,188.41,4.242,0.853,24.12,1,93.29,16.16,0,maintenance_needed,22.054999999999996,14.628333333333332,193.135,0.8496666666666667,24.24666666666667,0.6666666666666666,93.46666666666665,15.980000000000002,100.0,91.77333333333333,-0.9549999999999947,-4.724999999999994,0.0033333333333332993,-0.1766666666666481,0.17999999999999794,0,0,1,1,1,0,1,1,5,False,True,True,False,False,True,3,high,"Inspect slurry delivery flow, filters, and lines; Inspect pad life, conditioner performance, retaining ring; Check removal-rate drift, endpoint data, and process recipe inputs"
2026-02-04 23:00:00,CMP-01,421.4,277.29,22.72,14.44,189.3,4.135,0.884,24.16,1,92.7,16.8,0,maintenance_needed,22.143333333333334,14.479999999999999,192.41333333333333,0.8741666666666666,24.23,0.6666666666666666,93.34500000000001,16.118333333333336,100.0,92.43,0.5766666666666644,-3.1133333333333155,0.00983333333333336,-0.6450000000000102,0.6816666666666649,1,0,1,1,1,0,1,1,6,True,True,True,False,False,True,4,high,"Check platen drive, carrier load, vibration source; Inspect slurry delivery flow, filters, and lines; Inspect pad life, conditioner performance, retaining ring; Check removal-rate drift, endpoint data, and process recipe inputs"
2026-02-05 00:00:00,CMP-01,424.26,276.23,23.05,14.73,194.23,4.065,0.894,24.17,1,93.54,16.03,0,maintenance_needed,22.438333333333333,14.335,192.65833333333333,0.8711666666666668,24.385,0.8333333333333334,93.39333333333333,16.09166666666667,100.0,92.07666666666667,0.6116666666666681,1.5716666666666583,0.02283333333333326,0.14666666666667538,-0.061666666666667425,1,1,0,1,1,0,1,1,6,True,False,True,False,False,True,3,high,"Check platen drive, carrier load, vibration source; Inspect pad life, conditioner performance, retaining ring; Check removal-rate drift, endpoint data, and process recipe inputs"
2026-02-05 01:00:00,CMP-01,426.27,279.42,22.99,15.51,186.07,4.384,0.806,24.32,1,92.99,16.63,0,maintenance_needed,22.596666666666668,14.661666666666667,192.12166666666667,0.8658333333333333,24.493333333333336,0.8333333333333334,93.62833333333333,15.888333333333334,100.0,93.14,0.39333333333333087,-6.0516666666666765,-0.059833333333333294,-0.6383333333333354,0.7416666666666654,1,1,1,1,1,0,1,1,7,True,True,True,False,False,True,4,high,"Check platen drive, carrier load, vibration source; Inspect slurry delivery flow, filters, and lines; Inspect pad life, conditioner performance, retaining ring; Check removal-rate drift, endpoint data, and process recipe inputs"
2026-02-05 02:00:00,CMP-01,426.67,276.49,21.73,13.98,190.82,4.213,0.925,23.19,0,93.46,16.16,0,maintenance_needed,22.206666666666667,14.498333333333333,190.9333333333333,0.8698333333333333,24.163333333333338,0.6666666666666666,93.46,16.083333333333332,100.0,92.16333333333334,-0.47666666666666657,-0.11333333333331552,0.0551666666666667,0.0,0.07666666666666799,0,0,0,1,1,0,1,1,4,False,False,True,False,False,True,2,medium,"Inspect pad life, conditioner performance, retaining ring; Check removal-rate drift, endpoint data, and process recipe inputs"
2026-02-05 03:00:00,CMP-01,424.81,279.03,23.38,15.5,189.6,4.174,0.813,24.89,0,95.11,14.47,0,maintenance_needed,22.495,14.683333333333332,189.73833333333334,0.8624999999999999,24.14166666666667,0.6666666666666666,93.515,16.041666666666668,100.0,93.00999999999999,0.884999999999998,-0.13833333333334963,-0.04949999999999999,1.5949999999999989,-1.5716666666666672,1,1,1,1,1,0,1,1,7,True,True,True,False,False,True,4,high,"Check platen drive, carrier load, vibration source; Inspect slurry delivery flow, filters, and lines; Inspect pad life, conditioner performance, retaining ring; Check removal-rate drift, endpoint data, and process recipe inputs"
2026-02-05 04:00:00,CMP-01,428.17,277.65,22.03,16.13,186.25,4.253,0.88,23.89,0,91.69,17.97,0,maintenance_needed,22.650000000000002,15.048333333333332,189.37833333333333,0.867,24.103333333333335,0.5,93.24833333333333,16.343333333333334,100.0,92.54999999999998,-0.620000000000001,-3.1283333333333303,0.013000000000000012,-1.5583333333333371,1.6266666666666652,1,1,1,1,1,0,1,1,7,True,True,True,False,False,True,4,high,"Check platen drive, carrier load, vibration source; Inspect slurry delivery flow, filters, and lines; Inspect pad life, conditioner performance, retaining ring; Check removal-rate drift, endpoint data, and process recipe inputs"
2026-02-05 05:00:00,CMP-01,431.44,281.68,21.83,15.32,187.79,4.138,1.003,24.47,1,93.01,16.73,0,maintenance_needed,22.501666666666665,15.195,189.12666666666667,0.8868333333333333,24.155,0.5,93.3,16.331666666666667,100.0,93.89333333333335,-0.6716666666666669,-1.336666666666673,0.11616666666666664,-0.28999999999999204,0.39833333333333343,0,1,1,1,1,0,1,1,6,False,True,True,False,False,True,3,high,"Inspect slurry delivery flow, filters, and lines; Inspect pad life, conditioner performance, retaining ring; Check removal-rate drift, endpoint data, and process recipe inputs"
2026-02-05 06:00:00,CMP-01,432.0,279.75,22.27,15.3,182.37,4.325,0.884,22.69,0,92.91,16.84,0,maintenance_needed,22.371666666666666,15.29,187.14999999999998,0.8851666666666667,23.908333333333335,0.3333333333333333,93.195,16.466666666666665,100.0,93.25,-0.10166666666666657,-4.779999999999973,-0.0011666666666666492,-0.2849999999999966,0.37333333333333485,1,1,1,1,1,0,1,1,7,True,True,True,False,False,True,4,high,"Check platen drive, carrier load, vibration source; Inspect slurry delivery flow, filters, and lines; Inspect pad life, conditioner performance, retaining ring; Check removal-rate drift, endpoint data, and process recipe inputs"
2026-02-05 07:00:00,CMP-01,431.86,280.73,22.66,14.96,186.5,4.076,0.961,24.53,1,92.56,17.19,0,maintenance_needed,22.316666666666663,15.198333333333332,187.22166666666666,0.9109999999999999,23.94333333333333,0.3333333333333333,93.12333333333333,16.56,100.0,93.57666666666667,0.34333333333333727,-0.721666666666664,0.050000000000000044,-0.5633333333333326,0.6300000000000026,1,1,1,1,1,0,1,1,7,True,True,True,False,False,True,4,high,"Check platen drive, carrier load, vibration source; Inspect slurry delivery flow, filters, and lines; Inspect pad life, conditioner performance, retaining ring; Check removal-rate drift, endpoint data, and process recipe inputs"
2026-02-05 08:00:00,CMP-01,431.4,282.56,23.31,14.26,180.73,4.094,0.861,25.26,3,91.78,17.96,0,maintenance_needed,22.58,15.245,185.54,0.9003333333333332,24.288333333333338,0.8333333333333334,92.84333333333332,16.86,100.0,94.18666666666667,0.7300000000000004,-4.810000000000002,-0.03933333333333322,-1.0633333333333184,1.1000000000000014,1,0,1,1,1,1,1,1,7,True,True,True,False,True,True,5,high,"Check platen drive, carrier load, vibration source; Inspect slurry delivery flow, filters, and lines; Inspect pad life, conditioner performance, retaining ring; Review recent alarms and tool event log; Check removal-rate drift, endpoint data, and process recipe inputs"
2026-02-05 09:00:00,CMP-01,435.14,283.61,23.33,15.34,197.44,4.187,0.918,22.92,1,92.03,17.79,0,maintenance_needed,22.57166666666667,15.218333333333334,186.84666666666666,0.9178333333333333,23.959999999999997,1.0,92.33,17.41333333333333,100.0,94.53666666666666,0.7583333333333293,10.593333333333334,0.00016666666666675933,-0.29999999999999716,0.3766666666666687,1,1,0,1,1,0,1,1,6,True,False,True,False,False,True,3,high,"Check platen drive, carrier load, vibration source; Inspect pad life, conditioner performance, retaining ring; Check removal-rate drift, endpoint data, and process recipe inputs"
2026-02-05 10:00:00,CMP-01,433.96,281.42,22.78,15.23,194.47,4.137,0.887,25.41,1,92.34,17.46,0,maintenance_needed,22.69666666666667,15.068333333333335,188.21666666666667,0.919,24.213333333333335,1.1666666666666667,92.43833333333333,17.328333333333333,100.0,93.80666666666667,0.08333333333333215,6.25333333333333,-0.03200000000000003,-0.09833333333332916,0.1316666666666677,1,1,0,1,1,0,1,1,6,True,False,True,False,False,True,3,high,"Check platen drive, carrier load, vibration source; Inspect pad life, conditioner performance, retaining ring; Check removal-rate drift, endpoint data, and process recipe inputs"
2026-02-05 11:00:00,CMP-01,433.9,282.98,23.54,15.44,193.36,4.311,0.905,24.71,0,93.71,16.09,0,maintenance_needed,22.981666666666666,15.088333333333333,189.145,0.9026666666666667,24.253333333333334,1.0,92.555,17.221666666666668,100.0,94.32666666666667,0.5583333333333336,4.215000000000003,0.0023333333333332984,1.154999999999987,-1.1316666666666677,1,1,0,1,1,0,1,1,6,True,False,True,False,False,True,3,high,"Check platen drive, carrier load, vibration source; Inspect pad life, conditioner performance, retaining ring; Check removal-rate drift, endpoint data, and process recipe inputs"
2026-02-05 12:00:00,CMP-01,435.56,282.38,22.9,16.56,189.48,4.07,0.847,23.93,2,94.14,15.69,0,maintenance_needed,23.086666666666662,15.298333333333334,190.33,0.8965,24.460000000000004,1.3333333333333333,92.76,17.03,100.0,94.12666666666667,-0.18666666666666387,-0.8500000000000227,-0.04949999999999999,1.3799999999999955,-1.3400000000000016,1,1,1,1,1,1,1,1,8,True,True,True,False,True,True,5,high,"Check platen drive, carrier load, vibration source; Inspect slurry delivery flow, filters, and lines; Inspect pad life, conditioner performance, retaining ring; Review recent alarms and tool event log; Check removal-rate drift, endpoint data, and process recipe inputs"
2026-02-05 13:00:00,CMP-01,440.61,284.86,23.67,15.53,191.73,4.14,0.858,23.42,2,91.7,18.26,0,maintenance_needed,23.255,15.393333333333333,191.20166666666668,0.8793333333333333,24.275000000000002,1.5,92.61666666666666,17.208333333333332,100.0,94.95333333333333,0.4150000000000027,0.5283333333333076,-0.021333333333333315,-0.9166666666666572,1.0516666666666694,1,1,0,1,1,1,1,1,7,True,False,True,False,True,True,4,high,"Check platen drive, carrier load, vibration source; Inspect pad life, conditioner performance, retaining ring; Review recent alarms and tool event log; Check removal-rate drift, endpoint data, and process recipe inputs"
2026-02-05 14:00:00,CMP-01,439.4,285.23,21.8,15.33,192.95,4.217,0.916,25.24,1,93.12,16.81,0,maintenance_needed,23.00333333333333,15.571666666666667,193.23833333333334,0.8885,24.271666666666665,1.1666666666666667,92.83999999999999,17.016666666666666,100.0,95.07666666666668,-1.2033333333333296,-0.2883333333333553,0.02750000000000008,0.28000000000001535,-0.206666666666667,0,1,0,1,1,0,1,1,5,False,False,True,False,False,True,2,medium,"Inspect pad life, conditioner performance, retaining ring; Check removal-rate drift, endpoint data, and process recipe inputs"
2026-02-05 15:00:00,CMP-01,442.09,285.58,21.73,16.06,191.64,4.243,0.83,24.67,0,92.93,17.06,0,maintenance_needed,22.736666666666665,15.691666666666668,192.27166666666665,0.8738333333333334,24.563333333333333,1.0,92.99000000000001,16.895,100.0,95.19333333333333,-1.0066666666666642,-0.6316666666666606,-0.04383333333333339,-0.060000000000002274,0.16499999999999915,0,1,0,1,1,0,1,1,5,False,False,True,False,False,True,2,medium,"Inspect pad life, conditioner performance, retaining ring; Check removal-rate drift, endpoint data, and process recipe inputs"
2026-02-05 16:00:00,CMP-01,440.14,285.83,23.56,14.28,191.46,4.278,0.86,24.87,2,93.56,16.38,0,maintenance_needed,22.866666666666664,15.533333333333331,191.76999999999998,0.8693333333333334,24.473333333333333,1.1666666666666667,93.19333333333333,16.715,100.0,95.27666666666667,0.6933333333333351,-0.30999999999997385,-0.009333333333333416,0.36666666666667425,-0.33500000000000085,1,0,0,1,1,1,1,1,6,True,False,True,False,True,True,4,high,"Check platen drive, carrier load, vibration source; Inspect pad life, conditioner performance, retaining ring; Review recent alarms and tool event log; Check removal-rate drift, endpoint data, and process recipe inputs"
2026-02-05 17:00:00,CMP-01,443.69,286.84,21.92,14.46,183.76,4.225,0.942,24.33,0,91.9,18.12,0,maintenance_needed,22.596666666666668,15.37,190.17,0.8754999999999998,24.41,1.1666666666666667,92.89166666666667,17.05333333333333,100.0,95.61333333333333,-0.6766666666666659,-6.409999999999997,0.06650000000000011,-0.99166666666666,1.06666666666667,0,0,1,1,1,0,1,1,5,False,True,True,False,False,True,3,high,"Inspect slurry delivery flow, filters, and lines; Inspect pad life, conditioner performance, retaining ring; Check removal-rate drift, endpoint data, and process recipe inputs"
2026-02-05 18:00:00,CMP-01,441.92,287.05,22.75,14.89,189.31,4.374,0.876,23.96,0,92.66,17.32,0,maintenance_needed,22.57166666666667,15.091666666666667,190.14166666666665,0.8803333333333333,24.415000000000003,0.8333333333333334,92.645,17.325,100.0,95.68333333333334,0.178333333333331,-0.8316666666666492,-0.0043333333333333,0.015000000000000568,-0.004999999999999005,1,1,1,1,1,0,1,1,7,True,True,True,False,False,True,4,high,"Check platen drive, carrier load, vibration source; Inspect slurry delivery flow, filters, and lines; Inspect pad life, conditioner performance, retaining ring; Check removal-rate drift, endpoint data, and process recipe inputs"
2026-02-05 19:00:00,CMP-01,443.72,289.23,22.95,14.75,185.26,4.16,0.867,25.1,0,92.75,17.28,0,maintenance_needed,22.451666666666668,14.961666666666666,189.0633333333333,0.8818333333333332,24.695000000000004,0.5,92.82,17.161666666666665,100.0,96.41000000000001,0.4983333333333313,-3.8033333333333132,-0.014833333333333254,-0.06999999999999318,0.11833333333333584,1,1,1,1,1,0,1,1,7,True,True,True,False,False,True,4,high,"Check platen drive, carrier load, vibration source; Inspect slurry delivery flow, filters, and lines; Inspect pad life, conditioner performance, retaining ring; Check removal-rate drift, endpoint data, and process recipe inputs"
2026-02-05 20:00:00,CMP-01,449.48,291.07,22.77,15.64,182.07,4.212,0.872,23.94,0,89.89,20.27,0,maintenance_needed,22.613333333333333,15.013333333333334,187.25,0.8744999999999999,24.478333333333335,0.3333333333333333,92.28166666666668,17.738333333333333,100.0,97.02333333333333,0.1566666666666663,-5.180000000000007,-0.0024999999999999467,-2.39166666666668,2.5316666666666663,1,1,1,1,1,0,1,1,7,True,True,True,False,False,True,4,high,"Check platen drive, carrier load, vibration source; Inspect slurry delivery flow, filters, and lines; Inspect pad life, conditioner performance, retaining ring; Check removal-rate drift, endpoint data, and process recipe inputs"
2026-02-05 21:00:00,CMP-01,447.38,287.58,22.75,15.01,182.44,4.266,0.928,25.16,1,91.38,18.73,0,maintenance_needed,22.78333333333333,14.838333333333333,185.71666666666667,0.8908333333333333,24.560000000000002,0.5,92.02333333333333,18.016666666666666,100.0,95.85999999999999,-0.03333333333333144,-3.276666666666671,0.03716666666666679,-0.6433333333333309,0.7133333333333347,1,1,1,1,1,0,1,1,7,True,True,True,False,False,True,4,high,"Check platen drive, carrier load, vibration source; Inspect slurry delivery flow, filters, and lines; Inspect pad life, conditioner performance, retaining ring; Check removal-rate drift, endpoint data, and process recipe inputs"
2026-02-05 22:00:00,CMP-01,446.1,290.41,24.2,16.22,188.85,4.172,0.899,23.43,0,89.94,20.14,0,maintenance_needed,22.89,15.161666666666667,185.28166666666667,0.8973333333333332,24.320000000000004,0.16666666666666666,91.42,18.643333333333334,100.0,96.80333333333334,1.3099999999999987,3.568333333333328,0.0016666666666668162,-1.480000000000004,1.4966666666666661,1,1,1,1,1,0,1,1,7,True,True,True,False,False,True,4,high,"Check platen drive, carrier load, vibration source; Inspect slurry delivery flow, filters, and lines; Inspect pad life, conditioner performance, retaining ring; Check removal-rate drift, endpoint data, and process recipe inputs"
2026-02-05 23:00:00,CMP-01,447.85,290.7,21.1,16.12,191.17,4.174,0.929,23.94,0,89.8,20.32,0,maintenance_needed,22.753333333333334,15.438333333333333,186.51666666666665,0.8951666666666668,24.255,0.16666666666666666,91.07,19.01,100.0,96.89999999999999,-1.6533333333333324,4.653333333333336,0.03383333333333327,-1.269999999999996,1.3099999999999987,0,1,0,1,1,0,1,1,5,False,False,True,False,False,True,2,medium,"Inspect pad life, conditioner performance, retaining ring; Check removal-rate drift, endpoint data, and process recipe inputs"
2026-02-06 00:00:00,CMP-01,449.59,292.44,23.87,15.69,181.3,4.16,0.917,23.61,0,90.2,19.96,0,maintenance_needed,22.94,15.571666666666665,185.18166666666664,0.902,24.19666666666667,0.16666666666666666,90.66000000000001,19.450000000000003,100.0,97.48,0.9299999999999997,-3.881666666666632,0.015000000000000013,-0.46000000000000796,0.509999999999998,1,1,1,1,1,0,1,1,7,True,True,True,False,False,True,4,high,"Check platen drive, carrier load, vibration source; Inspect slurry delivery flow, filters, and lines; Inspect pad life, conditioner performance, retaining ring; Check removal-rate drift, endpoint data, and process recipe inputs"
2026-02-06 01:00:00,CMP-01,452.18,291.36,25.06,15.04,193.48,4.146,1.024,25.49,1,90.24,19.99,0,maintenance_needed,23.291666666666668,15.62,186.55166666666665,0.9281666666666667,24.261666666666667,0.3333333333333333,90.24166666666666,19.901666666666667,100.0,97.12,1.7683333333333309,6.928333333333342,0.09583333333333333,-0.0016666666666651508,0.08833333333333115,1,1,0,1,1,0,1,1,6,True,False,True,False,False,True,3,high,"Check platen drive, carrier load, vibration source; Inspect pad life, conditioner performance, retaining ring; Check removal-rate drift, endpoint data, and process recipe inputs"
2026-02-06 02:00:00,CMP-01,450.12,292.97,23.2,15.61,192.59,4.107,0.906,23.42,1,92.56,17.62,0,maintenance_needed,23.363333333333333,15.615,188.30499999999998,0.9338333333333334,24.175,0.5,90.68666666666667,19.459999999999997,100.0,97.65666666666668,-0.163333333333334,4.285000000000025,-0.027833333333333377,1.8733333333333348,-1.8399999999999963,1,1,0,1,1,0,1,1,6,True,False,True,False,False,True,3,high,"Check platen drive, carrier load, vibration source; Inspect pad life, conditioner performance, retaining ring; Check removal-rate drift, endpoint data, and process recipe inputs"
2026-02-06 03:00:00,CMP-01,448.87,292.55,23.13,15.71,185.32,4.153,0.829,23.81,1,92.59,17.56,0,maintenance_needed,23.426666666666666,15.731666666666667,188.785,0.9173333333333334,23.95,0.5,90.88833333333334,19.265,100.0,97.51666666666668,-0.29666666666666686,-3.4650000000000034,-0.08833333333333349,1.701666666666668,-1.7050000000000018,1,1,1,1,1,0,1,1,7,True,True,True,False,False,True,4,high,"Check platen drive, carrier load, vibration source; Inspect slurry delivery flow, filters, and lines; Inspect pad life, conditioner performance, retaining ring; Check removal-rate drift, endpoint data, and process recipe inputs"
2026-02-06 04:00:00,CMP-01,452.5,295.29,23.82,14.63,184.61,4.074,0.94,25.06,2,90.89,19.34,0,maintenance_needed,23.363333333333333,15.466666666666667,188.07833333333335,0.9241666666666667,24.221666666666668,0.8333333333333334,91.04666666666667,19.131666666666664,100.0,98.43,0.456666666666667,-3.4683333333333337,0.015833333333333255,-0.1566666666666663,0.2083333333333357,1,1,1,1,1,1,1,1,8,True,True,True,False,True,True,5,high,"Check platen drive, carrier load, vibration source; Inspect slurry delivery flow, filters, and lines; Inspect pad life, conditioner performance, retaining ring; Review recent alarms and tool event log; Check removal-rate drift, endpoint data, and process recipe inputs"
2026-02-06 05:00:00,CMP-01,454.03,295.22,24.73,15.5,186.0,4.227,0.938,24.79,0,91.11,19.16,0,maintenance_needed,23.968333333333334,15.363333333333335,187.21666666666667,0.9256666666666667,24.363333333333333,0.8333333333333334,91.265,18.938333333333333,100.0,98.40666666666668,0.7616666666666667,-1.2166666666666686,0.012333333333333196,-0.15500000000000114,0.22166666666666757,1,1,1,1,1,0,1,1,7,True,True,True,False,False,True,4,high,"Check platen drive, carrier load, vibration source; Inspect slurry delivery flow, filters, and lines; Inspect pad life, conditioner performance, retaining ring; Check removal-rate drift, endpoint data, and process recipe inputs"
2026-02-06 06:00:00,CMP-01,455.2,295.56,22.35,15.74,190.1,4.07,0.949,26.12,1,91.27,19.03,0,maintenance_needed,23.715,15.371666666666668,188.6833333333333,0.931,24.781666666666666,1.0,91.44333333333333,18.78333333333333,100.0,98.52,-1.3649999999999984,1.4166666666666856,0.017999999999999905,-0.173333333333332,0.2466666666666697,1,1,0,1,1,0,1,1,6,True,False,True,False,False,True,3,high,"Check platen drive, carrier load, vibration source; Inspect pad life, conditioner performance, retaining ring; Check removal-rate drift, endpoint data, and process recipe inputs"
2026-02-06 07:00:00,CMP-01,458.37,296.84,23.44,15.49,184.3,4.362,0.871,25.92,1,90.6,19.77,0,maintenance_needed,23.445000000000004,15.446666666666667,187.15333333333334,0.9055,24.853333333333335,1.0,91.50333333333333,18.746666666666666,100.0,98.94666666666666,-0.005000000000002558,-2.8533333333333246,-0.034499999999999975,-0.903333333333336,1.0233333333333334,1,1,1,1,1,0,1,1,7,True,True,True,False,False,True,4,high,"Check platen drive, carrier load, vibration source; Inspect slurry delivery flow, filters, and lines; Inspect pad life, conditioner performance, retaining ring; Check removal-rate drift, endpoint data, and process recipe inputs"
2026-02-06 08:00:00,CMP-01,457.57,296.75,23.21,16.29,181.49,4.332,1.003,25.09,1,90.86,19.49,0,maintenance_needed,23.44666666666667,15.56,185.3033333333333,0.9216666666666665,25.131666666666664,1.0,91.21999999999998,19.058333333333334,100.0,98.91666666666666,-0.23666666666666814,-3.813333333333304,0.08133333333333337,-0.3599999999999852,0.43166666666666487,1,1,1,1,1,0,1,1,7,True,True,True,False,False,True,4,high,"Check platen drive, carrier load, vibration source; Inspect slurry delivery flow, filters, and lines; Inspect pad life, conditioner performance, retaining ring; Check removal-rate drift, endpoint data, and process recipe inputs"
2026-02-06 09:00:00,CMP-01,459.46,295.84,23.85,16.1,187.09,4.285,0.951,25.16,1,91.45,18.95,0,maintenance_needed,23.566666666666666,15.625,185.59833333333336,0.9419999999999998,25.356666666666666,1.0,91.03000000000002,19.290000000000003,100.0,98.61333333333332,0.283333333333335,1.4916666666666458,0.009000000000000119,0.4199999999999875,-0.3400000000000034,1,1,1,1,1,0,1,1,7,True,True,True,False,False,True,4,high,"Check platen drive, carrier load, vibration source; Inspect slurry delivery flow, filters, and lines; Inspect pad life, conditioner performance, retaining ring; Check removal-rate drift, endpoint data, and process recipe inputs"
2026-02-06 10:00:00,CMP-01,457.02,299.06,23.47,14.84,177.71,4.18,0.944,23.45,0,89.92,20.42,0,maintenance_needed,23.508333333333336,15.659999999999998,184.44833333333335,0.9426666666666667,25.088333333333335,0.6666666666666666,90.86833333333334,19.47,100.0,99.68666666666667,-0.03833333333333755,-6.738333333333344,0.0013333333333332975,-0.9483333333333377,0.9500000000000028,1,1,1,1,1,0,1,1,7,True,True,True,False,False,True,4,high,"Check platen drive, carrier load, vibration source; Inspect slurry delivery flow, filters, and lines; Inspect pad life, conditioner performance, retaining ring; Check removal-rate drift, endpoint data, and process recipe inputs"
2026-02-06 11:00:00,CMP-01,461.56,299.35,23.98,15.48,186.05,4.15,0.881,24.13,1,89.99,20.46,0,maintenance_needed,23.383333333333336,15.656666666666666,184.45666666666668,0.9331666666666666,24.978333333333335,0.8333333333333334,90.68166666666667,19.686666666666667,100.0,99.78333333333335,0.596666666666664,1.5933333333333337,-0.052166666666666583,-0.6916666666666771,0.7733333333333334,1,1,1,1,1,0,1,1,7,True,True,True,False,False,True,4,high,"Check platen drive, carrier load, vibration source; Inspect slurry delivery flow, filters, and lines; Inspect pad life, conditioner performance, retaining ring; Check removal-rate drift, endpoint data, and process recipe inputs"
2026-02-06 12:00:00,CMP-01,464.77,299.47,23.19,14.95,189.78,4.294,0.99,24.54,0,90.42,20.11,0,maintenance_needed,23.523333333333337,15.525,184.40333333333334,0.94,24.715,0.6666666666666666,90.54,19.866666666666667,100.0,99.82333333333334,-0.3333333333333357,5.376666666666665,0.050000000000000044,-0.12000000000000455,0.2433333333333323,1,1,1,1,1,0,1,1,7,True,True,True,False,False,True,4,high,"Check platen drive, carrier load, vibration source; Inspect slurry delivery flow, filters, and lines; Inspect pad life, conditioner performance, retaining ring; Check removal-rate drift, endpoint data, and process recipe inputs"
2026-02-06 13:00:00,CMP-01,463.39,301.48,23.53,15.78,186.52,4.211,0.96,24.63,1,91.7,18.8,0,maintenance_needed,23.538333333333338,15.573333333333332,184.77333333333334,0.9548333333333333,24.5,0.6666666666666666,90.72333333333334,19.705000000000002,100.0,100.0,-0.008333333333336412,1.7466666666666697,0.005166666666666653,0.9766666666666595,-0.9050000000000011,1,1,1,1,1,0,1,1,7,True,True,True,False,False,True,4,high,"Check platen drive, carrier load, vibration source; Inspect slurry delivery flow, filters, and lines; Inspect pad life, conditioner performance, retaining ring; Check removal-rate drift, endpoint data, and process recipe inputs"
2026-02-06 14:00:00,CMP-01,463.46,302.41,22.96,14.91,188.41,4.241,1.029,23.83,0,90.49,20.01,0,maintenance_needed,23.496666666666666,15.343333333333334,185.9266666666667,0.9591666666666666,24.290000000000003,0.5,90.66166666666668,19.791666666666668,100.0,100.0,-0.5366666666666653,2.4833333333332916,0.0698333333333333,-0.17166666666668107,0.2183333333333337,1,1,1,1,1,0,1,1,7,True,True,True,False,False,True,4,high,"Check platen drive, carrier load, vibration source; Inspect slurry delivery flow, filters, and lines; Inspect pad life, conditioner performance, retaining ring; Check removal-rate drift, endpoint data, and process recipe inputs"
2026-02-06 15:00:00,CMP-01,464.28,300.29,22.98,16.0,187.17,4.139,0.945,24.13,0,92.42,18.09,0,maintenance_needed,23.35166666666667,15.326666666666668,185.94000000000003,0.9581666666666667,24.118333333333336,0.3333333333333333,90.82333333333334,19.648333333333337,100.0,100.0,-0.3716666666666697,1.2299999999999613,-0.013166666666666771,1.596666666666664,-1.5583333333333371,1,1,1,1,1,0,1,1,7,True,True,True,False,False,True,4,high,"Check platen drive, carrier load, vibration source; Inspect slurry delivery flow, filters, and lines; Inspect pad life, conditioner performance, retaining ring; Check removal-rate drift, endpoint data, and process recipe inputs"
2026-02-06 16:00:00,CMP-01,468.22,301.31,23.49,15.74,187.69,4.281,0.915,24.24,0,90.38,20.23,0,maintenance_needed,23.355,15.476666666666667,187.60333333333332,0.9533333333333335,24.25,0.3333333333333333,90.89999999999999,19.616666666666664,100.0,100.0,0.134999999999998,0.08666666666667311,-0.03833333333333344,-0.519999999999996,0.6133333333333368,1,1,1,1,1,0,1,1,7,True,True,True,False,False,True,4,high,"Check platen drive, carrier load, vibration source; Inspect slurry delivery flow, filters, and lines; Inspect pad life, conditioner performance, retaining ring; Check removal-rate drift, endpoint data, and process recipe inputs"
2026-02-06 17:00:00,CMP-01,464.33,304.76,23.4,16.03,185.77,4.133,0.972,25.47,0,92.21,18.3,0,maintenance_needed,23.258333333333336,15.568333333333333,187.5566666666667,0.9685,24.473333333333333,0.16666666666666666,91.27,19.256666666666668,100.0,100.0,0.14166666666666217,-1.7866666666666902,0.0034999999999999476,0.9399999999999977,-0.956666666666667,1,1,1,1,1,0,1,1,7,True,True,True,False,False,True,4,high,"Check platen drive, carrier load, vibration source; Inspect slurry delivery flow, filters, and lines; Inspect pad life, conditioner performance, retaining ring; Check removal-rate drift, endpoint data, and process recipe inputs"
2026-02-06 18:00:00,CMP-01,466.8,305.25,22.63,15.4,181.61,4.205,0.927,25.07,1,88.91,21.67,0,maintenance_needed,23.165000000000003,15.643333333333333,186.19500000000002,0.9580000000000001,24.561666666666667,0.3333333333333333,91.01833333333333,19.51666666666667,100.0,100.0,-0.5350000000000037,-4.585000000000008,-0.031000000000000028,-2.1083333333333343,2.1533333333333324,1,1,1,1,1,0,1,1,7,True,True,True,False,False,True,4,high,"Check platen drive, carrier load, vibration source; Inspect slurry delivery flow, filters, and lines; Inspect pad life, conditioner performance, retaining ring; Check removal-rate drift, endpoint data, and process recipe inputs"
2026-02-06 19:00:00,CMP-01,468.83,303.31,24.88,14.64,183.81,4.058,0.998,24.59,0,89.53,21.09,0,maintenance_needed,23.39,15.453333333333333,185.74333333333334,0.9643333333333333,24.554999999999996,0.16666666666666666,90.65666666666665,19.898333333333337,100.0,100.0,1.4899999999999984,-1.9333333333333371,0.033666666666666734,-1.126666666666651,1.1916666666666629,1,1,1,1,1,0,1,1,7,True,True,True,False,False,True,4,high,"Check platen drive, carrier load, vibration source; Inspect slurry delivery flow, filters, and lines; Inspect pad life, conditioner performance, retaining ring; Check removal-rate drift, endpoint data, and process recipe inputs"
2026-02-06 20:00:00,CMP-01,470.34,303.43,23.55,16.59,184.26,4.144,0.929,24.64,0,90.79,19.87,0,maintenance_needed,23.488333333333333,15.733333333333334,185.05166666666665,0.9476666666666667,24.689999999999998,0.16666666666666666,90.70666666666666,19.875,100.0,100.0,0.061666666666667425,-0.7916666666666572,-0.01866666666666661,0.08333333333334281,-0.004999999999999005,1,1,1,1,1,0,1,1,7,True,True,True,False,False,True,4,high,"Check platen drive, carrier load, vibration source; Inspect slurry delivery flow, filters, and lines; Inspect pad life, conditioner performance, retaining ring; Check removal-rate drift, endpoint data, and process recipe inputs"
2026-02-06 21:00:00,CMP-01,469.21,304.73,22.52,15.41,189.71,4.236,0.972,25.01,3,91.29,19.33,0,maintenance_needed,23.411666666666665,15.635,185.475,0.9521666666666667,24.83666666666667,0.6666666666666666,90.51833333333333,20.081666666666667,100.0,100.0,-0.8916666666666657,4.235000000000014,0.01983333333333326,0.7716666666666754,-0.7516666666666687,1,1,1,1,1,1,1,1,8,True,True,True,False,True,True,5,high,"Check platen drive, carrier load, vibration source; Inspect slurry delivery flow, filters, and lines; Inspect pad life, conditioner performance, retaining ring; Review recent alarms and tool event log; Check removal-rate drift, endpoint data, and process recipe inputs"
2026-02-06 22:00:00,CMP-01,471.55,305.55,24.56,16.38,190.93,4.16,0.973,24.37,0,90.55,20.13,0,maintenance_needed,23.59,15.741666666666667,186.01500000000001,0.9618333333333333,24.858333333333334,0.6666666666666666,90.54666666666667,20.064999999999998,100.0,100.0,0.9699999999999989,4.914999999999992,0.011166666666666658,0.0033333333333303017,0.06500000000000128,1,1,0,1,1,0,1,1,6,True,False,True,False,False,True,3,high,"Check platen drive, carrier load, vibration source; Inspect pad life, conditioner performance, retaining ring; Check removal-rate drift, endpoint data, and process recipe inputs"
2026-02-06 23:00:00,CMP-01,471.5,304.9,23.08,15.81,186.11,4.161,0.983,24.66,2,92.61,18.08,0,maintenance_needed,23.536666666666665,15.705,186.0716666666667,0.9636666666666667,24.723333333333333,1.0,90.61333333333334,20.028333333333332,100.0,100.0,-0.456666666666667,0.03833333333332689,0.019333333333333313,1.9966666666666555,-1.9483333333333341,1,1,1,1,1,1,1,1,8,True,True,True,False,True,True,5,high,"Check platen drive, carrier load, vibration source; Inspect slurry delivery flow, filters, and lines; Inspect pad life, conditioner performance, retaining ring; Review recent alarms and tool event log; Check removal-rate drift, endpoint data, and process recipe inputs"
2026-02-07 00:00:00,CMP-01,473.22,307.49,24.13,15.98,181.24,4.259,0.964,23.71,0,89.94,20.78,0,maintenance_needed,23.786666666666665,15.801666666666668,186.01,0.9698333333333333,24.49666666666667,0.8333333333333334,90.78500000000001,19.88,100.0,100.0,0.3433333333333337,-4.769999999999982,-0.005833333333333357,-0.8450000000000131,0.9000000000000021,1,1,1,1,1,0,1,1,7,True,True,True,False,False,True,4,high,"Check platen drive, carrier load, vibration source; Inspect slurry delivery flow, filters, and lines; Inspect pad life, conditioner performance, retaining ring; Check removal-rate drift, endpoint data, and process recipe inputs"
2026-02-07 01:00:00,CMP-01,473.76,306.56,23.72,16.68,181.27,4.19,0.951,25.32,3,90.16,20.58,0,maintenance_needed,23.593333333333334,16.141666666666666,185.58666666666667,0.9620000000000001,24.618333333333336,1.3333333333333333,90.89,19.794999999999998,100.0,100.0,0.12666666666666515,-4.316666666666663,-0.01100000000000012,-0.730000000000004,0.7850000000000001,1,1,1,1,1,1,1,1,8,True,True,True,False,True,True,5,high,"Check platen drive, carrier load, vibration source; Inspect slurry delivery flow, filters, and lines; Inspect pad life, conditioner performance, retaining ring; Review recent alarms and tool event log; Check removal-rate drift, endpoint data, and process recipe inputs"
2026-02-07 02:00:00,CMP-01,472.95,307.3,23.92,15.78,183.53,4.295,0.985,25.5,0,89.43,21.29,0,maintenance_needed,23.655,16.006666666666664,185.465,0.9713333333333334,24.761666666666667,1.3333333333333333,90.66333333333334,20.031666666666666,100.0,100.0,0.26500000000000057,-1.9350000000000023,0.013666666666666605,-1.2333333333333343,1.2583333333333329,1,1,1,1,1,0,1,1,7,True,True,True,False,False,True,4,high,"Check platen drive, carrier load, vibration source; Inspect slurry delivery flow, filters, and lines; Inspect pad life, conditioner performance, retaining ring; Check removal-rate drift, endpoint data, and process recipe inputs"
2026-02-11 05:00:00,CMP-01,99.91,63.83,18.05,12.67,208.14,4.439,0.328,22.04,0,104.83,0.17,0,normal,18.218333333333334,12.085,210.03666666666666,0.32416666666666666,21.865,0.0,104.69,0.5266666666666666,24.9775,21.276666666666667,-0.168333333333333,-1.8966666666666754,0.0038333333333333552,0.14000000000000057,-0.3566666666666666,0,0,0,0,0,0,0,0,0,False,False,False,True,False,False,1,low,Verify downforce pressure control and sensor calibration
2026-01-06 16:00:00,CMP-02,134.25,88.33,18.26,12.04,217.37,4.138,0.307,21.37,2,105.78,0.78,0,normal,17.855,11.853333333333333,212.14666666666668,0.36033333333333334,21.626666666666665,0.5,104.96333333333335,0.7933333333333333,33.5625,29.44333333333333,0.40500000000000114,5.223333333333329,-0.053333333333333344,0.8166666666666487,-0.013333333333333308,0,0,0,0,0,1,0,0,1,False,False,False,False,True,False,1,low,Review recent alarms and tool event log
2026-01-08 03:00:00,CMP-02,171.77,111.23,19.53,13.04,201.79,4.433,0.371,20.44,0,105.0,0.0,0,normal,18.761666666666667,11.993333333333332,207.78666666666666,0.3598333333333333,21.69333333333333,0.0,104.64666666666666,0.9233333333333333,42.9425,37.07666666666667,0.7683333333333344,-5.99666666666667,0.011166666666666714,0.35333333333333883,-0.9233333333333333,0,0,0,0,0,0,0,0,0,False,False,False,True,False,False,1,low,Verify downforce pressure control and sensor calibration
2026-01-08 14:00:00,CMP-02,181.79,117.55,18.73,11.47,210.21,4.475,0.373,22.61,0,105.29,0.29,0,normal,17.741666666666664,11.921666666666667,212.29666666666665,0.35600000000000004,22.423333333333332,0.0,105.92666666666668,1.09,45.4475,39.18333333333333,0.9883333333333368,-2.0866666666666447,0.01699999999999996,-0.6366666666666703,-0.8,0,0,0,0,0,0,0,0,0,False,False,False,True,False,False,1,low,Verify downforce pressure control and sensor calibration
2026-01-10 11:00:00,CMP-02,223.87,148.51,17.12,12.03,215.78,3.968,0.398,21.47,0,104.6,0.4,0,normal,17.919999999999998,11.653333333333334,209.97833333333335,0.32616666666666666,22.040000000000003,0.0,104.34166666666665,0.725,55.9675,49.50333333333333,-0.7999999999999972,5.801666666666648,0.07183333333333336,0.25833333333333997,-0.32499999999999996,0,0,0,0,0,0,0,0,0,False,False,False,True,False,False,1,low,Verify downforce pressure control and sensor calibration
2026-01-12 21:00:00,CMP-02,283.86,187.44,18.17,11.96,201.2,3.968,0.574,23.28,0,102.22,4.05,0,normal,18.835,12.463333333333333,206.00833333333333,0.5061666666666667,22.456666666666667,0.16666666666666666,102.25999999999999,3.9483333333333337,70.965,62.480000000000004,-0.6649999999999991,-4.808333333333337,0.0678333333333333,-0.03999999999999204,0.10166666666666613,0,0,0,0,0,0,0,0,0,False,False,False,True,False,False,1,low,Verify downforce pressure control and sensor calibration
2026-01-13 09:00:00,CMP-02,297.9,194.33,20.0,13.11,198.1,4.102,0.492,22.84,2,99.71,6.89,0,normal,19.628333333333334,12.996666666666668,202.92999999999998,0.5278333333333334,22.611666666666668,0.6666666666666666,100.43666666666667,6.079999999999999,74.475,64.77666666666667,0.37166666666666615,-4.829999999999984,-0.035833333333333384,-0.7266666666666737,0.8100000000000005,0,0,0,0,0,1,0,0,1,False,False,False,False,True,False,1,low,Review recent alarms and tool event log
2026-01-13 16:00:00,CMP-02,303.86,198.96,21.5,12.75,203.49,3.994,0.526,24.33,0,102.5,4.24,0,normal,19.31,13.12,201.45166666666668,0.5386666666666667,23.088333333333335,0.16666666666666666,101.92833333333334,4.7700000000000005,75.965,66.32000000000001,2.1900000000000013,2.038333333333327,-0.012666666666666715,0.5716666666666583,-0.5300000000000002,0,0,0,0,0,0,0,0,0,False,False,False,True,False,False,1,low,Verify downforce pressure control and sensor calibration
2026-01-15 00:00:00,CMP-02,335.46,218.98,20.22,13.99,201.06,4.22,0.692,24.13,0,96.42,11.07,0,normal,20.64833333333333,13.356666666666667,200.35833333333335,0.6383333333333333,23.82166666666667,0.3333333333333333,99.16833333333334,8.286666666666667,83.865,72.99333333333334,-0.428333333333331,0.7016666666666538,0.05366666666666664,-2.748333333333335,2.783333333333333,0,0,0,0,0,0,0,1,1,False,False,False,False,False,True,1,low,"Check removal-rate drift, endpoint data, and process recipe inputs"
2026-01-15 01:00:00,CMP-02,338.02,219.78,20.87,12.94,196.06,4.299,0.633,23.06,0,97.22,10.32,0,normal,20.456666666666667,13.32,200.41333333333333,0.6321666666666667,23.886666666666667,0.3333333333333333,98.90666666666668,8.57,84.505,73.26,0.413333333333334,-4.353333333333325,0.0008333333333333526,-1.6866666666666816,1.75,0,0,0,0,0,0,0,1,1,False,False,False,False,False,True,1,low,"Check removal-rate drift, endpoint data, and process recipe inputs"
2026-01-15 02:00:00,CMP-02,338.62,220.22,20.41,13.61,193.61,4.211,0.625,24.0,1,97.27,10.29,0,normal,20.588333333333335,13.343333333333334,198.72333333333336,0.6325,23.801666666666666,0.3333333333333333,98.60166666666667,8.898333333333333,84.655,73.40666666666667,-0.17833333333333456,-5.113333333333344,-0.007499999999999951,-1.3316666666666777,1.3916666666666657,0,0,0,0,0,0,0,1,1,False,False,False,False,False,True,1,low,"Check removal-rate drift, endpoint data, and process recipe inputs"
2026-01-15 03:00:00,CMP-02,339.56,220.12,20.58,13.45,188.23,4.212,0.64,23.62,1,97.54,10.03,0,warning,20.686666666666667,13.49,195.955,0.6401666666666667,23.766666666666666,0.3333333333333333,98.04666666666667,9.476666666666667,84.89,73.37333333333333,-0.10666666666666913,-7.725000000000023,-0.0001666666666666483,-0.5066666666666606,0.5533333333333328,0,0,1,0,0,0,0,1,2,False,True,False,False,False,True,2,medium,"Inspect slurry delivery flow, filters, and lines; Check removal-rate drift, endpoint data, and process recipe inputs"
2026-01-15 09:00:00,CMP-02,344.33,222.41,20.73,14.42,194.13,4.189,0.632,23.53,1,96.77,10.92,0,normal,20.689999999999998,14.08,197.69500000000002,0.668,23.628333333333334,0.5,98.94666666666666,8.716666666666667,86.0825,74.13666666666666,0.0400000000000027,-3.565000000000026,-0.03600000000000003,-2.1766666666666623,2.203333333333333,0,0,0,0,0,0,0,1,1,False,False,False,False,False,True,1,low,"Check removal-rate drift, endpoint data, and process recipe inputs"
2026-01-15 10:00:00,CMP-02,344.1,225.56,20.32,13.14,189.91,4.164,0.641,24.17,1,98.95,8.74,0,normal,20.773333333333333,14.040000000000001,197.13333333333333,0.6571666666666667,23.895,0.6666666666666666,98.99,8.693333333333333,86.025,75.18666666666667,-0.45333333333333314,-7.223333333333329,-0.016166666666666663,-0.03999999999999204,0.046666666666666856,0,0,1,0,0,0,0,0,1,False,True,False,False,False,False,1,low,"Inspect slurry delivery flow, filters, and lines"
2026-01-15 11:00:00,CMP-02,346.39,225.4,20.76,12.14,193.1,4.247,0.609,24.55,2,96.37,11.37,0,warning,20.733333333333334,13.755,195.8516666666667,0.6583333333333333,24.03833333333333,0.8333333333333334,98.62166666666667,9.086666666666668,86.5975,75.13333333333333,0.026666666666667282,-2.7516666666666936,-0.04933333333333334,-2.251666666666665,2.2833333333333314,0,0,0,0,0,1,0,1,2,False,False,False,False,True,True,2,medium,"Review recent alarms and tool event log; Check removal-rate drift, endpoint data, and process recipe inputs"
2026-01-15 12:00:00,CMP-02,346.5,226.17,20.23,13.46,189.15,4.218,0.74,23.03,1,96.98,10.76,0,warning,20.641666666666666,13.68,194.57333333333335,0.6755,23.69333333333333,1.0,98.105,9.62,86.625,75.38999999999999,-0.4116666666666653,-5.423333333333346,0.0645,-1.125,1.1400000000000006,0,0,1,1,0,0,0,1,3,False,True,False,False,False,True,2,medium,"Inspect slurry delivery flow, filters, and lines; Check removal-rate drift, endpoint data, and process recipe inputs"
2026-01-15 13:00:00,CMP-02,348.25,225.73,18.79,13.67,195.32,4.235,0.695,23.66,0,97.23,10.55,0,normal,20.315,13.581666666666665,194.33666666666667,0.6805,23.721666666666664,1.0,97.7,10.036666666666667,87.0625,75.24333333333333,-1.5250000000000021,0.9833333333333201,0.014499999999999957,-0.46999999999999886,0.5133333333333336,0,0,0,0,0,0,0,1,1,False,False,False,False,False,True,1,low,"Check removal-rate drift, endpoint data, and process recipe inputs"
2026-01-15 14:00:00,CMP-02,350.71,226.74,20.1,14.23,195.98,4.4,0.691,23.38,0,97.53,10.31,0,normal,20.155,13.51,192.93166666666664,0.668,23.720000000000002,0.8333333333333334,97.305,10.441666666666668,87.6775,75.58,-0.054999999999999716,3.048333333333346,0.02299999999999991,0.22499999999999432,-0.1316666666666677,0,0,0,0,0,0,0,1,1,False,False,False,False,False,True,1,low,"Check removal-rate drift, endpoint data, and process recipe inputs"
2026-01-15 16:00:00,CMP-02,353.1,229.86,20.87,14.18,194.03,4.393,0.679,23.8,0,96.29,11.61,0,normal,20.198333333333334,13.625,195.03666666666666,0.6876666666666665,23.526666666666667,0.5,97.18833333333333,10.613333333333333,88.275,76.62,0.6716666666666669,-1.0066666666666606,-0.00866666666666649,-0.8983333333333263,0.9966666666666661,0,0,0,0,0,0,0,1,1,False,False,False,False,False,True,1,low,"Check removal-rate drift, endpoint data, and process recipe inputs"
2026-01-15 17:00:00,CMP-02,354.42,227.89,21.16,13.45,189.27,4.285,0.663,24.16,1,95.42,12.51,0,warning,20.265,13.843333333333334,194.3983333333333,0.6966666666666667,23.461666666666662,0.3333333333333333,97.03000000000002,10.803333333333333,88.605,75.96333333333332,0.8949999999999996,-5.128333333333302,-0.03366666666666662,-1.6100000000000136,1.706666666666667,0,0,1,0,0,0,1,1,3,False,True,False,False,False,True,2,medium,"Inspect slurry delivery flow, filters, and lines; Check removal-rate drift, endpoint data, and process recipe inputs"
2026-01-15 18:00:00,CMP-02,356.73,230.45,22.02,13.23,194.48,4.286,0.612,23.28,1,97.22,10.76,0,warning,20.563333333333336,13.805,195.28666666666666,0.6753333333333332,23.50333333333333,0.3333333333333333,97.07,10.803333333333335,89.1825,76.81666666666666,1.4566666666666634,-0.806666666666672,-0.06333333333333324,0.15000000000000568,-0.04333333333333478,1,0,0,0,0,0,0,1,2,False,False,False,False,False,True,1,low,"Check removal-rate drift, endpoint data, and process recipe inputs"
2026-01-15 19:00:00,CMP-02,358.27,230.26,22.2,13.96,195.23,4.215,0.691,24.49,2,98.48,9.54,0,warning,21.131666666666668,13.853333333333333,195.27166666666665,0.6746666666666666,23.641666666666666,0.6666666666666666,97.27833333333335,10.635,89.5675,76.75333333333333,1.0683333333333316,-0.04166666666665719,0.01633333333333331,1.2016666666666538,-1.0950000000000006,1,0,0,0,0,1,0,0,2,False,False,False,False,True,False,1,low,Review recent alarms and tool event log
2026-01-15 20:00:00,CMP-02,357.8,232.69,22.24,15.13,201.95,4.288,0.651,23.98,0,97.37,10.64,0,warning,21.488333333333333,14.003333333333332,196.26666666666665,0.668,23.741666666666664,0.6666666666666666,97.25166666666667,10.69,89.45,77.56333333333333,0.7516666666666652,5.683333333333337,-0.017000000000000015,0.1183333333333394,-0.049999999999998934,1,1,0,0,0,0,0,1,3,False,False,False,False,False,True,1,low,"Check removal-rate drift, endpoint data, and process recipe inputs"
2026-01-15 21:00:00,CMP-02,361.08,232.63,20.84,13.71,193.27,4.282,0.767,23.46,1,95.82,12.27,0,maintenance_needed,21.554999999999996,13.943333333333335,194.705,0.6771666666666668,23.861666666666665,0.8333333333333334,96.76666666666667,11.221666666666666,90.27,77.54333333333334,-0.7149999999999963,-1.4350000000000023,0.08983333333333321,-0.9466666666666725,1.0483333333333338,0,0,0,1,1,0,1,1,4,False,False,True,False,False,True,2,medium,"Inspect pad life, conditioner performance, retaining ring; Check removal-rate drift, endpoint data, and process recipe inputs"
2026-01-15 22:00:00,CMP-02,357.1,233.64,21.8,13.09,194.05,4.272,0.66,23.76,0,95.86,12.13,0,warning,21.709999999999997,13.761666666666665,194.70833333333334,0.674,23.855,0.8333333333333334,96.69500000000001,11.308333333333332,89.275,77.88,0.09000000000000341,-0.6583333333333314,-0.014000000000000012,-0.835000000000008,0.821666666666669,0,0,0,0,0,0,1,1,2,False,False,False,False,False,True,1,low,"Check removal-rate drift, endpoint data, and process recipe inputs"
2026-01-15 23:00:00,CMP-02,359.5,233.35,19.19,14.24,197.05,4.011,0.655,23.76,0,94.71,13.33,0,warning,21.381666666666664,13.893333333333336,196.005,0.6726666666666666,23.788333333333338,0.6666666666666666,96.57666666666667,11.445,89.875,77.78333333333333,-2.191666666666663,1.045000000000016,-0.01766666666666661,-1.8666666666666742,1.8849999999999998,0,0,0,0,0,0,1,1,2,False,False,False,False,False,True,1,low,"Check removal-rate drift, endpoint data, and process recipe inputs"
2026-01-16 00:00:00,CMP-02,360.31,234.12,20.06,13.89,183.77,4.108,0.65,25.15,1,95.27,12.8,0,maintenance_needed,21.055,14.003333333333336,194.22,0.6789999999999999,24.099999999999998,0.6666666666666666,96.25166666666667,11.785000000000002,90.0775,78.03999999999999,-0.995000000000001,-10.449999999999989,-0.028999999999999915,-0.9816666666666691,1.0149999999999988,0,0,1,0,1,0,1,1,4,False,True,True,False,False,True,3,high,"Inspect slurry delivery flow, filters, and lines; Inspect pad life, conditioner performance, retaining ring; Check removal-rate drift, endpoint data, and process recipe inputs"
2026-01-16 01:00:00,CMP-02,361.79,233.98,22.4,13.95,197.79,4.318,0.726,24.56,1,96.71,11.39,0,maintenance_needed,21.088333333333335,14.001666666666665,194.64666666666665,0.6848333333333333,24.111666666666668,0.5,95.95666666666666,12.093333333333334,90.4475,77.99333333333333,1.3116666666666639,3.143333333333345,0.041166666666666685,0.7533333333333303,-0.7033333333333331,1,0,0,1,1,0,0,1,4,True,False,True,False,False,True,3,high,"Check platen drive, carrier load, vibration source; Inspect pad life, conditioner performance, retaining ring; Check removal-rate drift, endpoint data, and process recipe inputs"
2026-01-16 02:00:00,CMP-02,363.84,233.66,20.97,14.49,198.96,4.326,0.796,24.2,0,95.48,12.67,0,maintenance_needed,20.876666666666665,13.895000000000001,194.14833333333334,0.7090000000000001,24.14833333333333,0.5,95.64166666666667,12.431666666666667,90.96,77.88666666666667,0.09333333333333371,4.811666666666667,0.08699999999999997,-0.16166666666666174,0.23833333333333329,0,0,0,1,1,0,1,1,4,False,False,True,False,False,True,2,medium,"Inspect pad life, conditioner performance, retaining ring; Check removal-rate drift, endpoint data, and process recipe inputs"
2026-01-16 03:00:00,CMP-02,362.42,235.37,20.96,13.86,199.05,4.227,0.749,23.2,0,97.13,10.98,0,warning,20.896666666666665,13.92,195.11166666666668,0.7060000000000001,24.105,0.3333333333333333,95.86,12.216666666666667,90.605,78.45666666666666,0.06333333333333613,3.9383333333333326,0.04299999999999993,1.269999999999996,-1.2366666666666664,0,0,0,1,1,0,0,1,3,False,False,True,False,False,True,2,medium,"Inspect pad life, conditioner performance, retaining ring; Check removal-rate drift, endpoint data, and process recipe inputs"
2026-01-16 04:00:00,CMP-02,367.08,238.06,21.5,12.79,191.71,4.19,0.601,23.26,0,95.28,12.94,0,warning,20.846666666666668,13.87,194.72166666666666,0.6961666666666666,24.021666666666665,0.3333333333333333,95.76333333333332,12.351666666666667,91.77,79.35333333333332,0.6533333333333324,-3.011666666666656,-0.09516666666666662,-0.48333333333332007,0.5883333333333329,0,0,0,0,1,0,1,1,3,False,False,False,False,False,True,1,low,"Check removal-rate drift, endpoint data, and process recipe inputs"
2026-01-16 05:00:00,CMP-02,367.3,238.84,21.6,13.51,203.78,4.233,0.725,23.63,0,97.41,10.82,0,warning,21.248333333333335,13.748333333333333,195.84333333333333,0.7078333333333333,24.0,0.3333333333333333,96.21333333333332,11.933333333333332,91.825,79.61333333333333,0.35166666666666657,7.936666666666667,0.017166666666666663,1.1966666666666725,-1.1133333333333315,0,0,0,1,1,0,0,1,3,False,False,True,False,False,True,2,medium,"Inspect pad life, conditioner performance, retaining ring; Check removal-rate drift, endpoint data, and process recipe inputs"
2026-01-16 06:00:00,CMP-02,366.64,236.97,20.94,13.91,196.91,4.118,0.726,23.86,1,96.91,11.3,0,warning,21.395,13.751666666666665,198.03333333333333,0.7204999999999999,23.784999999999997,0.3333333333333333,96.48666666666668,11.683333333333335,91.66,78.99000000000001,-0.4549999999999983,-1.1233333333333348,0.00550000000000006,0.4233333333333178,-0.38333333333333464,0,0,0,1,1,0,0,1,3,False,False,True,False,False,True,2,medium,"Inspect pad life, conditioner performance, retaining ring; Check removal-rate drift, endpoint data, and process recipe inputs"
2026-01-16 07:00:00,CMP-02,367.85,237.64,21.17,14.56,206.39,4.327,0.833,24.11,1,98.22,10.02,0,maintenance_needed,21.19,13.853333333333333,199.46666666666667,0.7383333333333333,23.709999999999997,0.3333333333333333,96.73833333333333,11.455,91.9625,79.21333333333332,-0.019999999999999574,6.923333333333318,0.09466666666666668,1.4816666666666691,-1.4350000000000005,0,1,0,1,1,0,0,1,4,False,False,True,False,False,True,2,medium,"Inspect pad life, conditioner performance, retaining ring; Check removal-rate drift, endpoint data, and process recipe inputs"
2026-01-16 08:00:00,CMP-02,366.27,238.4,19.99,13.69,197.99,4.219,0.735,24.22,0,97.31,10.89,0,warning,21.026666666666667,13.719999999999999,199.30499999999998,0.7281666666666666,23.713333333333335,0.3333333333333333,97.04333333333334,11.158333333333333,91.5675,79.46666666666667,-1.0366666666666688,-1.3149999999999693,0.006833333333333358,0.2666666666666657,-0.26833333333333265,0,0,0,1,1,0,0,1,3,False,False,True,False,False,True,2,medium,"Inspect pad life, conditioner performance, retaining ring; Check removal-rate drift, endpoint data, and process recipe inputs"
2026-01-16 09:00:00,CMP-02,364.54,239.01,21.4,14.28,195.95,4.213,0.637,23.64,1,95.48,12.68,0,warning,21.099999999999998,13.79,198.78833333333333,0.7094999999999999,23.786666666666665,0.5,96.76833333333333,11.441666666666665,91.135,79.67,0.3000000000000007,-2.8383333333333383,-0.0724999999999999,-1.288333333333327,1.238333333333335,0,0,0,0,1,0,1,1,3,False,False,False,False,False,True,1,low,"Check removal-rate drift, endpoint data, and process recipe inputs"
2026-01-16 10:00:00,CMP-02,369.85,239.21,21.98,14.7,199.14,4.277,0.689,23.73,2,97.55,10.74,0,maintenance_needed,21.18,14.108333333333334,200.02666666666664,0.7241666666666666,23.865,0.8333333333333334,97.14666666666666,11.075000000000001,92.4625,79.73666666666666,0.8000000000000007,-0.8866666666666561,-0.03516666666666668,0.403333333333336,-0.33500000000000085,0,1,0,0,1,1,0,1,4,False,False,True,False,True,True,3,high,"Inspect pad life, conditioner performance, retaining ring; Review recent alarms and tool event log; Check removal-rate drift, endpoint data, and process recipe inputs"
2026-01-16 11:00:00,CMP-02,371.58,240.41,22.03,14.93,189.1,4.122,0.666,25.14,0,95.04,13.29,0,maintenance_needed,21.251666666666665,14.344999999999999,197.58,0.7143333333333333,24.116666666666664,0.8333333333333334,96.75166666666667,11.486666666666666,92.895,80.13666666666667,0.778333333333336,-8.480000000000018,-0.04833333333333323,-1.711666666666659,1.8033333333333328,1,1,1,0,1,0,1,1,6,False,True,True,False,False,True,3,high,"Inspect slurry delivery flow, filters, and lines; Inspect pad life, conditioner performance, retaining ring; Check removal-rate drift, endpoint data, and process recipe inputs"
2026-01-16 12:00:00,CMP-02,372.42,242.58,21.46,13.67,196.56,4.175,0.765,23.56,0,98.2,10.15,0,warning,21.338333333333335,14.305,197.52166666666668,0.7208333333333333,24.066666666666666,0.6666666666666666,96.96666666666665,11.295,93.105,80.86000000000001,0.12166666666666615,-0.9616666666666731,0.04416666666666669,1.2333333333333485,-1.1449999999999996,0,0,0,1,1,0,0,1,3,False,False,True,False,False,True,2,medium,"Inspect pad life, conditioner performance, retaining ring; Check removal-rate drift, endpoint data, and process recipe inputs"
2026-01-16 13:00:00,CMP-02,371.04,243.31,20.82,14.11,186.95,4.268,0.774,23.66,0,95.08,13.23,0,maintenance_needed,21.279999999999998,14.229999999999999,194.28166666666667,0.711,23.991666666666664,0.5,96.44333333333333,11.83,92.76,81.10333333333334,-0.4599999999999973,-7.331666666666678,0.06300000000000006,-1.3633333333333297,1.4000000000000004,0,0,1,1,1,0,1,1,5,False,True,True,False,False,True,3,high,"Inspect slurry delivery flow, filters, and lines; Inspect pad life, conditioner performance, retaining ring; Check removal-rate drift, endpoint data, and process recipe inputs"
2026-01-16 14:00:00,CMP-02,373.2,245.06,21.04,14.2,188.78,4.261,0.803,23.38,2,95.23,13.14,0,maintenance_needed,21.455,14.315,192.74666666666667,0.7223333333333333,23.851666666666663,0.8333333333333334,96.09666666666668,12.205,93.3,81.68666666666667,-0.41499999999999915,-3.9666666666666686,0.08066666666666678,-0.8666666666666742,0.9350000000000005,0,0,1,1,1,1,1,1,6,False,True,True,False,True,True,4,high,"Inspect slurry delivery flow, filters, and lines; Inspect pad life, conditioner performance, retaining ring; Review recent alarms and tool event log; Check removal-rate drift, endpoint data, and process recipe inputs"
2026-01-16 15:00:00,CMP-02,378.17,243.59,20.79,14.04,198.17,4.271,0.796,23.19,0,98.02,10.46,0,warning,21.353333333333335,14.275,193.11666666666665,0.7488333333333334,23.776666666666667,0.6666666666666666,96.52,11.835,94.5425,81.19666666666667,-0.5633333333333361,5.053333333333342,0.04716666666666669,1.5,-1.375,0,0,0,1,1,0,0,1,3,False,False,True,False,False,True,2,medium,"Inspect pad life, conditioner performance, retaining ring; Check removal-rate drift, endpoint data, and process recipe inputs"
2026-01-16 16:00:00,CMP-02,377.33,241.98,20.26,15.08,191.62,4.179,0.69,24.26,0,95.09,13.38,0,maintenance_needed,21.066666666666666,14.338333333333333,191.86333333333332,0.749,23.865,0.3333333333333333,96.11,12.275,94.3325,80.66,-0.8066666666666649,-0.24333333333331097,-0.05900000000000005,-1.019999999999996,1.1050000000000004,0,1,0,0,1,0,1,1,4,False,False,True,False,False,True,2,medium,"Inspect pad life, conditioner performance, retaining ring; Check removal-rate drift, endpoint data, and process recipe inputs"
2026-01-16 17:00:00,CMP-02,378.12,244.43,21.82,13.97,193.61,4.164,0.713,22.95,1,94.53,13.95,0,maintenance_needed,21.031666666666666,14.178333333333335,192.615,0.7568333333333332,23.5,0.5,96.02499999999999,12.385,94.53,81.47666666666666,0.788333333333334,0.9950000000000045,-0.04383333333333328,-1.4949999999999903,1.5649999999999995,0,0,0,1,1,0,1,1,4,False,False,True,False,False,True,2,medium,"Inspect pad life, conditioner performance, retaining ring; Check removal-rate drift, endpoint data, and process recipe inputs"
2026-01-16 18:00:00,CMP-02,377.46,244.5,20.88,14.78,195.99,4.219,0.744,23.26,0,95.09,13.38,0,maintenance_needed,20.935,14.363333333333335,192.51999999999998,0.7533333333333334,23.450000000000003,0.5,95.50666666666666,12.923333333333334,94.365,81.5,-0.054999999999999716,3.4700000000000273,-0.009333333333333416,-0.4166666666666572,0.456666666666667,0,1,0,1,1,0,1,1,5,False,False,True,False,False,True,2,medium,"Inspect pad life, conditioner performance, retaining ring; Check removal-rate drift, endpoint data, and process recipe inputs"
2026-01-16 19:00:00,CMP-02,380.34,245.97,23.3,13.91,191.63,4.199,0.745,24.19,0,94.98,13.56,0,maintenance_needed,21.348333333333333,14.33,193.29999999999998,0.7484999999999999,23.538333333333338,0.5,95.49000000000001,12.978333333333333,95.085,81.99,1.951666666666668,-1.6699999999999875,-0.0034999999999999476,-0.5100000000000051,0.581666666666667,1,0,0,1,1,0,1,1,5,True,False,True,False,False,True,3,high,"Check platen drive, carrier load, vibration source; Inspect pad life, conditioner performance, retaining ring; Check removal-rate drift, endpoint data, and process recipe inputs"
2026-01-16 20:00:00,CMP-02,382.33,246.17,21.78,14.68,194.46,4.302,0.764,24.31,1,94.7,13.88,0,maintenance_needed,21.471666666666664,14.409999999999998,194.24666666666667,0.742,23.69333333333333,0.3333333333333333,95.40166666666666,13.101666666666667,95.5825,82.05666666666667,0.3083333333333371,0.21333333333333826,0.02200000000000002,-0.7016666666666538,0.7783333333333342,0,1,0,1,1,0,1,1,5,False,False,True,False,False,True,2,medium,"Inspect pad life, conditioner performance, retaining ring; Check removal-rate drift, endpoint data, and process recipe inputs"
2026-01-16 21:00:00,CMP-02,382.38,248.76,22.68,15.09,195.91,4.141,0.858,24.37,0,94.49,14.09,0,maintenance_needed,21.786666666666665,14.584999999999999,193.87,0.7523333333333334,23.89,0.3333333333333333,94.81333333333333,13.706666666666665,95.595,82.91999999999999,0.8933333333333344,2.039999999999992,0.10566666666666658,-0.3233333333333377,0.38333333333333464,1,1,0,1,1,0,1,1,6,True,False,True,False,False,True,3,high,"Check platen drive, carrier load, vibration source; Inspect pad life, conditioner performance, retaining ring; Check removal-rate drift, endpoint data, and process recipe inputs"
2026-01-16 22:00:00,CMP-02,381.29,247.35,20.27,15.06,193.54,4.234,0.719,24.51,1,96.17,12.39,0,maintenance_needed,21.78833333333333,14.581666666666665,194.19000000000003,0.7571666666666667,23.93166666666667,0.5,94.99333333333334,13.541666666666666,95.3225,82.45,-1.5183333333333309,-0.6500000000000341,-0.03816666666666668,1.1766666666666623,-1.1516666666666655,0,1,0,1,1,0,0,1,4,False,False,True,False,False,True,2,medium,"Inspect pad life, conditioner performance, retaining ring; Check removal-rate drift, endpoint data, and process recipe inputs"
2026-01-16 23:00:00,CMP-02,383.53,248.96,21.45,14.09,196.94,4.258,0.741,24.51,1,95.93,12.68,0,maintenance_needed,21.72666666666667,14.601666666666667,194.745,0.7618333333333333,24.191666666666666,0.5,95.22666666666667,13.33,95.8825,82.98666666666666,-0.27666666666667084,2.194999999999993,-0.02083333333333326,0.7033333333333331,-0.6500000000000004,0,0,0,1,1,0,1,1,4,False,False,True,False,False,True,2,medium,"Inspect pad life, conditioner performance, retaining ring; Check removal-rate drift, endpoint data, and process recipe inputs"
2026-01-17 00:00:00,CMP-02,382.44,251.64,22.27,14.09,201.9,4.412,0.734,24.12,0,95.09,13.5,0,maintenance_needed,21.958333333333332,14.486666666666665,195.73000000000002,0.7601666666666667,24.335000000000004,0.5,95.22666666666667,13.350000000000001,95.61,83.88,0.3116666666666674,6.1699999999999875,-0.02616666666666667,-0.13666666666667027,0.14999999999999858,1,0,0,1,1,0,1,1,5,True,False,True,True,False,True,4,high,"Check platen drive, carrier load, vibration source; Inspect pad life, conditioner performance, retaining ring; Verify downforce pressure control and sensor calibration; Check removal-rate drift, endpoint data, and process recipe inputs"
2026-01-17 01:00:00,CMP-02,384.47,250.23,22.27,14.58,190.23,4.124,0.714,22.71,1,95.33,13.3,0,maintenance_needed,21.786666666666665,14.598333333333334,195.49666666666667,0.755,24.088333333333335,0.6666666666666666,95.28500000000001,13.306666666666667,96.1175,83.41,0.4833333333333343,-5.26666666666668,-0.041000000000000036,0.044999999999987494,-0.0066666666666659324,1,1,0,1,1,0,1,1,6,True,False,True,False,False,True,3,high,"Check platen drive, carrier load, vibration source; Inspect pad life, conditioner performance, retaining ring; Check removal-rate drift, endpoint data, and process recipe inputs"
2026-01-17 02:00:00,CMP-02,387.08,249.02,21.98,14.98,188.69,4.301,0.702,24.18,0,94.99,13.71,0,maintenance_needed,21.819999999999997,14.648333333333333,194.535,0.7446666666666667,24.066666666666666,0.5,95.33333333333333,13.278333333333334,96.77,83.00666666666667,0.1600000000000037,-5.844999999999999,-0.04266666666666674,-0.3433333333333337,0.43166666666666664,0,1,1,1,1,0,1,1,6,False,True,True,False,False,True,3,high,"Inspect slurry delivery flow, filters, and lines; Inspect pad life, conditioner performance, retaining ring; Check removal-rate drift, endpoint data, and process recipe inputs"
2026-01-17 03:00:00,CMP-02,386.06,252.57,22.09,14.21,188.22,4.287,0.726,23.91,0,94.09,14.58,0,maintenance_needed,21.721666666666664,14.501666666666667,193.25333333333333,0.7226666666666667,23.99,0.5,95.26666666666667,13.36,96.515,84.19,0.36833333333333584,-5.033333333333331,0.0033333333333332993,-1.1766666666666623,1.2200000000000006,1,0,1,1,1,0,1,1,6,True,True,True,False,False,True,4,high,"Check platen drive, carrier load, vibration source; Inspect slurry delivery flow, filters, and lines; Inspect pad life, conditioner performance, retaining ring; Check removal-rate drift, endpoint data, and process recipe inputs"
2026-01-17 04:00:00,CMP-02,387.61,252.73,21.05,14.86,193.58,4.195,0.695,23.6,0,93.68,15.03,0,maintenance_needed,21.851666666666663,14.468333333333334,193.26,0.7186666666666666,23.838333333333335,0.3333333333333333,94.85166666666667,13.799999999999999,96.9025,84.24333333333333,-0.8016666666666623,0.3200000000000216,-0.023666666666666614,-1.1716666666666669,1.2300000000000004,0,1,0,0,1,0,1,1,4,False,False,True,False,False,True,2,medium,"Inspect pad life, conditioner performance, retaining ring; Check removal-rate drift, endpoint data, and process recipe inputs"
2026-01-17 05:00:00,CMP-02,391.59,253.47,21.07,13.51,199.52,4.237,0.832,23.99,0,96.68,12.12,0,warning,21.788333333333338,14.371666666666664,193.68999999999997,0.7338333333333332,23.75166666666667,0.16666666666666666,94.97666666666667,13.706666666666665,97.8975,84.49,-0.7183333333333373,5.830000000000041,0.09816666666666674,1.7033333333333331,-1.586666666666666,0,0,0,1,1,0,0,1,3,False,False,True,False,False,True,2,medium,"Inspect pad life, conditioner performance, retaining ring; Check removal-rate drift, endpoint data, and process recipe inputs"
2026-01-17 06:00:00,CMP-02,389.72,254.28,21.33,14.57,187.91,4.264,0.707,24.91,3,95.23,13.53,0,maintenance_needed,21.631666666666664,14.451666666666666,191.35833333333335,0.7293333333333333,23.883333333333336,0.6666666666666666,95.0,13.711666666666666,97.43,84.76,-0.30166666666666586,-3.448333333333352,-0.022333333333333316,0.23000000000000398,-0.18166666666666664,0,1,1,1,1,1,1,1,7,False,True,True,False,True,True,4,high,"Inspect slurry delivery flow, filters, and lines; Inspect pad life, conditioner performance, retaining ring; Review recent alarms and tool event log; Check removal-rate drift, endpoint data, and process recipe inputs"
2026-01-17 07:00:00,CMP-02,392.4,253.07,20.62,14.77,187.74,4.19,0.734,24.32,0,95.55,13.27,0,maintenance_needed,21.356666666666666,14.483333333333333,190.94333333333336,0.7326666666666667,24.151666666666667,0.5,95.03666666666668,13.706666666666665,98.1,84.35666666666667,-0.7366666666666646,-3.2033333333333474,0.0013333333333332975,0.5133333333333212,-0.43666666666666565,0,1,1,1,1,0,1,1,6,False,True,True,False,False,True,3,high,"Inspect slurry delivery flow, filters, and lines; Inspect pad life, conditioner performance, retaining ring; Check removal-rate drift, endpoint data, and process recipe inputs"
2026-01-17 08:00:00,CMP-02,391.49,253.67,22.58,13.73,189.69,4.025,0.696,24.69,1,96.25,12.55,0,maintenance_needed,21.456666666666667,14.275,191.11,0.7316666666666666,24.236666666666668,0.6666666666666666,95.24666666666667,13.513333333333334,97.8725,84.55666666666666,1.1233333333333313,-1.420000000000016,-0.035666666666666624,1.0033333333333303,-0.9633333333333329,1,0,1,0,1,0,0,1,4,False,True,True,False,False,True,3,high,"Inspect slurry delivery flow, filters, and lines; Inspect pad life, conditioner performance, retaining ring; Check removal-rate drift, endpoint data, and process recipe inputs"
2026-01-17 09:00:00,CMP-02,390.99,255.62,20.86,14.34,194.66,4.199,0.784,23.81,0,93.2,15.59,0,maintenance_needed,21.251666666666665,14.296666666666667,192.1833333333333,0.7413333333333334,24.22,0.6666666666666666,95.09833333333334,13.681666666666667,97.7475,85.20666666666666,-0.3916666666666657,2.476666666666688,0.04266666666666663,-1.8983333333333405,1.9083333333333332,0,0,0,1,1,0,1,1,4,False,False,True,False,False,True,2,medium,"Inspect pad life, conditioner performance, retaining ring; Check removal-rate drift, endpoint data, and process recipe inputs"
2026-01-17 10:00:00,CMP-02,394.03,254.17,21.0,15.0,188.25,4.179,0.735,24.53,0,94.67,14.19,0,maintenance_needed,21.243333333333332,14.32,191.295,0.7479999999999999,24.375,0.6666666666666666,95.26333333333334,13.541666666666666,98.5075,84.72333333333333,-0.2433333333333323,-3.0449999999999875,-0.0129999999999999,-0.5933333333333337,0.6483333333333334,0,1,1,1,1,0,1,1,6,False,True,True,False,False,True,3,high,"Inspect slurry delivery flow, filters, and lines; Inspect pad life, conditioner performance, retaining ring; Check removal-rate drift, endpoint data, and process recipe inputs"
2026-01-17 11:00:00,CMP-02,394.38,255.79,21.66,13.55,188.26,4.106,0.839,23.74,3,94.72,14.15,0,maintenance_needed,21.34166666666667,14.326666666666666,189.41833333333332,0.7491666666666666,24.333333333333332,1.1666666666666667,94.93666666666667,13.88,98.595,85.26333333333334,0.3183333333333316,-1.1583333333333314,0.08983333333333332,-0.21666666666666856,0.2699999999999996,0,0,1,1,1,1,1,1,6,False,True,True,False,True,True,4,high,"Inspect slurry delivery flow, filters, and lines; Inspect pad life, conditioner performance, retaining ring; Review recent alarms and tool event log; Check removal-rate drift, endpoint data, and process recipe inputs"
2026-01-17 12:00:00,CMP-02,392.43,258.7,23.14,14.08,189.04,4.324,0.72,22.83,2,93.78,15.05,0,maintenance_needed,21.643333333333334,14.245,189.60666666666668,0.7513333333333333,23.986666666666668,1.0,94.695,14.133333333333333,98.1075,86.23333333333333,1.4966666666666661,-0.5666666666666913,-0.031333333333333324,-0.914999999999992,0.9166666666666679,1,0,1,1,1,1,1,1,7,True,True,True,False,True,True,5,high,"Check platen drive, carrier load, vibration source; Inspect slurry delivery flow, filters, and lines; Inspect pad life, conditioner performance, retaining ring; Review recent alarms and tool event log; Check removal-rate drift, endpoint data, and process recipe inputs"
2026-01-17 13:00:00,CMP-02,394.88,256.6,22.07,13.55,188.75,4.097,0.812,24.9,0,95.58,13.3,0,maintenance_needed,21.885,14.041666666666666,189.775,0.7643333333333334,24.083333333333332,1.0,94.7,14.138333333333334,98.72,85.53333333333335,0.18499999999999872,-1.0250000000000057,0.047666666666666635,0.8799999999999955,-0.8383333333333329,1,0,1,1,1,0,1,1,6,True,True,True,False,False,True,4,high,"Check platen drive, carrier load, vibration source; Inspect slurry delivery flow, filters, and lines; Inspect pad life, conditioner performance, retaining ring; Check removal-rate drift, endpoint data, and process recipe inputs"
2026-01-17 14:00:00,CMP-02,397.27,259.09,22.33,15.63,191.91,4.227,0.664,23.57,0,93.9,15.04,0,maintenance_needed,21.843333333333334,14.358333333333334,190.14499999999998,0.759,23.896666666666665,0.8333333333333334,94.30833333333334,14.553333333333335,99.3175,86.36333333333333,0.4866666666666646,1.7650000000000148,-0.09499999999999997,-0.40833333333333144,0.4866666666666646,1,1,0,0,1,0,1,1,5,False,False,True,False,False,True,2,medium,"Inspect pad life, conditioner performance, retaining ring; Check removal-rate drift, endpoint data, and process recipe inputs"
2026-01-17 15:00:00,CMP-02,401.66,260.55,22.1,13.61,193.0,4.156,0.766,23.08,2,95.81,13.23,0,maintenance_needed,22.05,14.236666666666666,189.86833333333334,0.7559999999999999,23.775000000000002,1.1666666666666667,94.74333333333334,14.160000000000002,100.0,86.85000000000001,0.05000000000000071,3.1316666666666606,0.01000000000000012,1.0666666666666629,-0.9300000000000015,1,0,0,1,1,1,1,1,6,True,False,True,False,True,True,4,high,"Check platen drive, carrier load, vibration source; Inspect pad life, conditioner performance, retaining ring; Review recent alarms and tool event log; Check removal-rate drift, endpoint data, and process recipe inputs"
2026-01-17 16:00:00,CMP-02,399.0,259.92,23.24,13.49,186.74,4.139,0.758,23.98,0,94.12,14.86,0,maintenance_needed,22.423333333333332,13.985,189.61666666666667,0.7598333333333334,23.683333333333334,1.1666666666666667,94.65166666666666,14.271666666666668,99.75,86.64,0.8166666666666664,-2.876666666666665,-0.0018333333333333535,-0.5316666666666521,0.5883333333333312,1,0,1,1,1,0,1,1,6,True,True,True,False,False,True,4,high,"Check platen drive, carrier load, vibration source; Inspect slurry delivery flow, filters, and lines; Inspect pad life, conditioner performance, retaining ring; Check removal-rate drift, endpoint data, and process recipe inputs"
2026-01-17 17:00:00,CMP-02,400.97,260.13,22.5,14.92,188.2,4.176,0.787,23.16,1,95.97,13.05,0,maintenance_needed,22.563333333333333,14.213333333333333,189.60666666666665,0.7511666666666668,23.58666666666667,0.8333333333333334,94.86000000000001,14.088333333333333,100.0,86.71,-0.06333333333333258,-1.4066666666666663,0.03583333333333327,1.1099999999999852,-1.0383333333333322,1,1,1,1,1,0,1,1,7,True,True,True,False,False,True,4,high,"Check platen drive, carrier load, vibration source; Inspect slurry delivery flow, filters, and lines; Inspect pad life, conditioner performance, retaining ring; Check removal-rate drift, endpoint data, and process recipe inputs"
2026-01-17 18:00:00,CMP-02,403.15,262.78,20.87,14.88,190.32,4.158,0.749,23.76,0,95.34,13.73,0,maintenance_needed,22.185000000000002,14.346666666666666,189.82000000000002,0.7559999999999999,23.741666666666664,0.5,95.12,13.868333333333334,100.0,87.59333333333332,-1.3150000000000013,0.4999999999999716,-0.006999999999999895,0.21999999999999886,-0.13833333333333364,0,1,0,1,1,0,1,1,5,False,False,True,False,False,True,2,medium,"Inspect pad life, conditioner performance, retaining ring; Check removal-rate drift, endpoint data, and process recipe inputs"
2026-01-17 19:00:00,CMP-02,403.55,260.39,21.08,13.94,193.09,4.055,0.831,23.82,0,94.58,14.5,0,maintenance_needed,22.02,14.411666666666667,190.54333333333332,0.7591666666666667,23.561666666666667,0.5,94.95333333333333,14.068333333333335,100.0,86.79666666666667,-0.9400000000000013,2.546666666666681,0.0718333333333333,-0.37333333333333485,0.43166666666666487,0,0,0,1,1,0,1,1,4,False,False,True,False,False,True,2,medium,"Inspect pad life, conditioner performance, retaining ring; Check removal-rate drift, endpoint data, and process recipe inputs"
2026-01-17 20:00:00,CMP-02,403.42,264.48,22.2,15.02,196.65,4.114,0.765,24.19,0,95.83,13.25,0,maintenance_needed,21.998333333333335,14.31,191.33333333333334,0.7759999999999999,23.665000000000003,0.5,95.27500000000002,13.770000000000001,100.0,88.16000000000001,0.20166666666666444,5.316666666666663,-0.010999999999999899,0.5549999999999784,-0.5200000000000014,1,1,0,1,1,0,1,1,6,True,False,True,False,False,True,3,high,"Check platen drive, carrier load, vibration source; Inspect pad life, conditioner performance, retaining ring; Check removal-rate drift, endpoint data, and process recipe inputs"
2026-01-17 21:00:00,CMP-02,408.07,262.23,22.39,15.28,192.06,4.119,0.812,23.43,1,94.77,14.42,0,maintenance_needed,22.046666666666667,14.588333333333333,191.17666666666665,0.7836666666666666,23.723333333333333,0.3333333333333333,95.10166666666667,13.968333333333334,100.0,87.41000000000001,0.3433333333333337,0.8833333333333542,0.028333333333333433,-0.33166666666667766,0.4516666666666662,1,1,0,1,1,0,1,1,6,True,False,True,False,False,True,3,high,"Check platen drive, carrier load, vibration source; Inspect pad life, conditioner performance, retaining ring; Check removal-rate drift, endpoint data, and process recipe inputs"
2026-01-17 22:00:00,CMP-02,408.42,263.93,21.74,14.25,193.29,4.171,0.849,25.09,1,95.52,13.68,0,maintenance_needed,21.796666666666667,14.715000000000002,192.26833333333332,0.7988333333333334,23.90833333333333,0.5,95.335,13.771666666666667,100.0,87.97666666666667,-0.05666666666666842,1.0216666666666754,0.05016666666666658,0.18500000000000227,-0.09166666666666679,0,0,0,1,1,0,1,1,4,False,False,True,False,False,True,2,medium,"Inspect pad life, conditioner performance, retaining ring; Check removal-rate drift, endpoint data, and process recipe inputs"
2026-01-17 23:00:00,CMP-02,402.67,263.29,22.31,15.02,184.93,4.296,0.811,24.47,0,93.52,15.54,0,maintenance_needed,21.764999999999997,14.731666666666667,191.72333333333333,0.8028333333333334,24.126666666666665,0.3333333333333333,94.92666666666666,14.186666666666667,100.0,87.76333333333334,0.5450000000000017,-6.793333333333322,0.008166666666666655,-1.4066666666666663,1.3533333333333317,1,1,1,1,1,0,1,1,7,True,True,True,False,False,True,4,high,"Check platen drive, carrier load, vibration source; Inspect slurry delivery flow, filters, and lines; Inspect pad life, conditioner performance, retaining ring; Check removal-rate drift, endpoint data, and process recipe inputs"
2026-01-18 00:00:00,CMP-02,409.74,263.97,23.27,15.84,191.4,4.082,0.874,23.67,0,93.27,15.96,0,maintenance_needed,22.165000000000003,14.891666666666667,191.90333333333334,0.8236666666666665,24.111666666666668,0.3333333333333333,94.58166666666666,14.558333333333332,100.0,87.99000000000001,1.1049999999999969,-0.5033333333333303,0.05033333333333345,-1.3116666666666674,1.401666666666669,1,1,0,1,1,0,1,1,6,True,False,True,False,False,True,3,high,"Check platen drive, carrier load, vibration source; Inspect pad life, conditioner performance, retaining ring; Check removal-rate drift, endpoint data, and process recipe inputs"
2026-01-18 01:00:00,CMP-02,410.0,266.96,21.81,14.54,190.06,4.097,0.806,23.99,2,93.89,15.34,0,maintenance_needed,22.286666666666665,14.991666666666665,191.39833333333334,0.8195,24.14,0.6666666666666666,94.46666666666665,14.698333333333332,100.0,88.98666666666666,-0.47666666666666657,-1.3383333333333383,-0.013499999999999956,-0.5766666666666538,0.6416666666666675,0,1,0,1,1,1,1,1,6,False,False,True,False,True,True,3,high,"Inspect pad life, conditioner performance, retaining ring; Review recent alarms and tool event log; Check removal-rate drift, endpoint data, and process recipe inputs"
2026-01-18 02:00:00,CMP-02,411.78,266.57,23.39,13.58,188.0,4.221,0.789,24.4,1,94.17,15.11,0,maintenance_needed,22.485,14.751666666666665,189.95666666666668,0.8235000000000001,24.174999999999997,0.8333333333333334,94.19,15.008333333333333,100.0,88.85666666666665,0.9050000000000011,-1.9566666666666777,-0.034500000000000086,-0.01999999999999602,0.10166666666666657,1,0,1,1,1,0,1,1,6,True,True,True,False,False,True,4,high,"Check platen drive, carrier load, vibration source; Inspect slurry delivery flow, filters, and lines; Inspect pad life, conditioner performance, retaining ring; Check removal-rate drift, endpoint data, and process recipe inputs"
2026-01-18 03:00:00,CMP-02,411.19,267.73,23.38,14.43,192.04,4.189,0.857,24.58,1,95.73,13.53,0,maintenance_needed,22.650000000000002,14.61,189.95333333333335,0.8310000000000001,24.366666666666664,0.8333333333333334,94.35000000000001,14.86,100.0,89.24333333333334,0.7299999999999969,2.0866666666666447,0.025999999999999912,1.3799999999999955,-1.33,1,0,0,1,1,0,1,1,5,True,False,True,False,False,True,3,high,"Check platen drive, carrier load, vibration source; Inspect pad life, conditioner performance, retaining ring; Check removal-rate drift, endpoint data, and process recipe inputs"
2026-01-18 04:00:00,CMP-02,413.5,266.31,19.87,16.14,183.54,4.179,0.831,23.33,0,91.88,17.44,0,maintenance_needed,22.338333333333335,14.924999999999999,188.32833333333335,0.828,24.073333333333334,0.6666666666666666,93.74333333333334,15.486666666666666,100.0,88.77000000000001,-2.4683333333333337,-4.788333333333355,0.0030000000000000027,-1.863333333333344,1.953333333333335,0,1,1,1,1,0,1,1,6,False,True,True,False,False,True,3,high,"Inspect slurry delivery flow, filters, and lines; Inspect pad life, conditioner performance, retaining ring; Check removal-rate drift, endpoint data, and process recipe inputs"
2026-01-18 05:00:00,CMP-02,416.47,268.04,21.85,13.32,189.03,4.266,0.811,23.15,0,94.16,15.23,0,maintenance_needed,22.261666666666667,14.641666666666666,189.01166666666666,0.828,23.853333333333335,0.6666666666666666,93.85000000000001,15.435,100.0,89.34666666666668,-0.4116666666666653,0.01833333333334508,-0.016999999999999904,0.30999999999998806,-0.20500000000000007,0,0,1,1,1,0,1,1,5,False,True,True,False,False,True,3,high,"Inspect slurry delivery flow, filters, and lines; Inspect pad life, conditioner performance, retaining ring; Check removal-rate drift, endpoint data, and process recipe inputs"
2026-01-18 06:00:00,CMP-02,417.08,267.68,23.0,14.92,182.1,4.359,0.866,24.35,1,92.91,16.49,0,maintenance_needed,22.21666666666667,14.488333333333332,187.46166666666667,0.8266666666666668,23.966666666666665,0.8333333333333334,93.79,15.523333333333333,100.0,89.22666666666666,0.7833333333333314,-5.361666666666679,0.03933333333333322,-0.8800000000000097,0.966666666666665,1,1,1,1,1,0,1,1,7,True,True,True,False,False,True,4,high,"Check platen drive, carrier load, vibration source; Inspect slurry delivery flow, filters, and lines; Inspect pad life, conditioner performance, retaining ring; Check removal-rate drift, endpoint data, and process recipe inputs"
2026-01-18 07:00:00,CMP-02,418.22,269.71,22.33,14.4,189.11,4.254,0.875,24.12,0,94.22,15.21,0,maintenance_needed,22.30333333333333,14.465000000000002,187.30333333333337,0.8381666666666666,23.988333333333333,0.5,93.84500000000001,15.501666666666665,100.0,89.90333333333332,0.026666666666667282,1.8066666666666436,0.036833333333333385,0.3749999999999858,-0.2916666666666643,1,0,1,1,1,0,1,1,6,True,True,True,False,False,True,4,high,"Check platen drive, carrier load, vibration source; Inspect slurry delivery flow, filters, and lines; Inspect pad life, conditioner performance, retaining ring; Check removal-rate drift, endpoint data, and process recipe inputs"
2026-01-18 08:00:00,CMP-02,417.91,270.91,22.43,15.36,190.13,4.14,0.884,24.22,1,94.43,15.0,0,maintenance_needed,22.143333333333334,14.761666666666668,187.65833333333333,0.854,23.958333333333332,0.5,93.88833333333334,15.483333333333334,100.0,90.30333333333334,0.2866666666666653,2.471666666666664,0.030000000000000027,0.5416666666666714,-0.4833333333333343,1,1,0,1,1,0,1,1,6,True,False,True,False,False,True,3,high,"Check platen drive, carrier load, vibration source; Inspect pad life, conditioner performance, retaining ring; Check removal-rate drift, endpoint data, and process recipe inputs"
2026-01-18 09:00:00,CMP-02,418.68,271.61,23.16,14.66,194.34,4.2,0.893,23.68,1,93.19,16.25,0,maintenance_needed,22.10666666666667,14.799999999999999,188.04166666666666,0.8599999999999999,23.808333333333334,0.5,93.46499999999999,15.936666666666667,100.0,90.53666666666668,1.053333333333331,6.298333333333346,0.03300000000000014,-0.2749999999999915,0.3133333333333326,1,1,0,1,1,0,1,1,6,True,False,True,False,False,True,3,high,"Check platen drive, carrier load, vibration source; Inspect pad life, conditioner performance, retaining ring; Check removal-rate drift, endpoint data, and process recipe inputs"
2026-01-18 10:00:00,CMP-02,419.71,272.27,23.1,14.89,189.77,4.183,0.811,24.81,1,93.83,15.63,0,maintenance_needed,22.645,14.591666666666667,189.08,0.8566666666666668,24.054999999999996,0.6666666666666666,93.79,15.635,100.0,90.75666666666666,0.45500000000000185,0.6899999999999977,-0.045666666666666744,0.03999999999999204,-0.004999999999999005,1,1,1,1,1,0,1,1,7,True,True,True,False,False,True,4,high,"Check platen drive, carrier load, vibration source; Inspect slurry delivery flow, filters, and lines; Inspect pad life, conditioner performance, retaining ring; Check removal-rate drift, endpoint data, and process recipe inputs"
2026-01-18 11:00:00,CMP-02,417.03,271.6,21.8,14.37,186.28,4.19,0.833,24.59,0,92.78,16.62,0,maintenance_needed,22.636666666666667,14.766666666666667,188.62166666666667,0.8603333333333333,24.295,0.6666666666666666,93.56,15.866666666666665,100.0,90.53333333333335,-0.836666666666666,-2.3416666666666686,-0.02733333333333332,-0.7800000000000011,0.7533333333333356,0,0,1,1,1,0,1,1,5,False,True,True,False,False,True,3,high,"Inspect slurry delivery flow, filters, and lines; Inspect pad life, conditioner performance, retaining ring; Check removal-rate drift, endpoint data, and process recipe inputs"
2026-01-18 12:00:00,CMP-02,424.09,273.64,20.47,14.59,186.15,4.186,0.835,24.98,1,91.71,17.86,0,maintenance_needed,22.215000000000003,14.711666666666666,189.29666666666665,0.8551666666666665,24.400000000000002,0.6666666666666666,93.36,16.095,100.0,91.21333333333332,-1.7450000000000045,-3.146666666666647,-0.020166666666666555,-1.6500000000000057,1.7650000000000006,0,1,1,1,1,0,1,1,6,False,True,True,False,False,True,3,high,"Inspect slurry delivery flow, filters, and lines; Inspect pad life, conditioner performance, retaining ring; Check removal-rate drift, endpoint data, and process recipe inputs"
2026-01-24 03:00:00,CMP-02,139.33,88.4,16.91,12.35,210.28,3.999,0.311,21.43,0,104.63,0.37,0,normal,17.546666666666667,11.950000000000001,209.61499999999998,0.31916666666666665,22.063333333333333,0.0,104.85166666666667,0.9583333333333334,34.8325,29.46666666666667,-0.6366666666666667,0.6650000000000205,-0.008166666666666655,-0.22166666666667822,-0.5883333333333334,0,0,0,0,0,0,0,0,0,False,False,False,True,False,False,1,low,Verify downforce pressure control and sensor calibration
2026-01-27 03:00:00,CMP-02,204.65,132.32,19.17,11.72,216.26,3.999,0.248,21.88,0,106.21,1.21,0,normal,18.738333333333333,11.738333333333335,212.29166666666666,0.3496666666666666,21.58,0.0,105.65833333333335,0.8583333333333334,51.1625,44.10666666666667,0.4316666666666684,3.9683333333333337,-0.10166666666666663,0.5516666666666481,0.35166666666666657,0,0,0,0,0,0,0,0,0,False,False,False,True,False,False,1,low,Verify downforce pressure control and sensor calibration
2026-01-31 01:00:00,CMP-02,298.22,195.25,18.64,12.57,202.24,4.205,0.511,22.41,2,99.48,7.12,0,normal,19.625,13.04,200.14333333333335,0.5695,22.834999999999997,0.5,100.37666666666667,6.2299999999999995,74.555,65.08333333333334,-0.9849999999999994,2.096666666666664,-0.058499999999999996,-0.8966666666666612,0.8900000000000006,0,0,0,0,0,1,0,0,1,False,False,False,False,True,False,1,low,Review recent alarms and tool event log
2026-01-31 07:00:00,CMP-02,305.81,199.08,20.25,12.55,204.15,4.07,0.496,21.72,3,98.94,7.84,0,normal,19.925,13.061666666666667,202.80999999999997,0.5393333333333333,22.363333333333333,0.8333333333333334,99.58333333333333,7.166666666666667,76.4525,66.36000000000001,0.3249999999999993,1.3400000000000318,-0.043333333333333335,-0.6433333333333309,0.6733333333333329,0,0,0,0,0,1,0,0,1,False,False,False,False,True,False,1,low,Review recent alarms and tool event log
2026-01-31 08:00:00,CMP-02,308.1,200.16,20.39,14.01,199.97,4.207,0.558,24.25,2,98.36,8.47,0,normal,20.126666666666665,13.263333333333334,201.12166666666667,0.5336666666666666,22.738333333333333,1.0,99.06333333333333,7.710000000000001,77.025,66.72,0.2633333333333354,-1.1516666666666708,0.02433333333333343,-0.7033333333333331,0.7599999999999998,0,0,0,0,0,1,0,0,1,False,False,False,False,True,False,1,low,Review recent alarms and tool event log
2026-02-01 08:00:00,CMP-02,331.05,214.26,21.49,12.68,199.27,4.193,0.66,23.05,2,97.7,9.68,0,normal,20.55333333333333,13.090000000000002,198.83,0.6363333333333333,23.128333333333334,0.8333333333333334,99.085,8.253333333333334,82.7625,71.41999999999999,0.9366666666666674,0.4399999999999977,0.023666666666666725,-1.384999999999991,1.4266666666666659,0,0,0,0,0,1,0,0,1,False,False,False,False,True,False,1,low,Review recent alarms and tool event log
2026-02-01 09:00:00,CMP-02,332.13,214.31,20.59,14.37,198.54,4.218,0.622,22.87,0,96.14,11.26,0,normal,20.558333333333334,13.456666666666665,198.40166666666667,0.644,23.12,0.6666666666666666,98.41000000000001,8.943333333333333,83.0325,71.43666666666667,0.03166666666666629,0.1383333333333212,-0.02200000000000002,-2.2700000000000102,2.3166666666666664,0,0,0,0,0,0,0,1,1,False,False,False,False,False,True,1,low,"Check removal-rate drift, endpoint data, and process recipe inputs"
2026-02-01 13:00:00,CMP-02,335.78,216.94,21.17,13.24,197.54,4.332,0.642,22.89,0,96.32,11.17,0,normal,21.264999999999997,13.246666666666668,198.67666666666665,0.6341666666666667,23.156666666666666,0.5,97.565,9.876666666666667,83.945,72.31333333333333,-0.09499999999999531,-1.136666666666656,0.007833333333333359,-1.2450000000000045,1.293333333333333,0,0,0,0,0,0,0,1,1,False,False,False,False,False,True,1,low,"Check removal-rate drift, endpoint data, and process recipe inputs"
2026-02-01 22:00:00,CMP-02,340.84,223.7,19.55,13.25,196.28,4.059,0.707,23.16,0,97.39,10.21,0,warning,20.546666666666667,13.151666666666666,199.795,0.672,23.10666666666667,0.16666666666666666,98.50333333333333,9.145,85.21,74.56666666666666,-0.9966666666666661,-3.5149999999999864,0.03499999999999992,-1.1133333333333297,1.0650000000000013,0,0,0,1,0,0,0,1,2,False,False,False,False,False,True,1,low,"Check removal-rate drift, endpoint data, and process recipe inputs"
2026-02-02 02:00:00,CMP-02,350.77,224.2,20.95,14.2,201.9,4.33,0.743,25.03,2,99.36,8.48,0,warning,20.496666666666666,13.848333333333334,198.60833333333335,0.664,23.621666666666666,0.8333333333333334,98.34499999999998,9.385,87.6925,74.73333333333333,0.45333333333333314,3.291666666666657,0.07899999999999996,1.0150000000000148,-0.9049999999999994,0,0,0,1,0,1,0,0,2,False,False,False,False,True,False,1,low,Review recent alarms and tool event log
2026-02-02 04:00:00,CMP-02,356.68,226.69,22.7,14.05,194.83,4.225,0.752,24.16,0,97.59,10.39,0,warning,21.02,13.991666666666667,198.89333333333335,0.6819999999999999,23.796666666666667,0.6666666666666666,98.31666666666668,9.496666666666668,89.17,75.56333333333333,1.6799999999999997,-4.063333333333333,0.07000000000000006,-0.7266666666666737,0.8933333333333326,1,0,0,1,0,0,0,1,3,True,False,False,False,False,True,2,medium,"Check platen drive, carrier load, vibration source; Check removal-rate drift, endpoint data, and process recipe inputs"
2026-02-02 05:00:00,CMP-02,351.81,229.18,19.59,14.54,196.21,4.175,0.652,23.05,0,96.36,11.51,0,warning,20.921666666666667,14.211666666666666,199.02166666666668,0.6826666666666666,23.713333333333335,0.5,98.05499999999999,9.78,87.9525,76.39333333333333,-1.331666666666667,-2.8116666666666674,-0.03066666666666662,-1.6949999999999932,1.7300000000000004,0,1,0,0,0,0,0,1,2,False,False,False,False,False,True,1,low,"Check removal-rate drift, endpoint data, and process recipe inputs"
2026-02-02 06:00:00,CMP-02,353.86,229.71,21.97,13.34,199.94,4.08,0.696,23.77,0,96.77,11.14,0,normal,21.16,14.015,198.90333333333334,0.6920000000000001,23.77333333333333,0.3333333333333333,97.83666666666666,10.028333333333334,88.465,76.57000000000001,0.8099999999999987,1.0366666666666617,0.0039999999999998925,-1.0666666666666629,1.1116666666666664,0,0,0,0,0,0,0,1,1,False,False,False,False,False,True,1,low,"Check removal-rate drift, endpoint data, and process recipe inputs"
2026-02-02 08:00:00,CMP-02,357.02,231.68,20.42,14.2,192.8,4.395,0.784,22.14,0,97.74,10.25,0,warning,21.16,13.823333333333332,195.79999999999998,0.7111666666666667,23.383333333333336,0.16666666666666666,97.51499999999999,10.393333333333333,89.255,77.22666666666666,-0.7399999999999984,-2.9999999999999716,0.0728333333333333,0.22500000000000853,-0.14333333333333265,0,0,0,1,0,0,0,1,2,False,False,False,False,False,True,1,low,"Check removal-rate drift, endpoint data, and process recipe inputs"
2026-02-02 09:00:00,CMP-02,355.14,229.27,21.08,13.73,192.06,4.149,0.66,23.77,1,96.39,11.55,0,normal,21.18,14.04,194.74666666666667,0.7115,23.378333333333334,0.3333333333333333,97.19666666666667,10.728333333333333,88.785,76.42333333333333,-0.10000000000000142,-2.6866666666666674,-0.05149999999999999,-0.806666666666672,0.8216666666666672,0,0,0,0,0,0,0,1,1,False,False,False,False,False,True,1,low,"Check removal-rate drift, endpoint data, and process recipe inputs"
2026-02-02 10:00:00,CMP-02,357.61,231.89,20.56,12.36,194.98,4.109,0.7,22.95,0,96.81,11.19,0,normal,20.823333333333334,13.758333333333333,194.77166666666668,0.7028333333333333,23.176666666666666,0.3333333333333333,97.06666666666666,10.861666666666666,89.4025,77.29666666666665,-0.2633333333333354,0.20833333333331439,-0.0028333333333333544,-0.2566666666666606,0.32833333333333314,0,0,0,0,0,0,0,1,1,False,False,False,False,False,True,1,low,"Check removal-rate drift, endpoint data, and process recipe inputs"
2026-02-02 11:00:00,CMP-02,360.54,234.33,20.89,13.19,192.05,4.223,0.716,23.12,0,96.02,12.05,0,warning,21.04,13.533333333333333,194.07833333333335,0.7134999999999999,23.188333333333333,0.3333333333333333,97.00999999999999,10.951666666666668,90.135,78.11,-0.14999999999999858,-2.028333333333336,0.0025000000000000577,-0.9899999999999949,1.0983333333333327,0,0,0,1,1,0,0,1,3,False,False,True,False,False,True,2,medium,"Inspect pad life, conditioner performance, retaining ring; Check removal-rate drift, endpoint data, and process recipe inputs"
2026-02-02 12:00:00,CMP-02,361.34,231.52,21.38,14.75,197.87,4.089,0.689,24.65,0,98.69,9.4,0,warning,20.941666666666666,13.768333333333333,193.73333333333335,0.7123333333333334,23.334999999999997,0.3333333333333333,97.33,10.661666666666667,90.335,77.17333333333333,0.4383333333333326,4.136666666666656,-0.023333333333333428,1.3599999999999994,-1.2616666666666667,0,1,0,0,1,0,0,0,2,False,False,True,False,False,False,1,low,"Inspect pad life, conditioner performance, retaining ring"
2026-02-02 13:00:00,CMP-02,361.1,234.78,21.53,14.78,201.38,4.283,0.63,23.67,0,96.89,11.19,0,warning,20.976666666666667,13.835,195.18999999999997,0.6965,23.383333333333336,0.16666666666666666,97.08999999999999,10.938333333333333,90.275,78.25999999999999,0.5533333333333346,6.190000000000026,-0.0665,-0.19999999999998863,0.2516666666666669,0,1,0,0,1,0,0,1,3,False,False,False,False,False,True,1,low,"Check removal-rate drift, endpoint data, and process recipe inputs"
2026-02-02 14:00:00,CMP-02,363.52,235.95,21.34,13.34,191.39,4.079,0.779,23.44,0,95.02,13.13,0,maintenance_needed,21.13,13.691666666666668,194.955,0.6956666666666668,23.599999999999998,0.16666666666666666,96.63666666666666,11.418333333333335,90.88,78.64999999999999,0.21000000000000085,-3.565000000000026,0.08333333333333326,-1.61666666666666,1.711666666666666,0,0,0,1,1,0,1,1,4,False,False,True,False,False,True,2,medium,"Inspect pad life, conditioner performance, retaining ring; Check removal-rate drift, endpoint data, and process recipe inputs"
2026-02-02 15:00:00,CMP-02,361.43,234.81,21.93,14.31,199.35,4.218,0.79,23.52,0,96.02,12.07,0,warning,21.271666666666665,13.788333333333332,196.17,0.7173333333333334,23.558333333333334,0.0,96.575,11.505,90.3575,78.27000000000001,0.658333333333335,3.180000000000007,0.07266666666666666,-0.5550000000000068,0.5649999999999995,0,0,0,1,1,0,0,1,3,False,False,True,False,False,True,2,medium,"Inspect pad life, conditioner performance, retaining ring; Check removal-rate drift, endpoint data, and process recipe inputs"
2026-02-02 16:00:00,CMP-02,361.55,236.2,20.05,12.9,198.05,4.111,0.639,23.29,1,97.58,10.52,0,warning,21.186666666666667,13.878333333333332,196.68166666666664,0.7071666666666666,23.615,0.16666666666666666,96.70333333333333,11.393333333333333,90.3875,78.73333333333333,-1.1366666666666667,1.3683333333333678,-0.0681666666666666,0.8766666666666652,-0.8733333333333331,0,0,0,0,1,0,0,1,2,False,False,False,False,False,True,1,low,"Check removal-rate drift, endpoint data, and process recipe inputs"
2026-02-02 17:00:00,CMP-02,361.49,234.87,22.15,13.68,197.29,4.182,0.753,23.14,1,96.04,12.06,0,maintenance_needed,21.396666666666665,13.96,197.55499999999998,0.7133333333333334,23.618333333333336,0.3333333333333333,96.70666666666666,11.395000000000001,90.3725,78.29,0.7533333333333339,-0.26499999999998636,0.03966666666666663,-0.6666666666666572,0.6649999999999991,1,0,0,1,1,0,0,1,4,True,False,True,False,False,True,3,high,"Check platen drive, carrier load, vibration source; Inspect pad life, conditioner performance, retaining ring; Check removal-rate drift, endpoint data, and process recipe inputs"
2026-02-02 18:00:00,CMP-02,366.22,237.71,21.4,14.88,196.38,4.226,0.707,24.03,0,97.99,10.22,0,maintenance_needed,21.400000000000002,13.981666666666667,197.30666666666664,0.7163333333333334,23.515,0.3333333333333333,96.58999999999999,11.531666666666666,91.555,79.23666666666666,-3.552713678800501e-15,-0.9266666666666481,-0.009333333333333416,1.4000000000000057,-1.3116666666666656,0,1,0,1,1,0,0,1,4,False,False,True,False,False,True,2,medium,"Inspect pad life, conditioner performance, retaining ring; Check removal-rate drift, endpoint data, and process recipe inputs"
2026-02-02 19:00:00,CMP-02,369.75,236.51,20.53,14.51,189.31,4.278,0.675,23.99,0,96.39,11.9,0,maintenance_needed,21.233333333333334,13.936666666666667,195.295,0.7238333333333333,23.56833333333333,0.3333333333333333,96.50666666666666,11.65,92.4375,78.83666666666667,-0.7033333333333331,-5.984999999999985,-0.048833333333333284,-0.11666666666666003,0.25,0,1,1,0,1,0,0,1,4,False,True,True,False,False,True,3,high,"Inspect slurry delivery flow, filters, and lines; Inspect pad life, conditioner performance, retaining ring; Check removal-rate drift, endpoint data, and process recipe inputs"
2026-02-02 20:00:00,CMP-02,366.64,237.93,22.2,13.9,193.77,4.311,0.784,23.96,0,97.4,10.81,0,maintenance_needed,21.376666666666665,14.03,195.6916666666667,0.7246666666666667,23.655,0.3333333333333333,96.90333333333332,11.263333333333334,91.66,79.31,0.8233333333333341,-1.921666666666681,0.05933333333333335,0.4966666666666839,-0.45333333333333314,1,0,0,1,1,0,0,1,4,True,False,True,False,False,True,3,high,"Check platen drive, carrier load, vibration source; Inspect pad life, conditioner performance, retaining ring; Check removal-rate drift, endpoint data, and process recipe inputs"
2026-02-02 21:00:00,CMP-02,368.24,239.76,21.44,13.95,189.56,4.287,0.723,21.92,0,95.93,12.32,0,maintenance_needed,21.294999999999998,13.97,194.05999999999997,0.7135000000000001,23.388333333333332,0.3333333333333333,96.88833333333334,11.305,92.06,79.92,0.14500000000000313,-4.499999999999972,0.009499999999999842,-0.9583333333333286,1.0150000000000006,0,0,1,1,1,0,1,1,5,False,True,True,False,False,True,3,high,"Inspect slurry delivery flow, filters, and lines; Inspect pad life, conditioner performance, retaining ring; Check removal-rate drift, endpoint data, and process recipe inputs"
2026-02-02 22:00:00,CMP-02,368.65,239.44,21.07,15.54,196.54,4.262,0.795,23.5,0,97.42,10.84,0,maintenance_needed,21.465,14.410000000000002,193.8083333333333,0.7395,23.423333333333336,0.16666666666666666,96.86166666666666,11.358333333333334,92.1625,79.81333333333333,-0.3949999999999996,2.7316666666666833,0.055499999999999994,0.5583333333333371,-0.5183333333333344,0,1,0,1,1,0,0,1,4,False,False,True,False,False,True,2,medium,"Inspect pad life, conditioner performance, retaining ring; Check removal-rate drift, endpoint data, and process recipe inputs"
2026-02-02 23:00:00,CMP-02,371.09,239.22,21.24,14.22,192.81,4.276,0.74,24.15,2,98.01,10.31,0,maintenance_needed,21.313333333333333,14.5,193.0616666666667,0.7373333333333333,23.59166666666667,0.3333333333333333,97.19,11.066666666666668,92.7725,79.74,-0.07333333333333414,-0.2516666666666936,0.002666666666666706,0.8200000000000074,-0.7566666666666677,0,0,0,1,1,1,0,1,4,False,False,True,False,True,True,3,high,"Inspect pad life, conditioner performance, retaining ring; Review recent alarms and tool event log; Check removal-rate drift, endpoint data, and process recipe inputs"
2026-02-03 00:00:00,CMP-02,367.94,241.14,20.86,14.13,195.69,4.289,0.782,21.95,0,95.78,12.46,0,maintenance_needed,21.223333333333333,14.375,192.94666666666663,0.7498333333333332,23.245,0.3333333333333333,96.82166666666667,11.44,91.985,80.38,-0.3633333333333333,2.743333333333368,0.03216666666666679,-1.0416666666666714,1.0200000000000014,0,0,0,1,1,0,1,1,4,False,False,True,False,False,True,2,medium,"Inspect pad life, conditioner performance, retaining ring; Check removal-rate drift, endpoint data, and process recipe inputs"
2026-02-03 01:00:00,CMP-02,373.75,241.51,20.2,14.09,184.29,4.275,0.809,24.29,0,94.86,13.52,0,maintenance_needed,21.168333333333333,14.305,192.11,0.7721666666666667,23.294999999999998,0.3333333333333333,96.56666666666668,11.71,93.4375,80.50333333333333,-0.9683333333333337,-7.820000000000022,0.036833333333333385,-1.7066666666666777,1.8099999999999987,0,0,1,1,1,0,1,1,5,False,True,True,False,False,True,3,high,"Inspect slurry delivery flow, filters, and lines; Inspect pad life, conditioner performance, retaining ring; Check removal-rate drift, endpoint data, and process recipe inputs"
2026-02-03 02:00:00,CMP-02,375.16,241.51,21.46,14.55,193.38,4.32,0.737,23.86,1,95.42,13.0,0,maintenance_needed,21.045,14.413333333333334,192.045,0.7643333333333334,23.278333333333332,0.5,96.23666666666666,12.075000000000001,93.79,80.50333333333333,0.41499999999999915,1.335000000000008,-0.02733333333333343,-0.8166666666666629,0.9249999999999989,0,1,0,1,1,0,1,1,5,False,False,True,False,False,True,2,medium,"Inspect pad life, conditioner performance, retaining ring; Check removal-rate drift, endpoint data, and process recipe inputs"
2026-02-03 03:00:00,CMP-02,372.99,240.75,21.67,14.2,194.15,4.163,0.713,23.59,1,95.07,13.29,0,maintenance_needed,21.083333333333332,14.455,192.80999999999997,0.7626666666666667,23.55666666666667,0.6666666666666666,96.09333333333332,12.236666666666666,93.2475,80.25,0.5866666666666696,1.3400000000000318,-0.04966666666666675,-1.0233333333333263,1.0533333333333328,0,0,0,1,1,0,1,1,4,False,False,True,False,False,True,2,medium,"Inspect pad life, conditioner performance, retaining ring; Check removal-rate drift, endpoint data, and process recipe inputs"
2026-02-03 04:00:00,CMP-02,373.4,243.53,20.93,14.15,191.99,4.213,0.779,23.91,0,97.96,10.42,0,warning,21.06,14.223333333333331,192.05166666666665,0.7600000000000001,23.625,0.6666666666666666,96.18333333333334,12.166666666666666,93.35,81.17666666666666,-0.129999999999999,-0.061666666666639,0.018999999999999906,1.7766666666666566,-1.7466666666666661,0,0,0,1,1,0,0,1,3,False,False,True,False,False,True,2,medium,"Inspect pad life, conditioner performance, retaining ring; Check removal-rate drift, endpoint data, and process recipe inputs"
2026-02-03 05:00:00,CMP-02,374.63,245.48,21.28,14.53,197.53,4.19,0.745,23.6,1,96.59,11.82,0,maintenance_needed,21.066666666666666,14.274999999999999,192.83833333333334,0.7608333333333333,23.53333333333333,0.5,95.94666666666666,12.418333333333335,93.6575,81.82666666666665,0.2133333333333347,4.691666666666663,-0.015833333333333255,0.6433333333333451,-0.5983333333333345,0,1,0,1,1,0,0,1,4,False,False,True,False,False,True,2,medium,"Inspect pad life, conditioner performance, retaining ring; Check removal-rate drift, endpoint data, and process recipe inputs"
2026-02-03 06:00:00,CMP-02,378.21,244.33,19.45,14.01,195.05,4.272,0.695,24.58,0,96.74,11.75,0,warning,20.831666666666667,14.255,192.73166666666668,0.7463333333333333,23.971666666666668,0.5,96.10666666666667,12.299999999999999,94.5525,81.44333333333333,-1.3816666666666677,2.318333333333328,-0.05133333333333334,0.6333333333333258,-0.5499999999999989,0,0,0,0,1,0,0,1,2,False,False,True,False,False,True,2,medium,"Inspect pad life, conditioner performance, retaining ring; Check removal-rate drift, endpoint data, and process recipe inputs"
2026-02-03 07:00:00,CMP-02,380.81,245.05,22.42,14.26,193.41,4.144,0.677,23.89,0,95.04,13.51,0,maintenance_needed,21.201666666666668,14.283333333333331,194.25166666666667,0.7243333333333334,23.905,0.5,96.13666666666666,12.298333333333334,95.2025,81.68333333333334,1.2183333333333337,-0.8416666666666686,-0.04733333333333334,-1.0966666666666498,1.211666666666666,1,0,0,0,1,0,1,1,4,False,False,True,False,False,True,2,medium,"Inspect pad life, conditioner performance, retaining ring; Check removal-rate drift, endpoint data, and process recipe inputs"
2026-02-03 08:00:00,CMP-02,377.42,245.79,20.89,14.7,195.51,4.131,0.71,24.54,2,94.63,13.84,0,maintenance_needed,21.106666666666666,14.308333333333332,194.60666666666668,0.7198333333333333,24.01833333333333,0.6666666666666666,96.005,12.438333333333333,94.355,81.93,-0.216666666666665,0.9033333333333076,-0.00983333333333336,-1.375,1.4016666666666673,0,1,0,1,1,1,1,1,6,False,False,True,False,True,True,3,high,"Inspect pad life, conditioner performance, retaining ring; Review recent alarms and tool event log; Check removal-rate drift, endpoint data, and process recipe inputs"
2026-02-03 09:00:00,CMP-02,377.44,247.5,20.56,14.43,193.83,4.171,0.615,23.79,1,93.4,15.07,0,warning,20.921666666666667,14.346666666666666,194.5533333333333,0.7035,24.051666666666666,0.6666666666666666,95.72666666666667,12.735,94.36,82.5,-0.36166666666666814,-0.7233333333333007,-0.08850000000000002,-2.326666666666668,2.335000000000001,0,0,0,0,1,0,1,1,3,False,False,False,False,False,True,1,low,"Check removal-rate drift, endpoint data, and process recipe inputs"
2026-02-03 10:00:00,CMP-02,381.39,245.85,22.09,13.56,196.99,4.121,0.749,22.14,1,95.96,12.61,0,maintenance_needed,21.115,14.248333333333335,195.38666666666666,0.6985,23.756666666666664,0.8333333333333334,95.39333333333333,13.1,95.3475,81.95,0.9750000000000014,1.603333333333353,0.05049999999999999,0.5666666666666629,-0.4900000000000002,1,0,0,1,1,0,1,1,5,True,False,True,False,False,True,3,high,"Check platen drive, carrier load, vibration source; Inspect pad life, conditioner performance, retaining ring; Check removal-rate drift, endpoint data, and process recipe inputs"
2026-02-03 11:00:00,CMP-02,382.69,249.22,22.49,14.46,186.99,4.233,0.704,23.38,0,93.97,14.62,0,maintenance_needed,21.316666666666666,14.236666666666666,193.63,0.6916666666666668,23.72,0.6666666666666666,94.95666666666666,13.566666666666668,95.6725,83.07333333333334,1.173333333333332,-6.639999999999986,0.012333333333333196,-0.9866666666666646,1.053333333333331,1,0,1,1,1,0,1,1,6,True,True,True,False,False,True,4,high,"Check platen drive, carrier load, vibration source; Inspect slurry delivery flow, filters, and lines; Inspect pad life, conditioner performance, retaining ring; Check removal-rate drift, endpoint data, and process recipe inputs"
2026-02-03 12:00:00,CMP-02,384.48,251.42,21.92,13.63,187.97,4.249,0.661,23.71,0,95.1,13.54,0,maintenance_needed,21.728333333333335,14.173333333333332,192.45000000000002,0.6859999999999999,23.575,0.6666666666666666,94.68333333333334,13.865,96.12,83.80666666666666,0.19166666666666643,-4.480000000000018,-0.02499999999999991,0.4166666666666572,-0.32500000000000107,0,0,1,0,1,0,1,1,4,False,True,True,False,False,True,3,high,"Inspect slurry delivery flow, filters, and lines; Inspect pad life, conditioner performance, retaining ring; Check removal-rate drift, endpoint data, and process recipe inputs"
2026-02-03 13:00:00,CMP-02,382.96,250.18,22.3,14.0,191.02,4.145,0.758,23.04,0,95.25,13.35,0,maintenance_needed,21.708333333333332,14.13,192.05166666666665,0.6995,23.433333333333334,0.6666666666666666,94.71833333333332,13.838333333333333,95.74,83.39333333333333,0.5916666666666686,-1.0316666666666379,0.058499999999999996,0.5316666666666805,-0.4883333333333333,1,0,0,1,1,0,1,1,5,True,False,True,False,False,True,3,high,"Check platen drive, carrier load, vibration source; Inspect pad life, conditioner performance, retaining ring; Check removal-rate drift, endpoint data, and process recipe inputs"
2026-02-03 14:00:00,CMP-02,386.52,250.34,21.71,13.45,197.4,4.342,0.768,23.21,0,95.75,12.93,0,maintenance_needed,21.845,13.921666666666667,192.36666666666667,0.7091666666666666,23.211666666666662,0.3333333333333333,94.90499999999999,13.686666666666666,96.63,83.44666666666667,-0.134999999999998,5.033333333333331,0.058833333333333404,0.8450000000000131,-0.7566666666666659,0,0,0,1,1,0,1,1,4,False,False,True,False,False,True,2,medium,"Inspect pad life, conditioner performance, retaining ring; Check removal-rate drift, endpoint data, and process recipe inputs"
2026-02-03 15:00:00,CMP-02,388.17,251.45,21.37,14.05,195.53,4.262,0.752,22.61,1,97.8,10.93,0,warning,21.98,13.858333333333334,192.65,0.7319999999999999,23.015,0.3333333333333333,95.63833333333334,12.996666666666664,97.0425,83.81666666666666,-0.6099999999999994,2.8799999999999955,0.02000000000000013,2.1616666666666617,-2.0666666666666647,0,0,0,1,1,0,0,1,3,False,False,True,False,False,True,2,medium,"Inspect pad life, conditioner performance, retaining ring; Check removal-rate drift, endpoint data, and process recipe inputs"
2026-02-03 16:00:00,CMP-02,384.25,252.15,22.83,14.74,199.79,4.255,0.788,24.68,0,95.19,13.44,0,maintenance_needed,22.103333333333335,14.055,193.11666666666667,0.7385,23.438333333333333,0.16666666666666666,95.50999999999999,13.135,96.0625,84.05,0.726666666666663,6.673333333333318,0.04949999999999999,-0.3199999999999932,0.3049999999999997,1,1,0,1,1,0,1,1,6,True,False,True,False,False,True,3,high,"Check platen drive, carrier load, vibration source; Inspect pad life, conditioner performance, retaining ring; Check removal-rate drift, endpoint data, and process recipe inputs"
2026-02-03 17:00:00,CMP-02,387.66,251.81,19.79,14.46,199.77,4.199,0.734,24.49,0,95.85,12.86,0,maintenance_needed,21.653333333333332,14.055,195.24666666666667,0.7435,23.623333333333335,0.16666666666666666,95.82333333333334,12.841666666666667,96.915,83.93666666666667,-1.8633333333333333,4.5233333333333405,-0.009500000000000064,0.026666666666656624,0.018333333333332646,0,0,0,1,1,0,1,1,4,False,False,True,False,False,True,2,medium,"Inspect pad life, conditioner performance, retaining ring; Check removal-rate drift, endpoint data, and process recipe inputs"
2026-02-03 18:00:00,CMP-02,390.29,252.72,20.79,14.09,188.23,4.239,0.752,24.34,0,94.53,14.24,0,maintenance_needed,21.465,14.131666666666666,195.29,0.7586666666666666,23.728333333333335,0.16666666666666666,95.72833333333334,12.958333333333334,97.5725,84.24000000000001,-0.6750000000000007,-7.060000000000002,-0.006666666666666599,-1.1983333333333377,1.2816666666666663,0,0,1,1,1,0,1,1,5,False,True,True,False,False,True,3,high,"Inspect slurry delivery flow, filters, and lines; Inspect pad life, conditioner performance, retaining ring; Check removal-rate drift, endpoint data, and process recipe inputs"
2026-02-03 19:00:00,CMP-02,391.56,253.27,21.65,14.83,192.81,4.361,0.776,23.02,0,93.76,15.05,0,maintenance_needed,21.356666666666666,14.269999999999998,195.58833333333334,0.7616666666666667,23.724999999999998,0.16666666666666666,95.48,13.241666666666667,97.89,84.42333333333335,0.293333333333333,-2.778333333333336,0.014333333333333309,-1.7199999999999989,1.8083333333333336,0,1,0,1,1,0,1,1,5,False,False,True,False,False,True,2,medium,"Inspect pad life, conditioner performance, retaining ring; Check removal-rate drift, endpoint data, and process recipe inputs"
2026-02-03 20:00:00,CMP-02,390.19,254.81,22.47,14.97,191.6,4.187,0.75,22.92,0,94.78,13.99,0,maintenance_needed,21.48333333333333,14.523333333333333,194.62166666666667,0.7586666666666667,23.676666666666666,0.16666666666666666,95.31833333333333,13.418333333333335,97.5475,84.93666666666667,0.9866666666666681,-3.0216666666666754,-0.008666666666666711,-0.5383333333333269,0.5716666666666654,1,1,0,1,1,0,1,1,6,True,False,True,False,False,True,3,high,"Check platen drive, carrier load, vibration source; Inspect pad life, conditioner performance, retaining ring; Check removal-rate drift, endpoint data, and process recipe inputs"
2026-02-03 21:00:00,CMP-02,388.68,257.07,22.03,13.96,192.91,4.251,0.762,22.67,1,95.24,13.5,0,maintenance_needed,21.593333333333334,14.508333333333335,194.18499999999997,0.7603333333333334,23.686666666666667,0.16666666666666666,94.89166666666667,13.84666666666667,97.17,85.69,0.4366666666666674,-1.2749999999999773,0.0016666666666665941,0.34833333333332916,-0.34666666666666934,1,0,0,1,1,0,1,1,5,True,False,True,False,False,True,3,high,"Check platen drive, carrier load, vibration source; Inspect pad life, conditioner performance, retaining ring; Check removal-rate drift, endpoint data, and process recipe inputs"
2026-02-03 22:00:00,CMP-02,391.77,255.64,21.68,13.07,193.2,4.201,0.806,25.63,0,93.67,15.14,0,maintenance_needed,21.401666666666667,14.229999999999999,193.08666666666667,0.7633333333333333,23.845,0.16666666666666666,94.63833333333332,14.13,97.9425,85.21333333333332,0.27833333333333243,0.11333333333331552,0.04266666666666674,-0.9683333333333195,1.0099999999999998,0,0,0,1,1,0,1,1,4,False,False,True,False,False,True,2,medium,"Inspect pad life, conditioner performance, retaining ring; Check removal-rate drift, endpoint data, and process recipe inputs"
2026-02-03 23:00:00,CMP-02,391.61,258.55,21.69,13.87,192.7,4.086,0.747,24.74,0,95.39,13.42,0,maintenance_needed,21.718333333333334,14.131666666666668,191.90833333333333,0.7655,23.886666666666667,0.16666666666666666,94.56166666666667,14.223333333333334,97.9025,86.18333333333334,-0.028333333333332433,0.7916666666666572,-0.01849999999999996,0.8283333333333331,-0.8033333333333346,0,0,0,1,1,0,1,1,4,False,False,True,False,False,True,2,medium,"Inspect pad life, conditioner performance, retaining ring; Check removal-rate drift, endpoint data, and process recipe inputs"
2026-02-04 00:00:00,CMP-02,394.22,255.74,22.43,14.28,191.83,4.069,0.789,24.95,1,94.02,14.84,0,maintenance_needed,21.991666666666664,14.163333333333334,192.50833333333333,0.7716666666666666,23.988333333333333,0.3333333333333333,94.47666666666667,14.323333333333332,98.555,85.24666666666667,0.43833333333333613,-0.6783333333333132,0.017333333333333423,-0.45666666666667766,0.5166666666666675,1,0,0,1,1,0,1,1,5,True,False,True,False,False,True,3,high,"Check platen drive, carrier load, vibration source; Inspect pad life, conditioner performance, retaining ring; Check removal-rate drift, endpoint data, and process recipe inputs"
2026-02-04 01:00:00,CMP-02,398.01,258.32,21.73,14.25,192.63,4.118,0.869,23.69,0,94.91,14.05,0,maintenance_needed,22.005,14.066666666666668,192.47833333333335,0.7871666666666668,24.099999999999998,0.3333333333333333,94.66833333333334,14.156666666666666,99.5025,86.10666666666667,-0.2749999999999986,0.1516666666666424,0.0818333333333332,0.24166666666666003,-0.10666666666666558,0,0,0,1,1,0,1,1,4,False,False,True,False,False,True,2,medium,"Inspect pad life, conditioner performance, retaining ring; Check removal-rate drift, endpoint data, and process recipe inputs"
2026-02-04 02:00:00,CMP-02,396.02,257.22,22.06,14.04,189.58,4.119,0.808,24.58,0,95.42,13.48,0,maintenance_needed,21.936666666666667,13.911666666666667,192.14166666666665,0.7968333333333334,24.376666666666665,0.3333333333333333,94.77499999999999,14.071666666666665,99.005,85.74000000000001,0.1233333333333313,-2.561666666666639,0.011166666666666658,0.6450000000000102,-0.591666666666665,1,0,1,1,1,0,1,1,6,True,True,True,False,False,True,4,high,"Check platen drive, carrier load, vibration source; Inspect slurry delivery flow, filters, and lines; Inspect pad life, conditioner performance, retaining ring; Check removal-rate drift, endpoint data, and process recipe inputs"
2026-02-04 03:00:00,CMP-02,398.3,258.88,22.2,15.03,196.39,4.305,0.837,23.92,0,95.89,13.07,0,maintenance_needed,21.965,14.089999999999998,192.72166666666666,0.8093333333333333,24.584999999999997,0.16666666666666666,94.88333333333333,14.0,99.575,86.29333333333334,0.23499999999999943,3.6683333333333223,0.027666666666666617,1.0066666666666748,-0.9299999999999997,1,1,0,1,1,0,1,1,6,True,False,True,False,False,True,3,high,"Check platen drive, carrier load, vibration source; Inspect pad life, conditioner performance, retaining ring; Check removal-rate drift, endpoint data, and process recipe inputs"
2026-02-04 04:00:00,CMP-02,396.97,259.27,21.03,14.43,191.25,4.161,0.757,23.4,0,97.02,11.91,0,warning,21.85666666666667,14.316666666666668,192.39666666666668,0.8011666666666666,24.213333333333335,0.16666666666666666,95.44166666666666,13.461666666666666,99.2425,86.42333333333333,-0.826666666666668,-1.1466666666666754,-0.044166666666666576,1.5783333333333331,-1.5516666666666659,0,0,0,1,1,0,0,1,3,False,False,True,False,False,True,2,medium,"Inspect pad life, conditioner performance, retaining ring; Check removal-rate drift, endpoint data, and process recipe inputs"
2026-02-04 05:00:00,CMP-02,401.82,257.76,21.39,15.3,192.92,4.231,0.84,23.16,0,94.43,14.61,0,maintenance_needed,21.80666666666667,14.555,192.4333333333333,0.8166666666666668,23.95,0.16666666666666666,95.28166666666668,13.659999999999998,100.0,85.92,-0.41666666666666785,0.4866666666666788,0.023333333333333206,-0.8516666666666737,0.9500000000000011,0,1,0,1,1,0,1,1,5,False,False,True,False,False,True,2,medium,"Inspect pad life, conditioner performance, retaining ring; Check removal-rate drift, endpoint data, and process recipe inputs"
2026-02-04 06:00:00,CMP-02,400.02,260.39,21.69,15.31,192.38,4.178,0.77,23.49,1,93.57,15.43,0,maintenance_needed,21.683333333333334,14.726666666666667,192.525,0.8135,23.706666666666667,0.16666666666666666,95.20666666666666,13.758333333333335,100.0,86.79666666666667,0.006666666666667709,-0.14500000000001023,-0.04349999999999998,-1.6366666666666703,1.671666666666665,0,1,0,1,1,0,1,1,5,False,False,True,False,False,True,2,medium,"Inspect pad life, conditioner performance, retaining ring; Check removal-rate drift, endpoint data, and process recipe inputs"
2026-02-04 07:00:00,CMP-02,400.27,261.81,22.25,14.28,187.84,4.211,0.744,24.21,1,95.17,13.84,0,maintenance_needed,21.77,14.731666666666667,191.7266666666667,0.7926666666666667,23.793333333333333,0.3333333333333333,95.25,13.723333333333331,100.0,87.27000000000001,0.4800000000000004,-3.8866666666666845,-0.04866666666666675,-0.0799999999999983,0.11666666666666892,1,0,1,1,1,0,1,1,6,True,True,True,False,False,True,4,high,"Check platen drive, carrier load, vibration source; Inspect slurry delivery flow, filters, and lines; Inspect pad life, conditioner performance, retaining ring; Check removal-rate drift, endpoint data, and process recipe inputs"
2026-02-04 08:00:00,CMP-02,406.5,262.34,23.04,14.93,189.29,4.211,0.715,25.03,1,94.7,14.45,0,maintenance_needed,21.933333333333334,14.88,191.6783333333333,0.7771666666666666,23.868333333333336,0.5,95.13,13.885,100.0,87.44666666666666,1.1066666666666656,-2.388333333333321,-0.06216666666666659,-0.4299999999999926,0.5649999999999995,1,1,1,1,1,0,1,1,7,True,True,True,False,False,True,4,high,"Check platen drive, carrier load, vibration source; Inspect slurry delivery flow, filters, and lines; Inspect pad life, conditioner performance, retaining ring; Check removal-rate drift, endpoint data, and process recipe inputs"
2026-02-04 09:00:00,CMP-02,404.74,260.87,21.51,15.15,194.01,4.019,0.732,23.31,0,94.11,15.0,0,maintenance_needed,21.81833333333333,14.9,191.28166666666667,0.7596666666666666,23.766666666666666,0.5,94.83333333333333,14.206666666666665,100.0,86.95666666666668,-0.30833333333333,2.7283333333333246,-0.027666666666666617,-0.7233333333333292,0.7933333333333348,0,1,0,1,1,0,1,1,5,False,False,True,False,False,True,2,medium,"Inspect pad life, conditioner performance, retaining ring; Check removal-rate drift, endpoint data, and process recipe inputs"
2026-02-04 10:00:00,CMP-02,406.37,261.56,20.66,15.0,198.48,4.148,0.87,23.88,0,93.97,15.18,0,maintenance_needed,21.75666666666667,14.995,192.48666666666668,0.7784999999999999,23.846666666666664,0.5,94.325,14.751666666666665,100.0,87.18666666666667,-1.0966666666666711,5.993333333333311,0.09150000000000014,-0.355000000000004,0.42833333333333456,0,1,0,1,1,0,1,1,5,False,False,True,False,False,True,2,medium,"Inspect pad life, conditioner performance, retaining ring; Check removal-rate drift, endpoint data, and process recipe inputs"
2026-02-04 11:00:00,CMP-02,402.55,264.66,22.95,14.64,190.48,4.029,0.837,23.8,0,92.71,16.35,0,maintenance_needed,22.016666666666666,14.885,192.08,0.778,23.953333333333333,0.5,94.03833333333334,15.041666666666666,100.0,88.22000000000001,0.9333333333333336,-1.6000000000000227,0.05899999999999994,-1.3283333333333474,1.3083333333333353,1,1,0,1,1,0,1,1,6,True,False,True,False,False,True,3,high,"Check platen drive, carrier load, vibration source; Inspect pad life, conditioner performance, retaining ring; Check removal-rate drift, endpoint data, and process recipe inputs"
2026-02-04 12:00:00,CMP-02,409.7,263.37,21.12,14.78,190.67,4.19,0.813,22.82,1,93.4,15.83,0,maintenance_needed,21.921666666666667,14.796666666666667,191.795,0.7851666666666667,23.84166666666667,0.5,94.00999999999999,15.108333333333333,100.0,87.79,-0.8016666666666659,-1.125,0.027833333333333266,-0.6099999999999852,0.7216666666666676,0,1,0,1,1,0,1,1,5,False,False,True,False,False,True,2,medium,"Inspect pad life, conditioner performance, retaining ring; Check removal-rate drift, endpoint data, and process recipe inputs"
2026-02-04 13:00:00,CMP-02,411.22,267.68,23.1,14.57,189.15,4.303,0.821,24.49,0,93.36,15.9,0,maintenance_needed,22.063333333333333,14.844999999999999,192.01333333333332,0.798,23.888333333333332,0.3333333333333333,93.70833333333333,15.451666666666668,100.0,89.22666666666666,1.0366666666666688,-2.8633333333333155,0.02299999999999991,-0.34833333333332916,0.44833333333333236,1,1,1,1,1,0,1,1,7,True,True,True,False,False,True,4,high,"Check platen drive, carrier load, vibration source; Inspect slurry delivery flow, filters, and lines; Inspect pad life, conditioner performance, retaining ring; Check removal-rate drift, endpoint data, and process recipe inputs"
2026-02-04 14:00:00,CMP-02,408.89,266.25,21.6,15.94,183.36,4.165,0.806,25.47,0,93.51,15.7,0,maintenance_needed,21.823333333333334,15.013333333333334,191.025,0.8131666666666667,23.961666666666662,0.16666666666666666,93.50999999999999,15.660000000000002,100.0,88.75,-0.22333333333333272,-7.664999999999992,-0.0071666666666666545,1.4210854715202004e-14,0.03999999999999737,0,1,1,1,1,0,1,1,6,False,True,True,False,False,True,3,high,"Inspect slurry delivery flow, filters, and lines; Inspect pad life, conditioner performance, retaining ring; Check removal-rate drift, endpoint data, and process recipe inputs"
2026-02-04 15:00:00,CMP-02,409.59,266.93,21.67,15.04,189.34,4.199,0.831,23.1,0,95.1,14.13,0,maintenance_needed,21.849999999999998,14.995,190.24666666666667,0.8296666666666667,23.926666666666666,0.16666666666666666,93.675,15.515,100.0,88.97666666666667,-0.17999999999999616,-0.9066666666666663,0.0013333333333332975,1.4249999999999972,-1.3849999999999998,0,1,1,1,1,0,1,1,6,False,True,True,False,False,True,3,high,"Inspect slurry delivery flow, filters, and lines; Inspect pad life, conditioner performance, retaining ring; Check removal-rate drift, endpoint data, and process recipe inputs"
2026-02-04 16:00:00,CMP-02,410.08,266.97,22.14,15.66,189.36,4.239,0.802,23.26,0,92.82,16.42,0,maintenance_needed,22.096666666666668,15.104999999999999,188.7266666666667,0.8183333333333334,23.823333333333334,0.16666666666666666,93.48333333333333,15.721666666666666,100.0,88.99000000000001,0.043333333333333,0.6333333333333258,-0.01633333333333331,-0.6633333333333411,0.6983333333333359,1,1,1,1,1,0,1,1,7,True,True,True,False,False,True,4,high,"Check platen drive, carrier load, vibration source; Inspect slurry delivery flow, filters, and lines; Inspect pad life, conditioner performance, retaining ring; Check removal-rate drift, endpoint data, and process recipe inputs"
2026-02-04 17:00:00,CMP-02,414.06,266.89,21.59,14.98,196.87,4.132,0.839,24.66,0,92.0,17.33,0,maintenance_needed,21.87,15.161666666666667,189.79166666666666,0.8186666666666667,23.96666666666667,0.16666666666666666,93.365,15.885,100.0,88.96333333333332,-0.28000000000000114,7.078333333333347,0.020333333333333314,-1.3649999999999949,1.4449999999999985,0,1,0,1,1,0,1,1,5,False,False,True,False,False,True,2,medium,"Inspect pad life, conditioner performance, retaining ring; Check removal-rate drift, endpoint data, and process recipe inputs"
2026-02-04 18:00:00,CMP-02,410.31,268.81,22.93,14.51,193.29,4.267,0.855,22.54,0,94.77,14.47,0,maintenance_needed,22.171666666666667,15.116666666666665,190.22833333333335,0.8256666666666668,23.92,0.0,93.59333333333332,15.658333333333333,100.0,89.60333333333334,0.7583333333333329,3.061666666666639,0.02933333333333321,1.1766666666666765,-1.1883333333333326,1,1,0,1,1,0,1,1,6,True,False,True,False,False,True,3,high,"Check platen drive, carrier load, vibration source; Inspect pad life, conditioner performance, retaining ring; Check removal-rate drift, endpoint data, and process recipe inputs"
2026-02-04 19:00:00,CMP-02,414.71,268.87,22.87,14.36,191.01,4.132,0.82,23.97,2,94.52,14.82,0,maintenance_needed,22.133333333333336,15.081666666666669,190.53833333333333,0.8254999999999999,23.833333333333332,0.3333333333333333,93.78666666666668,15.478333333333333,100.0,89.62333333333333,0.7366666666666646,0.471666666666664,-0.005499999999999949,0.7333333333333201,-0.6583333333333332,1,0,0,1,1,1,1,1,6,True,False,True,False,True,True,4,high,"Check platen drive, carrier load, vibration source; Inspect pad life, conditioner performance, retaining ring; Review recent alarms and tool event log; Check removal-rate drift, endpoint data, and process recipe inputs"
2026-02-04 20:00:00,CMP-02,418.71,271.59,20.43,14.85,188.12,4.308,0.87,24.03,1,93.22,16.22,0,maintenance_needed,21.938333333333333,14.9,191.33166666666668,0.8361666666666666,23.593333333333334,0.5,93.73833333333333,15.565000000000003,100.0,90.52999999999999,-1.5083333333333329,-3.211666666666673,0.03383333333333338,-0.5183333333333309,0.6549999999999958,0,1,1,1,1,0,1,1,6,False,True,True,False,False,True,3,high,"Inspect slurry delivery flow, filters, and lines; Inspect pad life, conditioner performance, retaining ring; Check removal-rate drift, endpoint data, and process recipe inputs"
2026-02-04 21:00:00,CMP-02,416.37,270.63,22.31,13.56,188.62,4.224,0.913,24.33,0,92.22,17.17,0,maintenance_needed,22.044999999999998,14.653333333333334,191.21166666666667,0.8498333333333333,23.798333333333332,0.5,93.25833333333333,16.07166666666667,100.0,90.21000000000001,0.26500000000000057,-2.5916666666666686,0.0631666666666667,-1.038333333333327,1.0983333333333327,1,0,1,1,1,0,1,1,6,True,True,True,False,False,True,4,high,"Check platen drive, carrier load, vibration source; Inspect slurry delivery flow, filters, and lines; Inspect pad life, conditioner performance, retaining ring; Check removal-rate drift, endpoint data, and process recipe inputs"
2026-02-04 22:00:00,CMP-02,420.67,271.38,21.3,14.58,190.64,4.104,0.869,23.31,1,92.4,17.09,0,maintenance_needed,21.905,14.473333333333334,191.42499999999998,0.8609999999999999,23.80666666666667,0.6666666666666666,93.18833333333333,16.183333333333334,100.0,90.46,-0.6050000000000004,-0.7849999999999966,0.008000000000000118,-0.7883333333333269,0.9066666666666663,0,1,0,1,1,0,1,1,5,False,False,True,False,False,True,2,medium,"Inspect pad life, conditioner performance, retaining ring; Check removal-rate drift, endpoint data, and process recipe inputs"
2026-02-04 23:00:00,CMP-02,418.17,273.01,22.52,14.63,188.75,4.125,0.957,24.63,0,92.12,17.31,0,maintenance_needed,22.060000000000002,14.415,190.0716666666667,0.8806666666666666,23.801666666666666,0.6666666666666666,93.20833333333333,16.18,100.0,91.00333333333333,0.4599999999999973,-1.3216666666666868,0.07633333333333336,-1.088333333333324,1.129999999999999,1,1,1,1,1,0,1,1,7,True,True,True,False,False,True,4,high,"Check platen drive, carrier load, vibration source; Inspect slurry delivery flow, filters, and lines; Inspect pad life, conditioner performance, retaining ring; Check removal-rate drift, endpoint data, and process recipe inputs"
2026-02-05 00:00:00,CMP-02,418.58,273.56,22.85,14.06,191.87,4.295,0.893,24.72,1,95.1,14.33,0,maintenance_needed,22.046666666666667,14.339999999999998,189.835,0.887,24.164999999999996,0.8333333333333334,93.26333333333332,16.156666666666666,100.0,91.18666666666667,0.8033333333333346,2.0349999999999966,0.006000000000000005,1.836666666666673,-1.8266666666666662,1,0,0,1,1,0,1,1,5,True,False,True,False,False,True,3,high,"Check platen drive, carrier load, vibration source; Inspect pad life, conditioner performance, retaining ring; Check removal-rate drift, endpoint data, and process recipe inputs"
2026-02-05 01:00:00,CMP-02,421.76,270.61,21.88,15.47,194.52,4.024,0.855,24.6,0,91.33,18.18,0,maintenance_needed,21.881666666666664,14.525,190.42,0.8928333333333334,24.27,0.5,92.73166666666667,16.716666666666665,100.0,90.20333333333333,-0.0016666666666651508,4.100000000000023,-0.037833333333333385,-1.4016666666666708,1.4633333333333347,0,1,0,1,1,0,1,1,5,False,False,True,False,False,True,2,medium,"Inspect pad life, conditioner performance, retaining ring; Check removal-rate drift, endpoint data, and process recipe inputs"
2026-02-05 02:00:00,CMP-02,420.99,276.05,22.53,13.98,182.19,4.107,0.832,23.67,0,92.21,17.28,0,maintenance_needed,22.231666666666666,14.38,189.4316666666667,0.8865,24.209999999999997,0.3333333333333333,92.56333333333333,16.89333333333333,100.0,92.01666666666667,0.29833333333333556,-7.241666666666703,-0.05449999999999999,-0.35333333333333883,0.38666666666667027,1,0,1,1,1,0,1,1,6,True,True,True,False,False,True,4,high,"Check platen drive, carrier load, vibration source; Inspect slurry delivery flow, filters, and lines; Inspect pad life, conditioner performance, retaining ring; Check removal-rate drift, endpoint data, and process recipe inputs"
2026-02-05 03:00:00,CMP-02,422.3,272.51,22.47,15.18,190.43,4.183,0.817,23.34,2,93.81,15.71,0,maintenance_needed,22.258333333333336,14.65,189.73333333333335,0.8704999999999999,24.044999999999998,0.6666666666666666,92.82833333333333,16.650000000000002,100.0,90.83666666666666,0.21166666666666245,0.6966666666666583,-0.05349999999999999,0.9816666666666691,-0.9400000000000013,1,1,0,1,1,1,1,1,7,True,False,True,False,True,True,4,high,"Check platen drive, carrier load, vibration source; Inspect pad life, conditioner performance, retaining ring; Review recent alarms and tool event log; Check removal-rate drift, endpoint data, and process recipe inputs"
2026-02-05 04:00:00,CMP-02,422.39,273.77,22.86,14.61,196.7,4.244,0.783,24.0,1,93.83,15.69,0,maintenance_needed,22.518333333333334,14.655000000000001,190.74333333333334,0.8561666666666667,24.159999999999997,0.6666666666666666,93.06666666666666,16.416666666666668,100.0,91.25666666666666,0.341666666666665,5.956666666666649,-0.07316666666666671,0.7633333333333354,-0.7266666666666683,1,1,0,1,1,0,1,1,6,True,False,True,False,False,True,3,high,"Check platen drive, carrier load, vibration source; Inspect pad life, conditioner performance, retaining ring; Check removal-rate drift, endpoint data, and process recipe inputs"
2026-02-05 05:00:00,CMP-02,421.95,275.28,22.49,14.94,181.3,4.121,0.807,24.6,0,92.16,17.36,0,maintenance_needed,22.513333333333335,14.706666666666669,189.50166666666667,0.8311666666666667,24.155,0.6666666666666666,93.07333333333334,16.425,100.0,91.75999999999999,-0.02333333333333698,-8.201666666666654,-0.02416666666666667,-0.9133333333333411,0.9349999999999987,1,1,1,1,1,0,1,1,7,True,True,True,False,False,True,4,high,"Check platen drive, carrier load, vibration source; Inspect slurry delivery flow, filters, and lines; Inspect pad life, conditioner performance, retaining ring; Check removal-rate drift, endpoint data, and process recipe inputs"
2026-02-05 06:00:00,CMP-02,424.57,275.33,21.86,15.01,193.71,4.09,0.85,23.19,1,93.86,15.72,0,maintenance_needed,22.348333333333333,14.865,189.80833333333337,0.824,23.900000000000002,0.6666666666666666,92.86666666666667,16.656666666666666,100.0,91.77666666666666,-0.4883333333333333,3.9016666666666424,0.026000000000000023,0.9933333333333252,-0.9366666666666656,0,1,0,1,1,0,1,1,5,False,False,True,False,False,True,2,medium,"Inspect pad life, conditioner performance, retaining ring; Check removal-rate drift, endpoint data, and process recipe inputs"
2026-02-05 07:00:00,CMP-02,427.39,279.12,23.13,14.78,196.32,4.331,0.86,24.74,1,93.46,16.18,0,maintenance_needed,22.55666666666667,14.75,190.10833333333335,0.8248333333333333,23.923333333333336,0.8333333333333334,93.22166666666668,16.323333333333334,100.0,93.04,0.5733333333333306,6.211666666666645,0.03516666666666668,0.23833333333331552,-0.14333333333333442,1,1,0,1,1,0,1,1,6,True,False,True,False,False,True,3,high,"Check platen drive, carrier load, vibration source; Inspect pad life, conditioner performance, retaining ring; Check removal-rate drift, endpoint data, and process recipe inputs"
2026-02-05 08:00:00,CMP-02,429.06,277.63,22.96,14.01,193.32,4.14,0.859,24.52,0,92.02,17.67,0,maintenance_needed,22.62833333333333,14.755,191.96333333333334,0.8293333333333334,24.065,0.8333333333333334,93.19,16.388333333333332,100.0,92.54333333333334,0.33166666666667055,1.356666666666655,0.02966666666666662,-1.1700000000000017,1.2816666666666698,1,0,0,1,1,0,1,1,5,True,False,True,False,False,True,3,high,"Check platen drive, carrier load, vibration source; Inspect pad life, conditioner performance, retaining ring; Check removal-rate drift, endpoint data, and process recipe inputs"
2026-02-05 09:00:00,CMP-02,427.99,276.88,21.17,14.99,186.43,4.095,0.969,25.05,0,93.18,16.48,0,maintenance_needed,22.411666666666665,14.723333333333331,191.29666666666665,0.8546666666666667,24.349999999999998,0.5,93.085,16.516666666666666,100.0,92.29333333333332,-1.2416666666666636,-4.866666666666646,0.11433333333333329,0.09500000000001307,-0.03666666666666529,0,1,1,1,1,0,1,1,6,False,True,True,False,False,True,3,high,"Inspect slurry delivery flow, filters, and lines; Inspect pad life, conditioner performance, retaining ring; Check removal-rate drift, endpoint data, and process recipe inputs"
2026-02-05 10:00:00,CMP-02,429.67,278.44,22.39,14.08,190.17,4.33,0.828,24.12,1,92.82,16.88,0,maintenance_needed,22.333333333333332,14.634999999999998,190.20833333333334,0.8621666666666666,24.37,0.5,92.91666666666667,16.715,100.0,92.81333333333333,0.05666666666666842,-0.03833333333335531,-0.03416666666666668,-0.09666666666667822,0.16499999999999915,1,0,0,1,1,0,1,1,5,True,False,True,False,False,True,3,high,"Check platen drive, carrier load, vibration source; Inspect pad life, conditioner performance, retaining ring; Check removal-rate drift, endpoint data, and process recipe inputs"
2026-02-05 11:00:00,CMP-02,428.45,278.59,21.9,15.15,189.01,4.138,0.927,22.83,0,91.34,18.33,0,maintenance_needed,22.235,14.67,191.49333333333334,0.8821666666666667,24.075000000000003,0.5,92.78000000000002,16.876666666666665,100.0,92.86333333333332,-0.33500000000000085,-2.4833333333333485,0.04483333333333339,-1.440000000000012,1.4533333333333331,0,1,1,1,1,0,1,1,6,False,True,True,False,False,True,3,high,"Inspect slurry delivery flow, filters, and lines; Inspect pad life, conditioner performance, retaining ring; Check removal-rate drift, endpoint data, and process recipe inputs"
2026-02-05 12:00:00,CMP-02,430.8,279.37,22.58,15.06,185.85,4.176,0.84,23.66,0,93.18,16.54,0,maintenance_needed,22.355,14.678333333333335,190.1833333333333,0.8805,24.153333333333332,0.3333333333333333,92.66666666666667,17.013333333333332,100.0,93.12333333333333,0.22499999999999787,-4.333333333333314,-0.04049999999999998,0.5133333333333354,-0.4733333333333327,1,1,1,1,1,0,1,1,7,True,True,True,False,False,True,4,high,"Check platen drive, carrier load, vibration source; Inspect slurry delivery flow, filters, and lines; Inspect pad life, conditioner performance, retaining ring; Check removal-rate drift, endpoint data, and process recipe inputs"
2026-02-05 13:00:00,CMP-02,431.84,281.31,20.7,14.07,189.17,4.195,0.768,22.33,1,93.75,16.0,0,maintenance_needed,21.950000000000003,14.56,188.99166666666665,0.8651666666666666,23.751666666666665,0.3333333333333333,92.71499999999999,16.983333333333334,100.0,93.77,-1.2500000000000036,0.17833333333334167,-0.09716666666666662,1.0350000000000108,-0.9833333333333343,0,0,1,1,1,0,1,1,5,False,True,True,False,False,True,3,high,"Inspect slurry delivery flow, filters, and lines; Inspect pad life, conditioner performance, retaining ring; Check removal-rate drift, endpoint data, and process recipe inputs"
2026-02-05 14:00:00,CMP-02,432.88,282.14,22.3,14.71,192.5,4.219,0.845,24.7,1,91.85,17.93,0,maintenance_needed,21.84,14.676666666666668,188.85500000000002,0.8628333333333335,23.781666666666666,0.5,92.68666666666667,17.026666666666667,100.0,94.04666666666667,0.46000000000000085,3.644999999999982,-0.01783333333333348,-0.8366666666666731,0.9033333333333324,1,1,0,1,1,0,1,1,6,True,False,True,False,False,True,3,high,"Check platen drive, carrier load, vibration source; Inspect pad life, conditioner performance, retaining ring; Check removal-rate drift, endpoint data, and process recipe inputs"
2026-02-05 15:00:00,CMP-02,434.23,281.95,24.31,14.72,192.06,4.238,0.962,24.26,1,91.38,18.42,0,maintenance_needed,22.363333333333333,14.631666666666668,189.79333333333332,0.8616666666666667,23.649999999999995,0.6666666666666666,92.38666666666666,17.349999999999998,100.0,93.98333333333333,1.9466666666666654,2.26666666666668,0.10033333333333327,-1.0066666666666606,1.0700000000000038,1,1,0,1,1,0,1,1,6,True,False,True,False,False,True,3,high,"Check platen drive, carrier load, vibration source; Inspect pad life, conditioner performance, retaining ring; Check removal-rate drift, endpoint data, and process recipe inputs"
2026-02-05 16:00:00,CMP-02,435.76,281.21,21.71,15.61,190.47,4.218,0.896,25.15,1,94.77,15.07,0,maintenance_needed,22.25,14.886666666666668,189.84333333333333,0.8730000000000001,23.82166666666667,0.6666666666666666,92.71166666666666,17.048333333333336,100.0,93.73666666666665,-0.5399999999999991,0.6266666666666652,0.02299999999999991,2.058333333333337,-1.9783333333333353,0,1,0,1,1,0,1,1,5,False,False,True,False,False,True,2,medium,"Inspect pad life, conditioner performance, retaining ring; Check removal-rate drift, endpoint data, and process recipe inputs"
2026-02-05 17:00:00,CMP-02,438.32,282.68,22.89,14.08,186.81,4.215,0.841,24.97,0,92.04,17.86,0,maintenance_needed,22.414999999999996,14.708333333333334,189.47666666666666,0.8586666666666667,24.17833333333333,0.6666666666666666,92.82833333333333,16.970000000000002,100.0,94.22666666666667,0.475000000000005,-2.666666666666657,-0.01766666666666672,-0.7883333333333269,0.889999999999997,1,0,1,1,1,0,1,1,6,True,True,True,False,False,True,4,high,"Check platen drive, carrier load, vibration source; Inspect slurry delivery flow, filters, and lines; Inspect pad life, conditioner performance, retaining ring; Check removal-rate drift, endpoint data, and process recipe inputs"
2026-02-05 18:00:00,CMP-02,438.51,285.2,24.38,14.87,185.61,4.22,0.987,23.4,0,91.57,18.33,0,maintenance_needed,22.715000000000003,14.676666666666668,189.43666666666664,0.8831666666666668,24.135,0.6666666666666666,92.56,17.268333333333334,100.0,95.06666666666666,1.6649999999999956,-3.8266666666666254,0.10383333333333322,-0.9900000000000091,1.0616666666666639,1,1,1,1,1,0,1,1,7,True,True,True,False,False,True,4,high,"Check platen drive, carrier load, vibration source; Inspect slurry delivery flow, filters, and lines; Inspect pad life, conditioner performance, retaining ring; Check removal-rate drift, endpoint data, and process recipe inputs"
2026-02-08 03:00:00,CMP-02,55.46,36.43,18.44,13.53,207.27,4.412,0.392,21.98,0,106.12,1.12,0,normal,18.341666666666665,12.286666666666667,208.91833333333332,0.35766666666666663,21.456666666666667,0.0,105.34333333333335,0.9033333333333334,13.865,12.143333333333334,0.09833333333333627,-1.6483333333333121,0.03433333333333338,0.7766666666666566,0.21666666666666667,0,0,0,0,0,0,0,0,0,False,False,False,True,False,False,1,low,Verify downforce pressure control and sensor calibration
2026-02-10 00:00:00,CMP-02,100.19,65.28,17.63,11.3,206.79,4.423,0.411,21.6,0,104.87,0.13,0,normal,17.895,12.055,207.82833333333335,0.353,21.986666666666668,0.0,104.99,0.5666666666666668,25.0475,21.76,-0.26500000000000057,-1.0383333333333553,0.057999999999999996,-0.11999999999999034,-0.43666666666666676,0,0,0,0,0,0,0,0,0,False,False,False,True,False,False,1,low,Verify downforce pressure control and sensor calibration
2026-02-11 21:00:00,CMP-02,148.1,97.29,17.42,11.29,215.82,3.966,0.386,21.73,0,105.72,0.72,0,normal,17.653333333333336,12.096666666666666,210.215,0.3356666666666667,21.728333333333335,0.0,105.46499999999999,1.1483333333333332,37.025,32.43000000000001,-0.23333333333333428,5.60499999999999,0.050333333333333286,0.25500000000000966,-0.42833333333333323,0,0,0,0,0,0,0,0,0,False,False,False,True,False,False,1,low,Verify downforce pressure control and sensor calibration
2026-02-12 14:00:00,CMP-02,161.14,106.02,18.87,11.97,211.11,4.446,0.367,23.0,0,106.85,1.85,0,normal,17.926666666666666,11.866666666666667,210.73166666666668,0.3431666666666667,22.11666666666667,0.16666666666666666,105.26333333333334,0.7599999999999999,40.285,35.339999999999996,0.9433333333333351,0.3783333333333303,0.023833333333333317,1.586666666666659,1.0900000000000003,0,0,0,0,0,0,0,0,0,False,False,False,True,False,False,1,low,Verify downforce pressure control and sensor calibration
2026-02-12 20:00:00,CMP-02,170.27,108.78,17.93,11.65,213.86,4.464,0.26,21.53,0,104.24,0.76,0,normal,18.078333333333333,11.926666666666668,209.89833333333334,0.33149999999999996,21.518333333333334,0.0,104.60333333333331,0.91,42.5675,36.26,-0.14833333333333343,3.961666666666673,-0.07149999999999995,-0.3633333333333155,-0.15000000000000002,0,0,0,0,0,0,0,0,0,False,False,False,True,False,False,1,low,Verify downforce pressure control and sensor calibration
2026-02-13 18:00:00,CMP-02,191.15,126.86,16.87,13.1,212.98,4.489,0.308,22.66,0,104.77,0.23,0,normal,17.58666666666667,12.343333333333334,210.55999999999997,0.33949999999999997,22.435000000000002,0.0,104.97833333333331,0.7416666666666667,47.7875,42.28666666666667,-0.7166666666666686,2.420000000000016,-0.03149999999999997,-0.20833333333331439,-0.5116666666666667,0,0,0,0,0,0,0,0,0,False,False,False,True,False,False,1,low,Verify downforce pressure control and sensor calibration
2026-02-14 11:00:00,CMP-02,205.91,136.05,17.64,11.65,208.33,3.988,0.39,21.92,0,104.56,0.44,0,normal,17.888333333333332,11.586666666666668,209.17999999999998,0.39033333333333337,22.224999999999998,0.16666666666666666,104.98,1.17,51.4775,45.35,-0.2483333333333313,-0.8499999999999659,-0.00033333333333335213,-0.4200000000000017,-0.73,0,0,0,0,0,0,0,0,0,False,False,False,True,False,False,1,low,Verify downforce pressure control and sensor calibration
2026-01-10 03:00:00,CMP-03,218.6,142.41,17.78,12.06,214.23,4.403,0.311,22.19,0,104.54,0.46,0,normal,17.605,11.906666666666666,210.26166666666666,0.3335000000000001,22.105,0.0,105.12666666666667,0.8933333333333334,54.65,47.47,0.1750000000000007,3.9683333333333337,-0.022500000000000075,-0.5866666666666589,-0.4333333333333334,0,0,0,0,0,0,0,0,0,False,False,False,True,False,False,1,low,Verify downforce pressure control and sensor calibration
2026-01-10 10:00:00,CMP-03,229.38,148.38,18.53,10.86,214.97,3.849,0.333,22.42,0,104.29,0.71,0,normal,17.610000000000003,11.931666666666667,207.54166666666666,0.33699999999999997,22.118333333333336,0.0,105.03833333333334,0.9883333333333334,57.345,49.46,0.9199999999999982,7.428333333333342,-0.003999999999999948,-0.7483333333333348,-0.27833333333333343,0,0,0,0,0,0,0,0,0,False,False,False,True,False,False,1,low,Verify downforce pressure control and sensor calibration
2026-01-10 15:00:00,CMP-03,231.57,149.34,16.71,12.68,207.08,3.978,0.363,21.91,0,103.21,1.83,0,normal,17.848333333333333,11.973333333333334,210.09833333333333,0.37516666666666665,21.741666666666664,0.0,104.19666666666666,1.21,57.892500000000005,49.78,-1.1383333333333319,-3.0183333333333167,-0.012166666666666659,-0.9866666666666646,0.6200000000000001,0,0,0,0,0,0,0,0,0,False,False,False,True,False,False,1,low,Verify downforce pressure control and sensor calibration
2026-01-13 14:00:00,CMP-03,301.41,196.1,18.73,13.29,205.82,4.202,0.616,22.59,2,101.84,4.84,0,normal,18.606666666666666,13.101666666666667,204.72166666666666,0.5485000000000001,22.498333333333335,0.3333333333333333,101.52499999999999,5.1033333333333335,75.3525,65.36666666666666,0.12333333333333485,1.0983333333333292,0.0674999999999999,0.31500000000001194,-0.26333333333333364,0,0,0,0,0,1,0,0,1,False,False,False,False,True,False,1,low,Review recent alarms and tool event log
2026-01-13 20:00:00,CMP-03,311.12,199.1,19.92,13.53,197.28,4.136,0.534,22.91,3,99.08,7.83,0,normal,19.80333333333333,13.273333333333333,202.43166666666664,0.5021666666666668,22.73,0.6666666666666666,99.96,6.831666666666667,77.78,66.36666666666666,0.1166666666666707,-5.151666666666642,0.03183333333333327,-0.8799999999999955,0.9983333333333331,0,0,0,0,0,1,0,0,1,False,False,False,False,True,False,1,low,Review recent alarms and tool event log
2026-01-13 21:00:00,CMP-03,311.12,200.04,19.54,12.75,194.37,4.269,0.602,23.7,0,96.8,10.11,0,normal,19.868333333333332,13.246666666666664,199.88666666666666,0.515,23.013333333333332,0.6666666666666666,99.34833333333331,7.4750000000000005,77.78,66.67999999999999,-0.32833333333333314,-5.5166666666666515,0.08699999999999997,-2.548333333333318,2.634999999999999,0,0,0,0,0,0,0,1,1,False,False,False,False,False,True,1,low,"Check removal-rate drift, endpoint data, and process recipe inputs"
2026-01-13 22:00:00,CMP-03,310.79,203.27,19.55,12.48,195.19,3.949,0.545,22.81,1,101.48,5.42,0,normal,19.946666666666665,13.215000000000002,198.43166666666664,0.5248333333333334,23.013333333333335,0.6666666666666666,99.48833333333333,7.368333333333333,77.6975,67.75666666666666,-0.3966666666666647,-3.241666666666646,0.020166666666666666,1.9916666666666742,-1.9483333333333333,0,0,0,0,0,0,0,0,0,False,False,False,True,False,False,1,low,Verify downforce pressure control and sensor calibration
2026-01-14 00:00:00,CMP-03,312.79,203.35,20.42,12.2,196.52,4.406,0.533,22.58,0,99.27,7.68,0,normal,20.006666666666668,12.918333333333335,196.635,0.5481666666666667,23.083333333333332,0.6666666666666666,99.40166666666666,7.511666666666667,78.1975,67.78333333333333,0.413333333333334,-0.11499999999998067,-0.015166666666666662,-0.1316666666666606,0.168333333333333,0,0,0,0,0,0,0,0,0,False,False,False,True,False,False,1,low,Verify downforce pressure control and sensor calibration
2026-01-14 03:00:00,CMP-03,315.12,205.47,18.38,13.12,188.41,4.199,0.558,22.71,0,98.59,8.42,0,normal,19.64,13.090000000000002,196.04999999999998,0.5785,22.923333333333332,0.16666666666666666,99.84166666666665,7.123333333333334,78.78,68.49,-1.2600000000000016,-7.639999999999986,-0.020499999999999963,-1.251666666666651,1.296666666666666,0,0,1,0,0,0,0,0,1,False,True,False,False,False,False,1,low,"Inspect slurry delivery flow, filters, and lines"
2026-01-14 10:00:00,CMP-03,323.35,208.71,20.17,13.27,200.04,4.454,0.628,24.16,1,99.28,7.91,0,normal,20.334999999999997,13.243333333333334,200.91166666666666,0.5971666666666667,23.271666666666665,0.16666666666666666,99.20333333333332,7.916666666666668,80.8375,69.57,-0.1649999999999956,-0.8716666666666697,0.030833333333333268,0.0766666666666822,-0.006666666666667709,0,0,0,0,0,0,0,0,0,False,False,False,True,False,False,1,low,Verify downforce pressure control and sensor calibration
2026-01-14 11:00:00,CMP-03,326.28,209.25,20.19,14.24,199.64,4.212,0.638,22.32,0,97.05,10.21,0,normal,20.25,13.341666666666667,201.06666666666663,0.619,23.245,0.16666666666666666,99.11166666666666,8.036666666666667,81.57,69.75,-0.05999999999999872,-1.426666666666648,0.019000000000000017,-2.0616666666666674,2.173333333333334,0,0,0,0,0,0,0,1,1,False,False,False,False,False,True,1,low,"Check removal-rate drift, endpoint data, and process recipe inputs"
2026-01-14 16:00:00,CMP-03,327.07,213.82,20.28,13.94,198.78,4.093,0.587,23.58,2,97.93,9.36,0,normal,20.521666666666665,13.795,198.73666666666665,0.61,22.491666666666664,0.5,99.02499999999999,8.22,81.7675,71.27333333333333,-0.2416666666666636,0.043333333333350765,-0.02300000000000002,-1.0949999999999847,1.1399999999999988,0,0,0,0,0,1,0,0,1,False,False,False,False,True,False,1,low,Review recent alarms and tool event log
2026-01-14 20:00:00,CMP-03,330.18,217.31,19.75,13.43,197.6,4.203,0.561,22.76,3,98.73,8.62,0,normal,20.531666666666666,13.771666666666668,199.47833333333335,0.6061666666666666,22.905,0.8333333333333334,98.75666666666667,8.578333333333335,82.545,72.43666666666667,-0.7816666666666663,-1.8783333333333587,-0.04516666666666658,-0.026666666666670835,0.0416666666666643,0,0,0,0,0,1,0,0,1,False,False,False,False,True,False,1,low,Review recent alarms and tool event log
2026-01-14 21:00:00,CMP-03,333.06,218.09,21.3,13.15,199.67,4.173,0.635,24.37,0,97.33,10.09,0,normal,20.526666666666667,13.681666666666665,199.3183333333333,0.6053333333333334,23.275000000000002,0.8333333333333334,98.43833333333333,8.926666666666668,83.265,72.69666666666666,0.7733333333333334,0.3516666666666879,0.02966666666666662,-1.1083333333333343,1.1633333333333322,0,0,0,0,0,0,0,1,1,False,False,False,False,False,True,1,low,"Check removal-rate drift, endpoint data, and process recipe inputs"
2026-01-14 22:00:00,CMP-03,331.81,216.08,22.16,12.36,198.88,4.051,0.622,22.68,1,96.92,10.47,0,warning,20.84,13.418333333333331,199.335,0.6111666666666667,23.125,0.6666666666666666,98.27,9.111666666666666,82.9525,72.02666666666667,1.3200000000000003,-0.4550000000000125,0.01083333333333325,-1.3499999999999943,1.3583333333333343,1,0,0,0,0,0,0,1,2,False,False,False,False,False,True,1,low,"Check removal-rate drift, endpoint data, and process recipe inputs"
2026-01-15 01:00:00,CMP-03,339.08,220.22,20.13,13.94,195.97,4.057,0.645,23.13,2,98.19,9.38,0,normal,20.404999999999998,13.381666666666668,197.77666666666664,0.615,23.175,1.1666666666666667,98.30166666666666,9.145000000000001,84.77,73.40666666666667,-0.2749999999999986,-1.8066666666666436,0.030000000000000027,-0.11166666666666458,0.23499999999999943,0,0,0,0,0,1,0,0,1,False,False,False,False,True,False,1,low,Review recent alarms and tool event log
2026-01-15 05:00:00,CMP-03,341.13,222.12,21.42,13.68,200.5,4.247,0.761,24.06,1,97.46,10.15,0,warning,20.593333333333334,13.815,196.5666666666667,0.6426666666666666,23.745,1.0,98.68,8.871666666666668,85.2825,74.04,0.826666666666668,3.9333333333333087,0.1183333333333334,-1.220000000000013,1.2783333333333324,0,0,0,1,0,0,0,1,2,False,False,False,False,False,True,1,low,"Check removal-rate drift, endpoint data, and process recipe inputs"
2026-01-15 10:00:00,CMP-03,347.06,226.01,21.04,13.84,200.79,4.08,0.532,22.39,0,97.56,10.2,0,normal,21.405,13.821666666666667,201.5666666666667,0.653,23.301666666666666,0.5,98.57333333333334,9.096666666666668,86.765,75.33666666666666,-0.365000000000002,-0.7766666666666993,-0.121,-1.0133333333333354,1.1033333333333317,0,0,0,0,0,0,0,1,1,False,False,False,False,False,True,1,low,"Check removal-rate drift, endpoint data, and process recipe inputs"
2026-01-15 12:00:00,CMP-03,350.66,227.09,20.59,13.45,194.08,4.19,0.6,21.64,0,97.21,10.63,0,normal,21.328333333333333,13.713333333333333,202.17,0.6146666666666667,22.83,0.3333333333333333,98.58,9.135,87.665,75.69666666666667,-0.7383333333333333,-8.089999999999975,-0.014666666666666717,-1.3700000000000045,1.495000000000001,0,0,0,0,0,0,0,1,1,False,False,False,False,False,True,1,low,"Check removal-rate drift, endpoint data, and process recipe inputs"
2026-01-15 13:00:00,CMP-03,349.66,226.52,20.33,13.73,187.09,4.231,0.655,23.82,0,96.78,11.04,0,warning,21.099999999999998,13.686666666666666,198.71666666666667,0.6121666666666666,22.99333333333333,0.3333333333333333,98.04,9.69,87.415,75.50666666666666,-0.7699999999999996,-11.626666666666665,0.04283333333333339,-1.2600000000000051,1.3499999999999996,0,0,1,0,0,0,0,1,2,False,True,False,False,False,True,2,medium,"Inspect slurry delivery flow, filters, and lines; Check removal-rate drift, endpoint data, and process recipe inputs"
2026-01-15 15:00:00,CMP-03,349.97,227.11,21.0,14.84,199.53,4.289,0.714,23.3,0,95.23,12.59,0,maintenance_needed,21.098333333333333,13.943333333333333,197.02666666666667,0.6358333333333334,22.825000000000003,0.0,97.30333333333334,10.495,87.4925,75.70333333333333,-0.09833333333333272,2.5033333333333303,0.0781666666666666,-2.0733333333333377,2.0950000000000006,0,1,0,1,0,0,1,1,4,False,False,False,False,False,True,1,low,"Check removal-rate drift, endpoint data, and process recipe inputs"
2026-01-15 16:00:00,CMP-03,353.46,226.84,21.55,14.08,197.53,4.292,0.62,22.27,0,97.5,10.41,0,normal,21.183333333333334,13.983333333333333,196.48333333333335,0.6505000000000001,22.805000000000003,0.0,97.29333333333334,10.530000000000001,88.365,75.61333333333333,0.36666666666666714,1.0466666666666526,-0.030500000000000083,0.20666666666666345,-0.120000000000001,0,0,0,0,0,0,0,1,1,False,False,False,False,False,True,1,low,"Check removal-rate drift, endpoint data, and process recipe inputs"
2026-01-15 17:00:00,CMP-03,354.92,229.73,21.04,13.61,197.87,4.13,0.701,22.7,0,97.33,10.61,0,warning,21.121666666666666,14.051666666666664,195.24166666666667,0.662,22.83,0.0,97.12166666666667,10.743333333333334,88.73,76.57666666666665,-0.081666666666667,2.6283333333333303,0.038999999999999924,0.2083333333333286,-0.13333333333333464,0,0,0,1,0,0,0,1,2,False,False,False,False,False,True,1,low,"Check removal-rate drift, endpoint data, and process recipe inputs"
2026-01-15 18:00:00,CMP-03,354.42,230.0,20.46,15.33,202.11,4.219,0.68,23.13,1,96.27,11.65,0,warning,21.099999999999998,14.365,196.58,0.6753333333333332,23.078333333333333,0.16666666666666666,96.96499999999999,10.913333333333334,88.605,76.66666666666667,-0.639999999999997,5.530000000000001,0.004666666666666819,-0.6949999999999932,0.7366666666666664,0,1,0,0,0,0,0,1,2,False,False,False,False,False,True,1,low,"Check removal-rate drift, endpoint data, and process recipe inputs"
2026-01-15 20:00:00,CMP-03,356.49,227.85,22.12,13.52,199.8,4.185,0.659,23.57,1,96.69,11.29,0,warning,21.188333333333336,14.161666666666667,199.1816666666667,0.6788333333333334,22.995,0.3333333333333333,96.86333333333333,11.056666666666667,89.1225,75.94999999999999,0.9316666666666649,0.618333333333311,-0.01983333333333337,-0.173333333333332,0.2333333333333325,1,0,0,0,0,0,0,1,2,False,False,False,False,False,True,1,low,"Check removal-rate drift, endpoint data, and process recipe inputs"
2026-01-15 21:00:00,CMP-03,355.45,230.55,21.4,12.78,192.96,4.226,0.751,23.88,1,96.6,11.35,0,warning,21.255,13.818333333333333,198.08666666666667,0.685,23.09166666666667,0.5,97.09166666666665,10.85,88.8625,76.85000000000001,0.14499999999999957,-5.126666666666665,0.06599999999999995,-0.49166666666666003,0.5,0,0,0,1,0,0,0,1,2,False,False,False,False,False,True,1,low,"Check removal-rate drift, endpoint data, and process recipe inputs"
2026-01-15 22:00:00,CMP-03,357.73,234.05,19.64,14.72,192.09,3.927,0.683,25.09,0,98.84,9.17,0,normal,20.936666666666664,13.925000000000002,197.18000000000004,0.6955,23.561666666666667,0.5,97.315,10.643333333333333,89.4325,78.01666666666667,-1.2966666666666633,-5.090000000000032,-0.012499999999999956,1.5250000000000057,-1.4733333333333327,0,1,0,0,0,0,0,0,1,False,False,False,True,False,False,1,low,Verify downforce pressure control and sensor calibration
2026-01-16 00:00:00,CMP-03,360.69,234.43,22.5,15.37,196.57,4.245,0.656,24.32,0,97.64,10.44,0,maintenance_needed,21.246666666666666,14.075000000000001,197.08333333333334,0.7045,23.893333333333334,0.5,97.77499999999999,10.225,90.1725,78.14333333333333,1.2533333333333339,-0.5133333333333496,-0.04849999999999999,-0.1349999999999909,0.21499999999999986,1,1,0,0,1,0,0,1,4,False,False,True,False,False,True,2,medium,"Inspect pad life, conditioner performance, retaining ring; Check removal-rate drift, endpoint data, and process recipe inputs"
2026-01-16 01:00:00,CMP-03,362.8,232.98,20.95,13.12,193.45,4.152,0.739,22.98,1,97.06,11.06,0,warning,21.245,13.996666666666668,196.28333333333333,0.7111666666666667,23.89,0.6666666666666666,97.59166666666668,10.436666666666667,90.7,77.66,-0.2950000000000017,-2.833333333333343,0.027833333333333266,-0.5316666666666805,0.6233333333333331,0,0,0,1,1,0,0,1,3,False,False,True,False,False,True,2,medium,"Inspect pad life, conditioner performance, retaining ring; Check removal-rate drift, endpoint data, and process recipe inputs"
2026-01-16 02:00:00,CMP-03,360.09,237.03,19.62,14.79,193.74,4.354,0.691,22.36,1,96.63,11.43,0,warning,20.828333333333333,14.208333333333334,195.27333333333334,0.7165,23.688333333333333,0.6666666666666666,97.58166666666666,10.459999999999999,90.0225,79.01,-1.2083333333333321,-1.5333333333333314,-0.025500000000000078,-0.951666666666668,0.9700000000000006,0,1,0,0,1,0,0,1,3,False,False,True,False,False,True,2,medium,"Inspect pad life, conditioner performance, retaining ring; Check removal-rate drift, endpoint data, and process recipe inputs"
2026-01-16 03:00:00,CMP-03,362.77,235.78,22.64,13.99,193.34,4.172,0.685,23.32,0,98.84,9.29,0,warning,21.035,14.410000000000002,195.33666666666667,0.7055000000000001,23.595,0.5,97.955,10.116666666666667,90.6925,78.59333333333333,1.6050000000000004,-1.9966666666666697,-0.020500000000000074,0.8850000000000051,-0.826666666666668,1,0,0,0,1,0,0,0,2,False,False,True,False,False,False,1,low,"Inspect pad life, conditioner performance, retaining ring"
2026-01-16 04:00:00,CMP-03,366.67,236.95,21.76,14.49,192.69,4.211,0.743,22.49,1,97.26,10.95,0,warning,21.388333333333335,14.371666666666668,195.4366666666667,0.7155,23.161666666666665,0.6666666666666666,97.69166666666666,10.413333333333334,91.6675,78.98333333333333,0.37166666666666615,-2.746666666666698,0.02749999999999997,-0.43166666666665776,0.5366666666666653,0,0,0,1,1,0,0,1,3,False,False,True,False,False,True,2,medium,"Inspect pad life, conditioner performance, retaining ring; Check removal-rate drift, endpoint data, and process recipe inputs"
2026-01-16 05:00:00,CMP-03,363.66,240.04,21.09,12.98,190.72,4.161,0.689,23.58,3,95.56,12.59,0,maintenance_needed,21.426666666666666,14.123333333333333,193.41833333333332,0.7005,23.175,1.0,97.165,10.96,90.915,80.01333333333332,-0.336666666666666,-2.6983333333333235,-0.011500000000000066,-1.605000000000004,1.629999999999999,0,0,0,0,1,1,1,1,4,False,False,True,False,True,True,3,high,"Inspect pad life, conditioner performance, retaining ring; Review recent alarms and tool event log; Check removal-rate drift, endpoint data, and process recipe inputs"
2026-01-16 06:00:00,CMP-03,364.52,239.72,20.87,14.86,189.76,4.332,0.573,23.04,2,94.72,13.45,0,maintenance_needed,21.155,14.038333333333334,192.28333333333333,0.6866666666666666,22.96166666666667,1.3333333333333333,96.67833333333334,11.461666666666666,91.13,79.90666666666667,-0.28500000000000014,-2.5233333333333405,-0.1136666666666667,-1.9583333333333428,1.9883333333333333,0,1,1,0,1,1,1,1,6,False,True,False,False,True,True,3,high,"Inspect slurry delivery flow, filters, and lines; Review recent alarms and tool event log; Check removal-rate drift, endpoint data, and process recipe inputs"
2026-01-16 07:00:00,CMP-03,367.36,238.18,22.1,14.49,194.68,4.192,0.56,22.25,0,97.13,11.11,0,warning,21.346666666666668,14.266666666666666,192.48833333333334,0.6568333333333334,22.84,1.1666666666666667,96.69,11.469999999999999,91.84,79.39333333333335,0.7533333333333339,2.191666666666663,-0.09683333333333333,0.4399999999999977,-0.35999999999999943,1,0,0,0,1,0,0,1,3,False,False,False,False,False,True,1,low,"Check removal-rate drift, endpoint data, and process recipe inputs"
2026-01-16 08:00:00,CMP-03,369.52,238.49,20.85,14.03,192.86,4.212,0.783,24.86,0,96.18,12.1,0,warning,21.551666666666666,14.14,192.34166666666667,0.6721666666666667,23.256666666666664,1.0,96.61500000000001,11.581666666666665,92.38,79.49666666666667,-0.7016666666666644,0.5183333333333451,0.11083333333333334,-0.4350000000000023,0.5183333333333344,0,0,0,1,1,0,0,1,3,False,False,True,False,False,True,2,medium,"Inspect pad life, conditioner performance, retaining ring; Check removal-rate drift, endpoint data, and process recipe inputs"
2026-01-16 09:00:00,CMP-03,369.02,239.46,22.19,14.43,199.71,4.296,0.78,23.26,1,95.24,13.03,0,maintenance_needed,21.47666666666667,14.213333333333333,193.40333333333334,0.6880000000000001,23.246666666666666,1.1666666666666667,96.015,12.205,92.255,79.82000000000001,0.7133333333333312,6.306666666666672,0.09199999999999997,-0.7750000000000057,0.8249999999999993,1,0,0,1,1,0,1,1,5,True,False,True,False,False,True,3,high,"Check platen drive, carrier load, vibration source; Inspect pad life, conditioner performance, retaining ring; Check removal-rate drift, endpoint data, and process recipe inputs"
2026-01-16 10:00:00,CMP-03,372.39,241.11,21.78,13.63,196.1,4.247,0.821,22.53,0,96.82,11.53,0,warning,21.480000000000004,14.07,193.97166666666666,0.7010000000000001,23.253333333333334,1.0,95.94166666666666,12.301666666666668,93.0975,80.37,0.29999999999999716,2.1283333333333303,0.11999999999999988,0.8783333333333303,-0.7716666666666683,0,0,0,1,1,0,0,1,3,False,False,True,False,False,True,2,medium,"Inspect pad life, conditioner performance, retaining ring; Check removal-rate drift, endpoint data, and process recipe inputs"
2026-01-16 11:00:00,CMP-03,372.54,241.02,21.55,13.75,195.97,4.196,0.726,24.31,3,96.04,12.32,0,maintenance_needed,21.55666666666667,14.198333333333332,194.84666666666666,0.7071666666666667,23.375,1.0,96.02166666666666,12.256666666666666,93.135,80.34,-0.006666666666667709,1.1233333333333348,0.018833333333333258,0.01833333333334508,0.06333333333333435,0,0,0,1,1,1,0,1,4,False,False,True,False,True,True,3,high,"Inspect pad life, conditioner performance, retaining ring; Review recent alarms and tool event log; Check removal-rate drift, endpoint data, and process recipe inputs"
2026-01-16 12:00:00,CMP-03,373.52,241.33,21.49,13.83,191.83,4.289,0.665,23.18,0,96.53,11.84,0,warning,21.66,14.026666666666666,195.1916666666667,0.7225000000000001,23.398333333333337,0.6666666666666666,96.32333333333332,11.988333333333335,93.38,80.44333333333333,-0.1700000000000017,-3.361666666666679,-0.05750000000000011,0.20666666666667766,-0.1483333333333352,0,0,0,0,1,0,0,1,2,False,False,True,False,False,True,2,medium,"Inspect pad life, conditioner performance, retaining ring; Check removal-rate drift, endpoint data, and process recipe inputs"
2026-01-16 13:00:00,CMP-03,374.0,244.21,21.25,13.01,194.27,4.403,0.71,24.46,0,96.6,11.78,0,warning,21.518333333333334,13.780000000000001,195.12333333333333,0.7475,23.76666666666667,0.6666666666666666,96.235,12.100000000000001,93.5,81.40333333333334,-0.2683333333333344,-0.8533333333333246,-0.03750000000000009,0.3649999999999949,-0.32000000000000206,0,0,0,1,1,0,0,1,3,False,False,True,True,False,True,3,high,"Inspect pad life, conditioner performance, retaining ring; Verify downforce pressure control and sensor calibration; Check removal-rate drift, endpoint data, and process recipe inputs"
2026-01-16 14:00:00,CMP-03,378.19,242.96,22.32,14.7,195.75,4.225,0.743,23.23,0,95.35,13.14,0,maintenance_needed,21.763333333333335,13.891666666666666,195.60500000000002,0.7408333333333333,23.495,0.6666666666666666,96.09666666666668,12.273333333333333,94.5475,80.98666666666668,0.5566666666666649,0.1449999999999818,0.00216666666666665,-0.7466666666666839,0.8666666666666671,1,1,0,1,1,0,1,1,6,True,False,True,False,False,True,3,high,"Check platen drive, carrier load, vibration source; Inspect pad life, conditioner performance, retaining ring; Check removal-rate drift, endpoint data, and process recipe inputs"
2026-01-16 15:00:00,CMP-03,374.63,246.51,20.71,14.84,197.55,4.209,0.682,23.32,1,97.04,11.36,0,warning,21.516666666666666,13.959999999999999,195.245,0.7245,23.505,0.6666666666666666,96.39666666666666,11.995,93.6575,82.17,-0.8066666666666649,2.305000000000007,-0.04249999999999998,0.6433333333333451,-0.6349999999999998,0,1,0,0,1,0,0,1,3,False,False,True,False,False,True,2,medium,"Inspect pad life, conditioner performance, retaining ring; Check removal-rate drift, endpoint data, and process recipe inputs"
2026-01-16 16:00:00,CMP-03,372.39,244.51,20.05,13.67,194.55,4.214,0.809,23.92,0,95.68,12.67,0,maintenance_needed,21.228333333333335,13.966666666666667,194.98666666666668,0.7225,23.736666666666668,0.6666666666666666,96.20666666666666,12.185,93.0975,81.50333333333333,-1.1783333333333346,-0.4366666666666674,0.08650000000000002,-0.5266666666666566,0.48499999999999943,0,0,0,1,1,0,1,1,4,False,False,True,False,False,True,2,medium,"Inspect pad life, conditioner performance, retaining ring; Check removal-rate drift, endpoint data, and process recipe inputs"
2026-01-16 17:00:00,CMP-03,379.89,247.19,22.02,14.41,198.45,4.305,0.859,24.18,0,95.66,12.86,0,maintenance_needed,21.306666666666665,14.076666666666666,195.4,0.7446666666666667,23.715,0.16666666666666666,96.14333333333333,12.275,94.9725,82.39666666666666,0.7133333333333347,3.049999999999983,0.11433333333333329,-0.4833333333333343,0.5849999999999991,1,0,0,1,1,0,1,1,5,True,False,True,False,False,True,3,high,"Check platen drive, carrier load, vibration source; Inspect pad life, conditioner performance, retaining ring; Check removal-rate drift, endpoint data, and process recipe inputs"
2026-01-16 18:00:00,CMP-03,377.18,246.13,21.97,14.01,194.45,4.152,0.763,24.27,0,95.38,13.08,0,maintenance_needed,21.386666666666667,14.106666666666667,195.83666666666667,0.761,23.896666666666665,0.16666666666666666,95.95166666666667,12.481666666666667,94.295,82.04333333333334,0.5833333333333321,-1.3866666666666845,0.0020000000000000018,-0.5716666666666725,0.5983333333333327,0,0,0,1,1,0,1,1,4,False,False,True,False,False,True,2,medium,"Inspect pad life, conditioner performance, retaining ring; Check removal-rate drift, endpoint data, and process recipe inputs"
2026-01-16 19:00:00,CMP-03,379.19,247.51,21.89,14.39,197.37,4.178,0.744,23.69,2,97.34,11.17,0,maintenance_needed,21.493333333333336,14.336666666666666,196.35333333333332,0.7666666666666667,23.768333333333334,0.5,96.075,12.38,94.7975,82.50333333333333,0.3966666666666647,1.01666666666668,-0.022666666666666724,1.2650000000000006,-1.2100000000000009,0,0,0,1,1,1,0,1,4,False,False,True,False,True,True,3,high,"Inspect pad life, conditioner performance, retaining ring; Review recent alarms and tool event log; Check removal-rate drift, endpoint data, and process recipe inputs"
2026-01-16 20:00:00,CMP-03,382.36,246.13,21.91,13.86,191.91,4.077,0.689,24.16,0,95.18,13.41,0,warning,21.425,14.196666666666665,195.71333333333334,0.7576666666666667,23.923333333333332,0.5,96.04666666666667,12.424999999999999,95.59,82.04333333333334,0.48499999999999943,-3.8033333333333417,-0.06866666666666676,-0.86666666666666,0.9850000000000012,0,0,0,0,1,0,1,1,3,False,False,True,False,False,True,2,medium,"Inspect pad life, conditioner performance, retaining ring; Check removal-rate drift, endpoint data, and process recipe inputs"
2026-01-16 21:00:00,CMP-03,378.12,246.63,21.23,13.65,187.07,4.105,0.819,24.26,0,96.83,11.65,0,maintenance_needed,21.511666666666667,13.998333333333335,193.96666666666667,0.7805,24.080000000000002,0.3333333333333333,96.01166666666667,12.473333333333334,94.53,82.21,-0.2816666666666663,-6.896666666666675,0.03849999999999998,0.818333333333328,-0.8233333333333341,0,0,1,1,1,0,0,1,4,False,True,True,False,False,True,3,high,"Inspect slurry delivery flow, filters, and lines; Inspect pad life, conditioner performance, retaining ring; Check removal-rate drift, endpoint data, and process recipe inputs"
2026-01-16 22:00:00,CMP-03,379.75,248.85,22.15,14.83,195.22,4.159,0.75,23.9,0,97.85,10.67,0,maintenance_needed,21.861666666666665,14.191666666666668,194.07833333333335,0.7706666666666667,24.076666666666668,0.3333333333333333,96.37333333333333,12.14,94.9375,82.95,0.288333333333334,1.1416666666666515,-0.020666666666666722,1.4766666666666595,-1.4700000000000006,1,1,0,1,1,0,0,1,5,True,False,True,False,False,True,3,high,"Check platen drive, carrier load, vibration source; Inspect pad life, conditioner performance, retaining ring; Check removal-rate drift, endpoint data, and process recipe inputs"
2026-01-16 23:00:00,CMP-03,380.12,250.14,21.5,14.17,197.01,4.196,0.733,23.67,2,95.2,13.33,0,maintenance_needed,21.775000000000002,14.151666666666669,193.83833333333334,0.7496666666666667,23.991666666666664,0.6666666666666666,96.29666666666667,12.218333333333334,95.03,83.38,-0.27500000000000213,3.1716666666666526,-0.01666666666666672,-1.096666666666664,1.1116666666666664,0,0,0,1,1,1,1,1,5,False,False,True,False,True,True,3,high,"Inspect pad life, conditioner performance, retaining ring; Review recent alarms and tool event log; Check removal-rate drift, endpoint data, and process recipe inputs"
2026-01-17 00:00:00,CMP-03,382.57,249.65,21.2,15.46,196.15,4.342,0.778,22.78,1,92.6,15.99,0,maintenance_needed,21.646666666666665,14.393333333333333,194.12166666666667,0.7521666666666667,23.743333333333336,0.8333333333333334,95.83333333333333,12.703333333333333,95.6425,83.21666666666667,-0.44666666666666544,2.028333333333336,0.025833333333333375,-3.2333333333333343,3.286666666666667,0,1,0,1,1,0,1,1,5,False,False,True,False,False,True,2,medium,"Inspect pad life, conditioner performance, retaining ring; Check removal-rate drift, endpoint data, and process recipe inputs"
2026-01-17 01:00:00,CMP-03,385.79,248.71,21.42,14.32,195.19,4.243,0.733,24.25,0,96.72,11.95,0,warning,21.56833333333333,14.381666666666668,193.75833333333333,0.7503333333333333,23.83666666666667,0.5,95.73,12.833333333333334,96.4475,82.90333333333334,-0.14833333333332988,1.431666666666672,-0.01733333333333331,0.9899999999999949,-0.8833333333333346,0,0,0,1,1,0,0,1,3,False,False,True,False,False,True,2,medium,"Inspect pad life, conditioner performance, retaining ring; Check removal-rate drift, endpoint data, and process recipe inputs"
2026-01-17 02:00:00,CMP-03,386.94,249.27,23.31,13.75,191.99,4.127,0.773,23.88,0,94.87,13.82,0,maintenance_needed,21.801666666666666,14.363333333333335,193.77166666666668,0.7643333333333334,23.790000000000003,0.5,95.67833333333334,12.901666666666666,96.735,83.09,1.5083333333333329,-1.7816666666666663,0.0086666666666666,-0.8083333333333371,0.9183333333333348,1,0,0,1,1,0,1,1,5,True,False,True,False,False,True,3,high,"Check platen drive, carrier load, vibration source; Inspect pad life, conditioner performance, retaining ring; Check removal-rate drift, endpoint data, and process recipe inputs"
2026-01-17 03:00:00,CMP-03,387.5,249.84,20.32,15.05,190.1,4.142,0.695,23.56,0,94.12,14.59,0,maintenance_needed,21.650000000000002,14.596666666666666,194.27666666666664,0.7436666666666666,23.673333333333332,0.5,95.22666666666667,13.391666666666666,96.875,83.28,-1.3300000000000018,-4.176666666666648,-0.048666666666666636,-1.1066666666666691,1.1983333333333341,0,1,0,0,1,0,1,1,4,False,False,True,False,False,True,2,medium,"Inspect pad life, conditioner performance, retaining ring; Check removal-rate drift, endpoint data, and process recipe inputs"
2026-01-17 04:00:00,CMP-03,385.46,250.08,22.06,14.66,195.75,4.31,0.816,24.72,0,94.98,13.68,0,maintenance_needed,21.635,14.568333333333333,194.365,0.7546666666666666,23.81,0.5,94.74833333333333,13.893333333333336,96.365,83.36,0.42499999999999716,1.384999999999991,0.06133333333333335,0.23166666666666913,-0.21333333333333648,1,1,0,1,1,0,1,1,6,True,False,True,False,False,True,3,high,"Check platen drive, carrier load, vibration source; Inspect pad life, conditioner performance, retaining ring; Check removal-rate drift, endpoint data, and process recipe inputs"
2026-01-17 05:00:00,CMP-03,384.84,252.98,20.3,14.71,195.31,4.29,0.755,22.82,2,95.17,13.47,0,maintenance_needed,21.435,14.658333333333333,194.08166666666668,0.7583333333333334,23.668333333333333,0.5,94.74333333333334,13.916666666666666,96.21,84.32666666666665,-1.134999999999998,1.2283333333333246,-0.0033333333333334103,0.4266666666666623,-0.44666666666666544,0,1,0,1,1,1,1,1,6,False,False,True,False,True,True,3,high,"Inspect pad life, conditioner performance, retaining ring; Review recent alarms and tool event log; Check removal-rate drift, endpoint data, and process recipe inputs"
2026-01-17 06:00:00,CMP-03,390.1,254.85,21.68,15.07,190.8,4.202,0.832,25.03,1,96.42,12.35,0,maintenance_needed,21.515,14.593333333333334,193.18999999999997,0.7673333333333333,24.043333333333333,0.5,95.38,13.31,97.525,84.95,0.16499999999999915,-2.389999999999958,0.06466666666666665,1.0400000000000063,-0.9600000000000009,0,1,0,1,1,0,0,1,4,False,False,True,False,False,True,2,medium,"Inspect pad life, conditioner performance, retaining ring; Check removal-rate drift, endpoint data, and process recipe inputs"
2026-01-17 07:00:00,CMP-03,390.15,254.13,21.42,13.96,197.48,4.165,0.764,23.87,0,95.7,13.07,0,maintenance_needed,21.515,14.533333333333333,193.5716666666667,0.7725,23.98,0.5,95.21,13.496666666666668,97.5375,84.71,-0.09499999999999886,3.908333333333303,-0.008499999999999952,0.4900000000000091,-0.42666666666666764,0,0,0,1,1,0,1,1,4,False,False,True,False,False,True,2,medium,"Inspect pad life, conditioner performance, retaining ring; Check removal-rate drift, endpoint data, and process recipe inputs"
2026-01-17 08:00:00,CMP-03,392.83,252.09,20.16,14.32,189.23,4.29,0.774,24.14,0,96.13,12.7,0,maintenance_needed,20.99,14.628333333333332,193.11166666666668,0.7726666666666667,24.02333333333333,0.5,95.42,13.310000000000002,98.2075,84.03,-0.8299999999999983,-3.881666666666689,0.0013333333333332975,0.7099999999999937,-0.610000000000003,0,0,1,1,1,0,0,1,4,False,True,True,False,False,True,3,high,"Inspect slurry delivery flow, filters, and lines; Inspect pad life, conditioner performance, retaining ring; Check removal-rate drift, endpoint data, and process recipe inputs"
2026-01-17 09:00:00,CMP-03,394.26,255.22,22.18,14.31,190.27,4.121,0.724,23.66,1,95.27,13.6,0,maintenance_needed,21.3,14.505,193.14,0.7775,24.040000000000003,0.6666666666666666,95.61166666666668,13.145000000000001,98.565,85.07333333333334,0.879999999999999,-2.869999999999976,-0.05349999999999999,-0.3416666666666828,0.4549999999999983,1,0,0,1,1,0,1,1,5,True,False,True,False,False,True,3,high,"Check platen drive, carrier load, vibration source; Inspect pad life, conditioner performance, retaining ring; Check removal-rate drift, endpoint data, and process recipe inputs"
2026-01-17 10:00:00,CMP-03,394.25,255.9,21.56,13.64,199.15,4.231,0.823,22.77,2,95.1,13.77,0,maintenance_needed,21.21666666666667,14.335,193.70666666666668,0.7786666666666667,23.715,1.0,95.63166666666666,13.159999999999998,98.5625,85.3,0.34333333333333016,5.443333333333328,0.044333333333333225,-0.5316666666666663,0.6100000000000012,0,0,0,1,1,1,1,1,5,False,False,True,False,True,True,3,high,"Inspect pad life, conditioner performance, retaining ring; Review recent alarms and tool event log; Check removal-rate drift, endpoint data, and process recipe inputs"
2026-01-17 11:00:00,CMP-03,396.37,259.27,20.24,14.29,195.86,4.382,0.747,23.86,1,94.63,14.28,0,maintenance_needed,21.206666666666667,14.265,193.79833333333332,0.7773333333333334,23.888333333333335,0.8333333333333334,95.54166666666667,13.295,99.0925,86.42333333333333,-0.9666666666666686,2.061666666666696,-0.030333333333333434,-0.911666666666676,0.9849999999999994,0,0,0,1,1,0,1,1,4,False,False,True,False,False,True,2,medium,"Inspect pad life, conditioner performance, retaining ring; Check removal-rate drift, endpoint data, and process recipe inputs"
2026-01-17 12:00:00,CMP-03,396.41,255.65,22.59,15.25,190.95,4.216,0.766,24.19,1,95.28,13.63,0,maintenance_needed,21.358333333333334,14.295000000000002,193.82333333333335,0.7663333333333333,23.748333333333335,0.8333333333333334,95.35166666666667,13.508333333333333,99.1025,85.21666666666667,1.2316666666666656,-2.8733333333333633,-0.0003333333333332966,-0.07166666666667254,0.12166666666666792,1,1,0,1,1,0,1,1,6,True,False,True,False,False,True,3,high,"Check platen drive, carrier load, vibration source; Inspect pad life, conditioner performance, retaining ring; Check removal-rate drift, endpoint data, and process recipe inputs"
2026-01-17 13:00:00,CMP-03,397.95,257.58,23.1,14.61,193.37,4.138,0.795,24.45,0,95.68,13.27,0,maintenance_needed,21.638333333333335,14.40333333333333,193.13833333333332,0.7715000000000001,23.845,0.8333333333333334,95.34833333333331,13.541666666666666,99.4875,85.85999999999999,1.461666666666666,0.23166666666668334,0.023499999999999965,0.33166666666669187,-0.2716666666666665,1,1,0,1,1,0,1,1,6,True,False,True,False,False,True,3,high,"Check platen drive, carrier load, vibration source; Inspect pad life, conditioner performance, retaining ring; Check removal-rate drift, endpoint data, and process recipe inputs"
2026-01-17 14:00:00,CMP-03,396.73,260.75,23.12,13.64,192.97,4.233,0.797,23.82,1,95.91,13.02,0,maintenance_needed,22.13166666666667,14.290000000000001,193.76166666666666,0.7753333333333333,23.791666666666668,1.0,95.31166666666667,13.595,99.1825,86.91666666666666,0.9883333333333297,-0.7916666666666572,0.021666666666666723,0.5983333333333292,-0.5750000000000011,1,0,0,1,1,0,1,1,5,True,False,True,False,False,True,3,high,"Check platen drive, carrier load, vibration source; Inspect pad life, conditioner performance, retaining ring; Check removal-rate drift, endpoint data, and process recipe inputs"
2026-01-17 15:00:00,CMP-03,398.68,259.89,22.26,13.55,181.16,4.162,0.711,22.45,0,93.47,15.49,0,maintenance_needed,22.145,14.163333333333334,192.24333333333334,0.7731666666666667,23.59,0.8333333333333334,95.01166666666666,13.909999999999998,99.67,86.63,0.11500000000000199,-11.083333333333343,-0.0621666666666667,-1.5416666666666572,1.5800000000000018,1,0,1,1,1,0,1,1,6,True,True,True,False,False,True,4,high,"Check platen drive, carrier load, vibration source; Inspect slurry delivery flow, filters, and lines; Inspect pad life, conditioner performance, retaining ring; Check removal-rate drift, endpoint data, and process recipe inputs"
2026-01-17 16:00:00,CMP-03,400.35,260.68,22.05,15.5,188.34,4.088,0.789,22.93,0,94.44,14.57,0,maintenance_needed,22.22666666666667,14.473333333333334,190.4416666666667,0.7675000000000001,23.616666666666664,0.5,94.90166666666666,14.043333333333335,100.0,86.89333333333333,-0.17666666666666941,-2.101666666666688,0.021499999999999964,-0.4616666666666589,0.5266666666666655,1,1,1,1,1,0,1,1,7,True,True,True,False,False,True,4,high,"Check platen drive, carrier load, vibration source; Inspect slurry delivery flow, filters, and lines; Inspect pad life, conditioner performance, retaining ring; Check removal-rate drift, endpoint data, and process recipe inputs"
2026-01-17 17:00:00,CMP-03,402.48,260.79,23.12,14.48,191.53,4.256,0.846,25.47,0,95.03,14.02,0,maintenance_needed,22.706666666666667,14.505,189.72,0.7840000000000001,23.885,0.3333333333333333,94.96833333333332,14.0,100.0,86.93,0.413333333333334,1.8100000000000023,0.06199999999999983,0.061666666666681635,0.019999999999999574,1,0,0,1,1,0,1,1,5,True,False,True,False,False,True,3,high,"Check platen drive, carrier load, vibration source; Inspect pad life, conditioner performance, retaining ring; Check removal-rate drift, endpoint data, and process recipe inputs"
2026-01-17 18:00:00,CMP-03,401.29,261.7,23.38,14.13,190.44,4.289,0.785,23.25,0,93.94,15.09,0,maintenance_needed,22.838333333333335,14.318333333333335,189.635,0.7871666666666668,23.728333333333335,0.16666666666666666,94.745,14.243333333333334,100.0,87.23333333333333,0.5416666666666643,0.8050000000000068,-0.002166666666666761,-0.8050000000000068,0.8466666666666658,1,0,0,1,1,0,1,1,5,True,False,True,False,False,True,3,high,"Check platen drive, carrier load, vibration source; Inspect pad life, conditioner performance, retaining ring; Check removal-rate drift, endpoint data, and process recipe inputs"
2026-01-17 19:00:00,CMP-03,403.94,262.88,23.0,14.39,192.57,4.175,0.799,25.05,1,93.15,15.94,0,maintenance_needed,22.82166666666667,14.281666666666668,189.50166666666667,0.7878333333333334,23.828333333333333,0.3333333333333333,94.32333333333334,14.688333333333334,100.0,87.62666666666667,0.178333333333331,3.068333333333328,0.011166666666666658,-1.173333333333332,1.2516666666666652,1,0,0,1,1,0,1,1,5,True,False,True,False,False,True,3,high,"Check platen drive, carrier load, vibration source; Inspect pad life, conditioner performance, retaining ring; Check removal-rate drift, endpoint data, and process recipe inputs"
2026-01-17 20:00:00,CMP-03,403.52,261.63,21.33,13.67,196.15,4.17,0.817,23.39,0,93.82,15.26,0,maintenance_needed,22.52333333333333,14.286666666666669,190.03166666666667,0.7911666666666667,23.756666666666664,0.16666666666666666,93.97500000000001,15.061666666666667,100.0,87.21,-1.1933333333333316,6.118333333333339,0.025833333333333264,-0.15500000000001535,0.19833333333333236,0,0,0,1,1,0,1,1,4,False,False,True,False,False,True,2,medium,"Inspect pad life, conditioner performance, retaining ring; Check removal-rate drift, endpoint data, and process recipe inputs"
2026-01-17 21:00:00,CMP-03,404.79,264.3,22.27,15.42,190.21,4.123,0.806,23.93,0,93.9,15.21,0,maintenance_needed,22.525000000000002,14.598333333333334,191.54,0.8069999999999999,24.00333333333333,0.16666666666666666,94.04666666666667,15.015,100.0,88.1,-0.25500000000000256,-1.329999999999984,-0.0009999999999998899,-0.14666666666666117,0.19500000000000028,1,1,0,1,1,0,1,1,6,True,False,True,False,False,True,3,high,"Check platen drive, carrier load, vibration source; Inspect pad life, conditioner performance, retaining ring; Check removal-rate drift, endpoint data, and process recipe inputs"
2026-01-17 22:00:00,CMP-03,407.49,262.25,22.53,14.37,186.98,4.188,0.768,24.53,1,94.49,14.69,0,maintenance_needed,22.605,14.409999999999998,191.31333333333336,0.8035000000000001,24.27,0.3333333333333333,94.055,15.035000000000002,100.0,87.41666666666667,-0.07499999999999929,-4.333333333333371,-0.03550000000000009,0.43499999999998806,-0.3450000000000024,1,0,1,1,1,0,1,1,6,True,True,True,False,False,True,4,high,"Check platen drive, carrier load, vibration source; Inspect slurry delivery flow, filters, and lines; Inspect pad life, conditioner performance, retaining ring; Check removal-rate drift, endpoint data, and process recipe inputs"
2026-01-17 23:00:00,CMP-03,403.41,264.94,20.63,15.37,192.94,4.155,0.807,23.47,1,95.84,13.24,0,maintenance_needed,22.189999999999998,14.558333333333332,191.54833333333332,0.797,23.936666666666667,0.5,94.19,14.905000000000001,100.0,88.31333333333333,-1.5599999999999987,1.39166666666668,0.010000000000000009,1.6500000000000057,-1.665000000000001,0,1,0,1,1,0,1,1,5,False,False,True,False,False,True,2,medium,"Inspect pad life, conditioner performance, retaining ring; Check removal-rate drift, endpoint data, and process recipe inputs"
2026-01-18 00:00:00,CMP-03,405.67,265.41,22.51,14.61,190.09,4.119,0.865,25.18,0,92.62,16.52,0,maintenance_needed,22.045,14.638333333333334,191.49,0.8103333333333333,24.258333333333336,0.5,93.96999999999998,15.143333333333333,100.0,88.47,0.46499999999999986,-1.4000000000000057,0.05466666666666664,-1.34999999999998,1.376666666666667,1,1,0,1,1,0,1,1,6,True,False,True,False,False,True,3,high,"Check platen drive, carrier load, vibration source; Inspect pad life, conditioner performance, retaining ring; Check removal-rate drift, endpoint data, and process recipe inputs"
2026-01-18 01:00:00,CMP-03,406.33,265.11,23.97,15.45,190.71,4.351,0.764,24.13,1,93.46,15.68,0,maintenance_needed,22.206666666666667,14.815,191.18000000000004,0.8045000000000001,24.105,0.5,94.02166666666666,15.1,100.0,88.37,1.7633333333333319,-0.4700000000000273,-0.04050000000000009,-0.5616666666666674,0.5800000000000001,1,1,0,1,1,0,1,1,6,True,False,True,False,False,True,3,high,"Check platen drive, carrier load, vibration source; Inspect pad life, conditioner performance, retaining ring; Check removal-rate drift, endpoint data, and process recipe inputs"
2026-01-18 02:00:00,CMP-03,405.8,266.47,22.65,14.74,190.22,4.237,0.797,24.39,0,93.72,15.42,0,maintenance_needed,22.426666666666666,14.993333333333332,190.1916666666667,0.8011666666666667,24.271666666666665,0.5,94.005,15.126666666666667,100.0,88.82333333333334,0.22333333333333272,0.028333333333307564,-0.004166666666666652,-0.2849999999999966,0.293333333333333,1,1,0,1,1,0,1,1,6,True,False,True,False,False,True,3,high,"Check platen drive, carrier load, vibration source; Inspect pad life, conditioner performance, retaining ring; Check removal-rate drift, endpoint data, and process recipe inputs"
2026-01-18 03:00:00,CMP-03,409.78,266.4,23.41,15.16,199.93,4.246,0.757,23.93,0,95.55,13.68,0,maintenance_needed,22.616666666666664,14.949999999999998,191.81166666666664,0.7930000000000001,24.271666666666665,0.5,94.28000000000002,14.871666666666668,100.0,88.79999999999998,0.7933333333333366,8.118333333333368,-0.03600000000000014,1.2699999999999818,-1.1916666666666682,1,1,0,1,1,0,1,1,6,True,False,True,False,False,True,3,high,"Check platen drive, carrier load, vibration source; Inspect pad life, conditioner performance, retaining ring; Check removal-rate drift, endpoint data, and process recipe inputs"
2026-01-18 04:00:00,CMP-03,413.35,266.51,22.46,15.13,181.62,4.271,0.882,24.62,1,92.44,16.87,0,maintenance_needed,22.605,15.076666666666668,190.91833333333332,0.8119999999999999,24.286666666666665,0.5,93.93833333333333,15.235,100.0,88.83666666666666,-0.14499999999999957,-9.298333333333318,0.07000000000000006,-1.4983333333333348,1.6350000000000016,1,1,1,1,1,0,1,1,7,True,True,True,False,False,True,4,high,"Check platen drive, carrier load, vibration source; Inspect slurry delivery flow, filters, and lines; Inspect pad life, conditioner performance, retaining ring; Check removal-rate drift, endpoint data, and process recipe inputs"
2026-01-18 05:00:00,CMP-03,412.49,268.03,22.24,15.06,189.12,4.262,0.828,25.25,1,93.2,16.1,0,maintenance_needed,22.873333333333335,15.025,190.28166666666667,0.8155,24.583333333333332,0.5,93.49833333333333,15.711666666666668,100.0,89.34333333333332,-0.6333333333333364,-1.1616666666666617,0.012499999999999956,-0.298333333333332,0.38833333333333364,1,1,1,1,1,0,1,1,7,True,True,True,False,False,True,4,high,"Check platen drive, carrier load, vibration source; Inspect slurry delivery flow, filters, and lines; Inspect pad life, conditioner performance, retaining ring; Check removal-rate drift, endpoint data, and process recipe inputs"
2026-01-18 06:00:00,CMP-03,414.36,267.78,22.64,14.92,190.47,4.167,0.795,24.08,0,92.12,17.21,0,maintenance_needed,22.895,15.076666666666666,190.34500000000003,0.8038333333333334,24.399999999999995,0.5,93.415,15.826666666666668,100.0,89.25999999999999,-0.254999999999999,0.12499999999997158,-0.00883333333333336,-1.2950000000000017,1.3833333333333329,1,1,0,1,1,0,1,1,6,True,False,True,False,False,True,3,high,"Check platen drive, carrier load, vibration source; Inspect pad life, conditioner performance, retaining ring; Check removal-rate drift, endpoint data, and process recipe inputs"
2026-01-18 07:00:00,CMP-03,416.96,270.14,21.75,14.61,187.08,4.222,0.85,25.41,2,93.8,15.6,0,maintenance_needed,22.525000000000002,14.936666666666666,189.74,0.8181666666666668,24.613333333333333,0.6666666666666666,93.47166666666668,15.813333333333334,100.0,90.04666666666667,-0.7750000000000021,-2.6599999999999966,0.03183333333333316,0.32833333333331893,-0.2133333333333347,0,1,1,1,1,1,1,1,7,False,True,True,False,True,True,4,high,"Inspect slurry delivery flow, filters, and lines; Inspect pad life, conditioner performance, retaining ring; Review recent alarms and tool event log; Check removal-rate drift, endpoint data, and process recipe inputs"
2026-01-18 08:00:00,CMP-03,418.39,269.02,21.66,15.92,193.65,4.178,0.788,23.79,1,93.54,15.89,0,maintenance_needed,22.36,15.133333333333333,190.3116666666667,0.8166666666666668,24.513333333333332,0.8333333333333334,93.44166666666666,15.891666666666667,100.0,89.67333333333333,-0.6999999999999993,3.33833333333331,-0.02866666666666673,0.09833333333334338,-0.0016666666666669272,0,1,0,1,1,0,1,1,5,False,False,True,False,False,True,2,medium,"Inspect pad life, conditioner performance, retaining ring; Check removal-rate drift, endpoint data, and process recipe inputs"
2026-01-18 09:00:00,CMP-03,416.88,271.9,23.41,14.2,193.47,4.235,0.793,24.73,0,93.06,16.33,0,maintenance_needed,22.36,14.973333333333334,189.23499999999999,0.8226666666666667,24.646666666666665,0.8333333333333334,93.02666666666669,16.333333333333336,100.0,90.63333333333333,1.0500000000000007,4.235000000000014,-0.02966666666666662,0.03333333333331723,-0.003333333333337407,1,0,0,1,1,0,1,1,5,True,False,True,False,False,True,3,high,"Check platen drive, carrier load, vibration source; Inspect pad life, conditioner performance, retaining ring; Check removal-rate drift, endpoint data, and process recipe inputs"
2026-01-18 10:00:00,CMP-03,420.44,270.28,23.58,14.8,189.65,4.227,0.781,24.58,1,93.0,16.48,0,maintenance_needed,22.546666666666667,14.918333333333331,190.57333333333335,0.8058333333333335,24.64,0.8333333333333334,93.12,16.268333333333334,100.0,90.09333333333332,1.0333333333333314,-0.9233333333333462,-0.024833333333333485,-0.12000000000000455,0.211666666666666,1,1,1,1,1,0,1,1,7,True,True,True,False,False,True,4,high,"Check platen drive, carrier load, vibration source; Inspect slurry delivery flow, filters, and lines; Inspect pad life, conditioner performance, retaining ring; Check removal-rate drift, endpoint data, and process recipe inputs"
2026-01-18 11:00:00,CMP-03,419.17,271.67,21.66,14.79,188.89,4.169,0.797,23.48,0,94.54,14.91,0,maintenance_needed,22.45,14.873333333333333,190.535,0.8006666666666667,24.345,0.6666666666666666,93.34333333333332,16.070000000000004,100.0,90.55666666666667,-0.7899999999999991,-1.6450000000000102,-0.003666666666666707,1.1966666666666868,-1.1600000000000037,0,1,1,1,1,0,1,1,6,False,True,True,False,False,True,3,high,"Inspect slurry delivery flow, filters, and lines; Inspect pad life, conditioner performance, retaining ring; Check removal-rate drift, endpoint data, and process recipe inputs"
2026-01-18 18:00:00,CMP-03,9.1,3.85,19.13,11.34,205.08,4.402,0.352,21.95,0,104.57,0.43,0,normal,18.42833333333333,11.705,209.60333333333335,0.3388333333333334,21.94333333333333,0.0,105.24666666666667,0.7100000000000013,2.275,1.2833333333333334,0.701666666666668,-4.5233333333333405,0.013166666666666604,-0.6766666666666765,-0.2800000000000013,0,0,0,0,0,0,0,0,0,False,False,False,True,False,False,1,low,Verify downforce pressure control and sensor calibration
2026-01-22 17:00:00,CMP-03,103.4,67.17,18.8,12.18,203.86,4.417,0.314,22.86,0,102.7,2.3,0,normal,18.16,11.796666666666667,208.82333333333335,0.32033333333333336,22.47,0.16666666666666666,104.85833333333335,1.085000000000001,25.85,22.39,0.6400000000000006,-4.963333333333338,-0.0063333333333333575,-2.1583333333333456,1.2149999999999987,0,0,0,0,0,0,0,0,0,False,False,False,True,False,False,1,low,Verify downforce pressure control and sensor calibration
2026-01-23 14:00:00,CMP-03,121.68,80.71,18.95,12.81,212.03,3.978,0.388,22.94,0,104.28,0.72,0,normal,18.173333333333332,11.698333333333332,209.615,0.3566666666666667,22.346666666666668,0.3333333333333333,104.42833333333334,0.9216666666666679,30.42,26.90333333333333,0.7766666666666673,2.414999999999992,0.031333333333333324,-0.14833333333334053,-0.20166666666666788,0,0,0,0,0,0,0,0,0,False,False,False,True,False,False,1,low,Verify downforce pressure control and sensor calibration
2026-01-23 20:00:00,CMP-03,129.19,84.49,17.91,11.7,210.38,4.457,0.375,21.42,0,103.13,1.87,0,normal,17.701666666666668,12.159999999999998,210.15499999999997,0.37733333333333335,21.616666666666664,0.16666666666666666,104.74833333333333,1.3050000000000013,32.2975,28.16333333333333,0.20833333333333215,0.22500000000002274,-0.002333333333333354,-1.6183333333333394,0.5649999999999988,0,0,0,0,0,0,0,0,0,False,False,False,True,False,False,1,low,Verify downforce pressure control and sensor calibration
2026-01-25 10:00:00,CMP-03,164.49,107.9,17.62,12.14,206.15,4.161,0.242,21.83,2,105.0,0.0,0,normal,18.02,12.021666666666667,212.24999999999997,0.35966666666666675,21.971666666666668,0.3333333333333333,105.31166666666665,0.9616666666666678,41.1225,35.96666666666667,-0.3999999999999986,-6.099999999999966,-0.11766666666666675,-0.3116666666666532,-0.9616666666666678,0,0,0,0,0,1,0,0,1,False,False,False,False,True,False,1,low,Review recent alarms and tool event log
2026-01-26 03:00:00,CMP-03,181.85,118.18,17.57,12.05,204.34,3.961,0.393,23.53,0,104.36,0.64,0,normal,17.78333333333333,12.06,209.28,0.38500000000000006,22.296666666666667,0.0,104.62166666666667,0.6816666666666679,45.4625,39.39333333333334,-0.21333333333333115,-4.939999999999998,0.007999999999999952,-0.26166666666667027,-0.04166666666666785,0,0,0,0,0,0,0,0,0,False,False,False,True,False,False,1,low,Verify downforce pressure control and sensor calibration
2026-01-29 02:00:00,CMP-03,254.63,165.85,18.49,12.22,211.7,3.993,0.458,22.08,0,102.55,3.03,0,normal,18.565,12.266666666666667,206.80999999999997,0.442,22.28,0.16666666666666666,103.29666666666667,2.3950000000000014,63.6575,55.28333333333333,-0.07500000000000284,4.890000000000015,0.016000000000000014,-0.7466666666666697,0.6349999999999985,0,0,0,0,0,0,0,0,0,False,False,False,True,False,False,1,low,Verify downforce pressure control and sensor calibration
2026-01-30 02:00:00,CMP-03,277.64,182.45,18.41,13.59,208.49,4.196,0.48,22.75,3,103.77,2.35,0,normal,18.973333333333333,13.025,204.16,0.49866666666666665,22.543333333333333,0.6666666666666666,101.985,4.043333333333334,69.41,60.81666666666666,-0.5633333333333326,4.3300000000000125,-0.018666666666666665,1.7849999999999966,-1.6933333333333338,0,0,0,0,0,1,0,0,1,False,False,False,False,True,False,1,low,Review recent alarms and tool event log
2026-01-30 04:00:00,CMP-03,279.56,182.11,19.67,12.55,209.13,4.143,0.498,22.76,2,101.56,4.6,0,normal,18.826666666666668,12.986666666666666,204.12666666666667,0.48266666666666674,22.42833333333333,1.0,102.065,4.026666666666668,69.89,60.70333333333334,0.8433333333333337,5.00333333333333,0.015333333333333254,-0.5049999999999955,0.5733333333333315,0,0,0,0,0,1,0,0,1,False,False,False,False,True,False,1,low,Review recent alarms and tool event log
2026-01-31 19:00:00,CMP-03,320.8,204.82,19.69,13.53,196.19,4.334,0.623,23.85,2,102.53,4.61,0,normal,19.925,13.486666666666666,199.795,0.547,22.891666666666666,0.5,99.95,7.081666666666668,80.2,68.27333333333333,-0.23499999999999943,-3.6049999999999898,0.07599999999999996,2.5799999999999983,-2.4716666666666676,0,0,0,0,0,1,0,0,1,False,False,False,False,True,False,1,low,Review recent alarms and tool event log
2026-02-01 11:00:00,CMP-03,333.34,218.01,21.69,14.13,200.72,4.067,0.707,23.55,0,96.94,10.49,0,warning,20.901666666666667,13.409999999999998,201.24666666666667,0.644,23.283333333333335,0.0,98.78333333333332,8.646666666666668,83.335,72.67,0.788333333333334,-0.5266666666666708,0.06299999999999994,-1.8433333333333195,1.843333333333332,0,0,0,1,0,0,0,1,2,False,False,False,False,False,True,1,low,"Check removal-rate drift, endpoint data, and process recipe inputs"
2026-02-01 12:00:00,CMP-03,337.54,218.09,22.0,13.43,198.89,4.172,0.637,21.56,0,95.87,11.67,0,warning,20.926666666666666,13.508333333333335,201.18333333333337,0.6391666666666668,23.0,0.0,98.23,9.233333333333334,84.385,72.69666666666666,1.0733333333333341,-2.293333333333379,-0.002166666666666761,-2.3599999999999994,2.4366666666666656,0,0,0,0,0,0,1,1,2,False,False,False,False,False,True,1,low,"Check removal-rate drift, endpoint data, and process recipe inputs"
2026-02-01 15:00:00,CMP-03,341.25,219.65,20.04,13.79,194.28,4.223,0.699,23.8,0,97.57,10.05,0,normal,21.133333333333333,13.424999999999999,198.41666666666666,0.6806666666666666,23.468333333333334,0.16666666666666666,97.69666666666666,9.833333333333334,85.3125,73.21666666666667,-1.0933333333333337,-4.136666666666656,0.018333333333333313,-0.12666666666666515,0.21666666666666679,0,0,0,0,0,0,0,1,1,False,False,False,False,False,True,1,low,"Check removal-rate drift, endpoint data, and process recipe inputs"
2026-02-01 16:00:00,CMP-03,341.14,221.01,20.79,14.17,195.68,4.149,0.597,23.21,2,98.88,8.73,0,normal,20.923333333333332,13.594999999999999,197.875,0.6653333333333333,23.40833333333333,0.5,97.74833333333333,9.801666666666668,85.285,73.67,-0.13333333333333286,-2.194999999999993,-0.06833333333333336,1.1316666666666606,-1.0716666666666672,0,0,0,0,0,1,0,0,1,False,False,False,False,True,False,1,low,Review recent alarms and tool event log
2026-02-01 17:00:00,CMP-03,342.33,222.7,19.62,13.82,198.5,4.206,0.668,22.02,2,99.67,7.97,0,normal,20.578333333333333,13.543333333333335,197.505,0.6588333333333334,23.153333333333332,0.8333333333333334,98.20333333333333,9.381666666666668,85.5825,74.23333333333333,-0.9583333333333321,0.9950000000000045,0.009166666666666656,1.4666666666666686,-1.411666666666668,0,0,0,0,0,1,0,0,1,False,False,False,False,True,False,1,low,Review recent alarms and tool event log
2026-02-01 22:00:00,CMP-03,345.0,223.56,20.93,13.97,194.89,3.987,0.676,23.52,0,97.97,9.74,0,normal,20.585,14.045,198.12166666666667,0.6211666666666668,23.19333333333333,0.5,98.95,8.716666666666669,86.25,74.52,0.34499999999999886,-3.2316666666666833,0.05483333333333329,-0.980000000000004,1.0233333333333317,0,0,0,0,0,0,0,0,0,False,False,False,True,False,False,1,low,Verify downforce pressure control and sensor calibration
2026-02-01 23:00:00,CMP-03,344.7,225.09,19.62,13.18,192.11,4.195,0.699,22.81,0,96.08,11.62,0,normal,20.585,13.938333333333333,197.05666666666664,0.6263333333333333,23.325,0.16666666666666666,98.35166666666667,9.325000000000001,86.175,75.03,-0.9649999999999999,-4.94666666666663,0.07266666666666666,-2.2716666666666754,2.294999999999998,0,0,0,0,0,0,0,1,1,False,False,False,False,False,True,1,low,"Check removal-rate drift, endpoint data, and process recipe inputs"
2026-02-02 01:00:00,CMP-03,352.11,226.08,20.28,14.01,198.29,4.306,0.625,22.6,1,94.91,12.96,0,warning,20.685,13.763333333333334,197.99833333333333,0.6501666666666667,23.30666666666667,0.5,97.55833333333334,10.183333333333335,88.0275,75.36,-0.4049999999999976,0.2916666666666572,-0.02516666666666667,-2.6483333333333405,2.7766666666666655,0,0,0,0,0,0,1,1,2,False,False,False,False,False,True,1,low,"Check removal-rate drift, endpoint data, and process recipe inputs"
2026-02-02 02:00:00,CMP-03,352.45,227.78,21.58,13.95,198.95,4.052,0.65,25.01,0,96.99,10.89,0,normal,20.726666666666667,13.848333333333334,197.24166666666667,0.6473333333333334,23.528333333333336,0.5,97.195,10.591666666666669,88.1125,75.92666666666666,0.8533333333333317,1.7083333333333144,0.002666666666666595,-0.2049999999999983,0.298333333333332,0,0,0,0,0,0,0,1,1,False,False,False,False,False,True,1,low,"Check removal-rate drift, endpoint data, and process recipe inputs"
2026-02-02 03:00:00,CMP-03,351.46,227.79,21.8,14.2,191.78,4.175,0.623,25.0,0,97.14,10.72,0,normal,20.801666666666666,13.965000000000002,196.88833333333332,0.653,23.828333333333333,0.3333333333333333,97.06,10.751666666666667,87.865,75.92999999999999,0.9983333333333348,-5.10833333333332,-0.030000000000000027,0.0799999999999983,-0.03166666666666629,0,0,0,0,0,0,0,1,1,False,False,False,False,False,True,1,low,"Check removal-rate drift, endpoint data, and process recipe inputs"
2026-02-02 04:00:00,CMP-03,354.43,229.61,21.77,14.86,196.82,4.104,0.674,24.61,0,96.49,11.44,0,warning,20.941666666666666,14.113333333333335,197.21,0.6526666666666666,24.01,0.3333333333333333,96.81333333333333,11.035000000000002,88.6075,76.53666666666668,0.8283333333333331,-0.3900000000000148,0.021333333333333426,-0.3233333333333377,0.4049999999999976,0,1,0,0,0,0,0,1,2,False,False,False,False,False,True,1,low,"Check removal-rate drift, endpoint data, and process recipe inputs"
2026-02-02 05:00:00,CMP-03,353.02,230.02,20.29,13.91,199.01,4.337,0.681,24.34,1,97.11,10.78,0,normal,21.05333333333333,14.235,198.36,0.6496666666666667,24.265,0.5,96.985,10.895000000000001,88.255,76.67333333333333,-0.7633333333333319,0.6499999999999773,0.031333333333333324,0.125,-0.11500000000000199,0,0,0,0,0,0,0,1,1,False,False,False,False,False,True,1,low,"Check removal-rate drift, endpoint data, and process recipe inputs"
2026-02-02 08:00:00,CMP-03,356.71,232.65,22.12,14.44,205.83,4.203,0.649,23.42,1,97.2,10.78,0,warning,20.698333333333334,14.313333333333333,198.42333333333332,0.6750000000000002,24.171666666666667,0.3333333333333333,97.70666666666666,10.205,89.1775,77.55,1.4216666666666669,7.406666666666695,-0.026000000000000134,-0.5066666666666606,0.5749999999999993,1,0,0,0,0,0,0,1,2,False,False,False,False,False,True,1,low,"Check removal-rate drift, endpoint data, and process recipe inputs"
2026-02-02 09:00:00,CMP-03,357.11,232.52,20.67,13.68,192.75,3.991,0.756,22.41,0,96.37,11.62,0,warning,20.51,14.226666666666667,198.585,0.6971666666666666,23.74,0.3333333333333333,97.57833333333333,10.355000000000002,89.2775,77.50666666666667,0.16000000000000014,-5.835000000000008,0.058833333333333404,-1.2083333333333286,1.264999999999997,0,0,0,1,0,0,0,1,2,False,False,False,True,False,True,2,medium,"Verify downforce pressure control and sensor calibration; Check removal-rate drift, endpoint data, and process recipe inputs"
2026-02-02 10:00:00,CMP-03,355.66,231.02,20.36,13.85,192.61,4.113,0.631,24.53,1,95.55,12.41,0,warning,20.275000000000002,14.058333333333332,197.88333333333333,0.6900000000000001,23.72666666666667,0.5,97.42166666666667,10.516666666666667,88.915,77.00666666666666,0.0849999999999973,-5.273333333333312,-0.05900000000000005,-1.8716666666666697,1.8933333333333326,0,0,0,0,0,0,1,1,2,False,False,False,False,False,True,1,low,"Check removal-rate drift, endpoint data, and process recipe inputs"
2026-02-02 11:00:00,CMP-03,358.91,234.14,22.35,14.01,192.84,4.203,0.695,24.31,0,97.58,10.45,0,warning,20.618333333333336,14.075000000000001,196.85500000000002,0.6923333333333334,23.721666666666668,0.3333333333333333,97.5,10.461666666666668,89.7275,78.04666666666667,1.7316666666666656,-4.015000000000015,0.002666666666666595,0.0799999999999983,-0.01166666666666849,1,0,0,0,0,0,0,1,2,False,False,False,False,False,True,1,low,"Check removal-rate drift, endpoint data, and process recipe inputs"
2026-02-02 12:00:00,CMP-03,359.86,232.7,22.07,14.13,202.68,4.268,0.753,23.51,1,97.26,10.79,0,warning,21.175,14.136666666666665,197.99833333333333,0.7071666666666667,23.74,0.5,97.16000000000001,10.823333333333332,89.965,77.56666666666666,0.8949999999999996,4.681666666666672,0.04583333333333328,0.09999999999999432,-0.033333333333333215,1,0,0,1,0,0,0,1,3,True,False,False,False,False,True,2,medium,"Check platen drive, carrier load, vibration source; Check removal-rate drift, endpoint data, and process recipe inputs"
2026-02-02 13:00:00,CMP-03,364.24,236.35,21.18,13.16,199.96,4.045,0.762,22.72,1,94.93,13.23,0,maintenance_needed,21.458333333333332,13.878333333333332,197.77833333333334,0.7076666666666668,23.483333333333334,0.6666666666666666,96.48166666666667,11.546666666666667,91.06,78.78333333333333,-0.27833333333333243,2.181666666666672,0.054333333333333234,-1.5516666666666623,1.6833333333333336,0,0,0,1,1,0,1,1,4,False,False,True,False,False,True,2,medium,"Inspect pad life, conditioner performance, retaining ring; Check removal-rate drift, endpoint data, and process recipe inputs"
2026-02-02 14:00:00,CMP-03,363.61,236.53,20.91,13.04,195.31,4.17,0.683,23.16,0,96.86,11.28,0,warning,21.256666666666664,13.645000000000001,196.025,0.7133333333333334,23.44,0.5,96.42500000000001,11.63,90.9025,78.84333333333333,-0.346666666666664,-0.7150000000000034,-0.030333333333333323,0.43499999999998806,-0.3500000000000014,0,0,0,0,1,0,0,1,2,False,False,True,False,False,True,2,medium,"Inspect pad life, conditioner performance, retaining ring; Check removal-rate drift, endpoint data, and process recipe inputs"
2026-02-02 15:00:00,CMP-03,363.02,236.3,21.02,13.42,196.06,4.281,0.73,22.29,1,97.33,10.8,0,warning,21.315,13.601666666666667,196.57666666666668,0.7090000000000001,23.42,0.6666666666666666,96.585,11.493333333333334,90.755,78.76666666666668,-0.2950000000000017,-0.5166666666666799,0.020999999999999908,0.7450000000000045,-0.6933333333333334,0,0,0,1,1,0,0,1,3,False,False,True,False,False,True,2,medium,"Inspect pad life, conditioner performance, retaining ring; Check removal-rate drift, endpoint data, and process recipe inputs"
2026-02-02 16:00:00,CMP-03,364.45,236.79,21.35,13.4,192.5,4.084,0.727,24.24,0,97.54,10.62,0,warning,21.48,13.526666666666666,196.5583333333333,0.725,23.37166666666667,0.5,96.91666666666667,11.195,91.1125,78.93,-0.129999999999999,-4.058333333333309,0.0020000000000000018,0.6233333333333348,-0.5750000000000011,0,0,0,1,1,0,0,1,3,False,False,True,False,False,True,2,medium,"Inspect pad life, conditioner performance, retaining ring; Check removal-rate drift, endpoint data, and process recipe inputs"
2026-02-02 17:00:00,CMP-03,365.08,237.0,22.46,13.6,199.26,4.218,0.681,22.47,1,96.91,11.27,0,warning,21.498333333333335,13.458333333333334,197.62833333333333,0.7226666666666667,23.064999999999998,0.6666666666666666,96.805,11.331666666666669,91.27,79.0,0.961666666666666,1.6316666666666606,-0.04166666666666663,0.10499999999998977,-0.0616666666666692,1,0,0,0,1,0,0,1,3,False,False,True,False,False,True,2,medium,"Inspect pad life, conditioner performance, retaining ring; Check removal-rate drift, endpoint data, and process recipe inputs"
2026-02-02 18:00:00,CMP-03,365.63,238.71,21.53,14.38,194.12,4.205,0.74,23.8,0,96.14,12.05,0,warning,21.408333333333335,13.5,196.20166666666668,0.7205,23.113333333333333,0.5,96.61833333333334,11.54166666666667,91.4075,79.57000000000001,0.12166666666666615,-2.0816666666666777,0.019499999999999962,-0.47833333333333883,0.5083333333333311,0,0,0,1,1,0,0,1,3,False,False,True,False,False,True,2,medium,"Inspect pad life, conditioner performance, retaining ring; Check removal-rate drift, endpoint data, and process recipe inputs"
2026-02-02 19:00:00,CMP-03,365.05,238.11,21.76,13.88,194.66,4.337,0.801,23.0,0,98.81,9.37,0,warning,21.505,13.62,195.3183333333333,0.727,23.16,0.3333333333333333,97.26499999999999,10.898333333333333,91.2625,79.37,0.25500000000000256,-0.658333333333303,0.07400000000000007,1.545000000000016,-1.5283333333333342,0,0,0,1,1,0,0,0,2,False,False,True,False,False,False,1,low,"Inspect pad life, conditioner performance, retaining ring"
2026-02-02 20:00:00,CMP-03,367.73,239.48,22.18,14.14,197.85,4.182,0.738,22.62,1,96.74,11.5,0,maintenance_needed,21.71666666666667,13.803333333333333,195.74166666666667,0.7361666666666667,23.070000000000004,0.5,97.245,10.935,91.9325,79.82666666666667,0.46333333333333115,2.10833333333332,0.0018333333333332424,-0.5050000000000097,0.5649999999999995,1,0,0,1,1,0,0,1,4,True,False,True,False,False,True,3,high,"Check platen drive, carrier load, vibration source; Inspect pad life, conditioner performance, retaining ring; Check removal-rate drift, endpoint data, and process recipe inputs"
2026-02-02 21:00:00,CMP-03,367.66,240.9,20.3,13.29,194.67,4.186,0.743,23.79,0,97.28,10.96,0,warning,21.596666666666664,13.781666666666666,195.51,0.7383333333333334,23.319999999999997,0.3333333333333333,97.23666666666666,10.961666666666668,91.915,80.30000000000001,-1.2966666666666633,-0.8400000000000034,0.004666666666666597,0.043333333333336554,-0.0016666666666669272,0,0,0,1,1,0,0,1,3,False,False,True,False,False,True,2,medium,"Inspect pad life, conditioner performance, retaining ring; Check removal-rate drift, endpoint data, and process recipe inputs"
2026-02-02 22:00:00,CMP-03,367.75,239.83,21.85,13.75,194.47,4.268,0.748,23.39,0,95.87,12.37,0,maintenance_needed,21.680000000000003,13.840000000000002,195.83833333333334,0.7418333333333335,23.17833333333333,0.3333333333333333,96.95833333333333,11.253333333333336,91.9375,79.94333333333333,0.16999999999999815,-1.3683333333333394,0.006166666666666543,-1.088333333333324,1.1166666666666636,0,0,0,1,1,0,1,1,4,False,False,True,False,False,True,2,medium,"Inspect pad life, conditioner performance, retaining ring; Check removal-rate drift, endpoint data, and process recipe inputs"
2026-02-02 23:00:00,CMP-03,371.92,240.41,21.1,14.44,195.02,4.094,0.653,24.26,0,97.05,11.29,0,warning,21.453333333333333,13.979999999999999,195.13166666666666,0.7371666666666666,23.47666666666667,0.16666666666666666,96.98166666666667,11.256666666666668,92.98,80.13666666666667,-0.3533333333333317,-0.11166666666665037,-0.08416666666666661,0.06833333333332803,0.03333333333333144,0,0,0,0,1,0,0,1,2,False,False,True,False,False,True,2,medium,"Inspect pad life, conditioner performance, retaining ring; Check removal-rate drift, endpoint data, and process recipe inputs"
2026-02-03 00:00:00,CMP-03,372.7,240.37,19.34,14.46,198.07,4.182,0.751,22.79,0,94.89,13.47,0,maintenance_needed,21.088333333333335,13.993333333333334,195.79,0.739,23.308333333333334,0.16666666666666666,96.77333333333333,11.493333333333334,93.175,80.12333333333333,-1.7483333333333348,2.280000000000001,0.01200000000000001,-1.8833333333333258,1.9766666666666666,0,0,0,1,1,0,1,1,4,False,False,True,False,False,True,2,medium,"Inspect pad life, conditioner performance, retaining ring; Check removal-rate drift, endpoint data, and process recipe inputs"
2026-02-03 01:00:00,CMP-03,369.78,241.17,19.59,13.62,201.79,4.164,0.669,23.11,0,96.43,11.85,0,warning,20.72666666666667,13.950000000000001,196.97833333333332,0.7170000000000001,23.326666666666668,0.16666666666666666,96.37666666666667,11.906666666666666,92.445,80.39,-1.1366666666666703,4.811666666666667,-0.04800000000000004,0.05333333333334167,-0.05666666666666664,0,0,0,0,1,0,0,1,2,False,False,True,False,False,True,2,medium,"Inspect pad life, conditioner performance, retaining ring; Check removal-rate drift, endpoint data, and process recipe inputs"
2026-02-03 02:00:00,CMP-03,373.78,240.91,20.57,14.21,197.12,4.189,0.701,22.02,0,95.03,13.35,0,maintenance_needed,20.458333333333332,13.961666666666668,196.85666666666665,0.7108333333333334,23.22666666666667,0.0,96.09166666666665,12.215000000000002,93.445,80.30333333333334,0.11166666666666814,0.26333333333334963,-0.009833333333333472,-1.0616666666666532,1.134999999999998,0,0,0,1,1,0,1,1,4,False,False,True,False,False,True,2,medium,"Inspect pad life, conditioner performance, retaining ring; Check removal-rate drift, endpoint data, and process recipe inputs"
2026-02-03 03:00:00,CMP-03,376.79,244.63,21.88,15.48,197.67,4.268,0.847,22.2,0,95.58,12.88,0,maintenance_needed,20.721666666666668,14.326666666666668,197.35666666666665,0.7281666666666666,22.96166666666667,0.0,95.80833333333334,12.535000000000002,94.1975,81.54333333333334,1.1583333333333314,0.3133333333333326,0.11883333333333335,-0.22833333333333883,0.34499999999999886,0,1,0,1,1,0,1,1,5,False,False,True,False,False,True,2,medium,"Inspect pad life, conditioner performance, retaining ring; Check removal-rate drift, endpoint data, and process recipe inputs"
2026-02-03 04:00:00,CMP-03,377.91,246.57,21.57,14.16,193.54,4.244,0.729,25.0,0,97.23,11.25,0,warning,20.675,14.395000000000001,197.20166666666668,0.725,23.23,0.0,96.03500000000001,12.348333333333334,94.4775,82.19,0.8949999999999996,-3.66166666666669,0.0040000000000000036,1.1949999999999932,-1.0983333333333345,0,0,0,1,1,0,0,1,3,False,False,True,False,False,True,2,medium,"Inspect pad life, conditioner performance, retaining ring; Check removal-rate drift, endpoint data, and process recipe inputs"
2026-02-03 05:00:00,CMP-03,378.85,246.76,21.65,13.77,191.41,4.14,0.707,25.21,0,94.96,13.54,0,maintenance_needed,20.766666666666666,14.283333333333333,196.6,0.734,23.388333333333335,0.0,95.68666666666667,12.723333333333334,94.7125,82.25333333333333,0.8833333333333329,-5.189999999999998,-0.027000000000000024,-0.7266666666666737,0.8166666666666647,0,0,0,1,1,0,1,1,4,False,False,True,False,False,True,2,medium,"Inspect pad life, conditioner performance, retaining ring; Check removal-rate drift, endpoint data, and process recipe inputs"
2026-02-03 06:00:00,CMP-03,378.07,243.75,23.04,14.07,196.94,4.211,0.8,23.81,0,96.91,11.58,0,maintenance_needed,21.38333333333333,14.218333333333334,196.41166666666666,0.7421666666666668,23.558333333333334,0.0,96.02333333333333,12.408333333333333,94.5175,81.25,1.6566666666666698,0.528333333333336,0.05783333333333329,0.8866666666666703,-0.8283333333333331,1,0,0,1,1,0,0,1,4,True,False,True,False,False,True,3,high,"Check platen drive, carrier load, vibration source; Inspect pad life, conditioner performance, retaining ring; Check removal-rate drift, endpoint data, and process recipe inputs"
2026-02-03 07:00:00,CMP-03,377.48,247.22,20.45,14.22,195.07,4.319,0.693,23.16,1,97.67,10.8,0,warning,21.526666666666667,14.318333333333335,195.29166666666666,0.7461666666666668,23.566666666666666,0.16666666666666666,96.23,12.233333333333334,94.37,82.40666666666667,-1.076666666666668,-0.22166666666666401,-0.053166666666666806,1.4399999999999977,-1.4333333333333336,0,0,0,0,1,0,0,1,2,False,False,True,False,False,True,2,medium,"Inspect pad life, conditioner performance, retaining ring; Check removal-rate drift, endpoint data, and process recipe inputs"
2026-02-03 08:00:00,CMP-03,378.05,248.71,21.46,14.09,188.63,4.133,0.72,23.53,1,95.42,13.06,0,maintenance_needed,21.675,14.298333333333332,193.87666666666667,0.7493333333333334,23.81833333333333,0.3333333333333333,96.295,12.185000000000002,94.5125,82.90333333333334,-0.21499999999999986,-5.24666666666667,-0.029333333333333433,-0.875,0.8749999999999982,0,0,1,1,1,0,1,1,5,False,True,True,False,False,True,3,high,"Inspect slurry delivery flow, filters, and lines; Inspect pad life, conditioner performance, retaining ring; Check removal-rate drift, endpoint data, and process recipe inputs"
2026-02-03 09:00:00,CMP-03,381.62,247.1,21.81,14.21,192.63,4.212,0.814,24.4,2,96.68,11.89,0,maintenance_needed,21.66333333333333,14.086666666666668,193.03666666666666,0.7438333333333333,24.185,0.6666666666666666,96.47833333333334,12.020000000000001,95.405,82.36666666666666,0.14666666666666828,-0.4066666666666663,0.0701666666666666,0.201666666666668,-0.13000000000000078,0,0,0,1,1,1,0,1,4,False,False,True,False,True,True,3,high,"Inspect pad life, conditioner performance, retaining ring; Review recent alarms and tool event log; Check removal-rate drift, endpoint data, and process recipe inputs"
2026-02-03 10:00:00,CMP-03,382.68,248.42,21.0,13.38,193.5,4.185,0.756,23.44,0,96.18,12.41,0,warning,21.56833333333333,13.956666666666665,193.03,0.7483333333333334,23.925,0.6666666666666666,96.30333333333333,12.213333333333336,95.67,82.80666666666666,-0.5683333333333316,0.46999999999999886,0.0076666666666665995,-0.12333333333332064,0.19666666666666366,0,0,0,1,1,0,0,1,3,False,False,True,False,False,True,2,medium,"Inspect pad life, conditioner performance, retaining ring; Check removal-rate drift, endpoint data, and process recipe inputs"
2026-02-03 11:00:00,CMP-03,385.32,246.54,21.68,13.71,191.51,4.195,0.683,23.99,1,95.43,13.23,0,warning,21.573333333333334,13.946666666666667,193.04666666666665,0.7443333333333334,23.721666666666668,0.8333333333333334,96.38166666666666,12.161666666666667,96.33,82.17999999999999,0.10666666666666558,-1.5366666666666617,-0.06133333333333335,-0.9516666666666538,1.0683333333333334,0,0,0,0,1,0,1,1,3,False,False,True,False,False,True,2,medium,"Inspect pad life, conditioner performance, retaining ring; Check removal-rate drift, endpoint data, and process recipe inputs"
2026-02-03 12:00:00,CMP-03,385.98,249.92,20.39,14.2,199.41,4.07,0.79,23.83,0,96.72,11.95,0,warning,21.131666666666664,13.968333333333334,193.45833333333334,0.7426666666666667,23.724999999999998,0.8333333333333334,96.35000000000001,12.223333333333334,96.495,83.30666666666666,-0.7416666666666636,5.951666666666654,0.04733333333333334,0.36999999999999034,-0.2733333333333352,0,0,0,1,1,0,0,1,3,False,False,True,False,False,True,2,medium,"Inspect pad life, conditioner performance, retaining ring; Check removal-rate drift, endpoint data, and process recipe inputs"
2026-02-03 13:00:00,CMP-03,384.76,248.97,22.77,14.18,195.53,4.313,0.74,23.42,1,97.67,10.97,0,maintenance_needed,21.518333333333334,13.961666666666666,193.535,0.7505000000000001,23.768333333333334,0.8333333333333334,96.35000000000001,12.251666666666667,96.19,82.99,1.2516666666666652,1.9950000000000045,-0.010500000000000065,1.3199999999999932,-1.2816666666666663,1,0,0,1,1,0,0,1,4,True,False,True,False,False,True,3,high,"Check platen drive, carrier load, vibration source; Inspect pad life, conditioner performance, retaining ring; Check removal-rate drift, endpoint data, and process recipe inputs"
2026-02-03 14:00:00,CMP-03,383.76,251.14,21.07,13.92,199.21,4.138,0.834,23.44,1,95.3,13.32,0,maintenance_needed,21.453333333333333,13.933333333333335,195.29833333333332,0.7695,23.753333333333334,0.8333333333333334,96.33,12.295000000000002,95.94,83.71333333333332,-0.38333333333333286,3.91166666666669,0.0645,-1.0300000000000011,1.0249999999999986,0,0,0,1,1,0,1,1,4,False,False,True,False,False,True,2,medium,"Inspect pad life, conditioner performance, retaining ring; Check removal-rate drift, endpoint data, and process recipe inputs"
2026-02-03 15:00:00,CMP-03,386.43,249.68,23.31,14.19,194.49,4.282,0.734,24.05,0,94.42,14.26,0,maintenance_needed,21.703333333333333,13.93,195.60833333333335,0.7561666666666667,23.694999999999997,0.5,95.95333333333333,12.690000000000003,96.6075,83.22666666666667,1.6066666666666656,-1.1183333333333394,-0.022166666666666668,-1.5333333333333314,1.5699999999999967,1,0,0,1,1,0,1,1,5,True,False,True,False,False,True,3,high,"Check platen drive, carrier load, vibration source; Inspect pad life, conditioner performance, retaining ring; Check removal-rate drift, endpoint data, and process recipe inputs"
2026-02-03 16:00:00,CMP-03,388.39,252.85,21.7,14.37,193.55,4.15,0.822,23.18,0,94.18,14.55,0,maintenance_needed,21.819999999999997,14.095,195.61666666666667,0.7671666666666667,23.651666666666667,0.5,95.62,13.046666666666669,97.0975,84.28333333333333,-0.11999999999999744,-2.066666666666663,0.05483333333333329,-1.4399999999999977,1.503333333333332,0,0,0,1,1,0,1,1,4,False,False,True,False,False,True,2,medium,"Inspect pad life, conditioner performance, retaining ring; Check removal-rate drift, endpoint data, and process recipe inputs"
2026-02-03 17:00:00,CMP-03,388.64,254.08,22.56,14.87,189.46,4.15,0.859,24.18,0,96.05,12.68,0,maintenance_needed,21.96666666666667,14.288333333333332,195.275,0.7965,23.683333333333334,0.3333333333333333,95.72333333333334,12.955,97.16,84.69333333333334,0.5933333333333302,-5.814999999999998,0.0625,0.3266666666666538,-0.27500000000000036,1,1,1,1,1,0,0,1,6,True,True,True,False,False,True,4,high,"Check platen drive, carrier load, vibration source; Inspect slurry delivery flow, filters, and lines; Inspect pad life, conditioner performance, retaining ring; Check removal-rate drift, endpoint data, and process recipe inputs"
2026-02-03 18:00:00,CMP-03,388.96,252.56,21.7,14.28,193.22,4.297,0.728,23.54,3,96.48,12.26,0,maintenance_needed,22.185000000000002,14.301666666666668,194.24333333333334,0.7861666666666668,23.635,0.8333333333333334,95.68333333333334,13.006666666666668,97.24,84.18666666666667,-0.485000000000003,-1.0233333333333405,-0.05816666666666681,0.7966666666666669,-0.7466666666666679,0,0,0,1,1,1,0,1,4,False,False,True,False,True,True,3,high,"Inspect pad life, conditioner performance, retaining ring; Review recent alarms and tool event log; Check removal-rate drift, endpoint data, and process recipe inputs"
2026-02-03 19:00:00,CMP-03,391.46,252.79,21.77,14.61,192.96,4.28,0.768,23.99,0,94.5,14.3,0,maintenance_needed,22.01833333333333,14.373333333333333,193.81500000000003,0.7908333333333334,23.73,0.6666666666666666,95.15500000000002,13.561666666666667,97.865,84.26333333333334,-0.2483333333333313,-0.8550000000000182,-0.022833333333333372,-0.6550000000000153,0.7383333333333333,0,1,0,1,1,0,1,1,5,False,False,True,False,False,True,2,medium,"Inspect pad life, conditioner performance, retaining ring; Check removal-rate drift, endpoint data, and process recipe inputs"
2026-02-03 20:00:00,CMP-03,391.09,252.21,21.32,14.04,187.47,4.217,0.796,24.86,0,92.32,16.47,0,maintenance_needed,22.06,14.393333333333333,191.85833333333335,0.7845000000000001,23.96666666666667,0.5,94.65833333333335,14.086666666666668,97.7725,84.07,-0.7399999999999984,-4.38833333333335,0.011499999999999955,-2.3383333333333525,2.383333333333331,0,0,1,1,1,0,1,1,5,False,True,True,False,False,True,3,high,"Inspect slurry delivery flow, filters, and lines; Inspect pad life, conditioner performance, retaining ring; Check removal-rate drift, endpoint data, and process recipe inputs"
2026-02-03 21:00:00,CMP-03,391.87,255.13,21.9,14.72,190.7,4.261,0.736,23.79,0,94.14,14.66,0,maintenance_needed,21.825,14.481666666666667,191.22666666666666,0.7848333333333334,23.923333333333332,0.5,94.61166666666666,14.153333333333334,97.9675,85.04333333333332,0.07499999999999929,-0.5266666666666708,-0.048833333333333395,-0.471666666666664,0.5066666666666659,0,1,0,1,1,0,1,1,5,False,False,True,False,False,True,2,medium,"Inspect pad life, conditioner performance, retaining ring; Check removal-rate drift, endpoint data, and process recipe inputs"
2026-02-03 22:00:00,CMP-03,394.56,255.4,22.13,14.65,191.28,4.177,0.799,24.58,1,95.39,13.48,0,maintenance_needed,21.896666666666665,14.52833333333333,190.84833333333336,0.781,24.156666666666666,0.6666666666666666,94.81333333333333,13.975000000000001,98.64,85.13333333333334,0.23333333333333428,0.43166666666664355,0.018000000000000016,0.576666666666668,-0.495000000000001,1,1,0,1,1,0,1,1,6,True,False,True,False,False,True,3,high,"Check platen drive, carrier load, vibration source; Inspect pad life, conditioner performance, retaining ring; Check removal-rate drift, endpoint data, and process recipe inputs"
2026-02-03 23:00:00,CMP-03,394.28,254.89,21.24,14.94,194.26,4.199,0.774,22.68,0,94.97,13.89,0,maintenance_needed,21.676666666666666,14.540000000000001,191.6483333333333,0.7668333333333334,23.906666666666666,0.6666666666666666,94.63333333333334,14.176666666666668,98.57,84.96333333333332,-0.4366666666666674,2.611666666666679,0.0071666666666666545,0.3366666666666589,-0.28666666666666707,0,1,0,1,1,0,1,1,5,False,False,True,False,False,True,2,medium,"Inspect pad life, conditioner performance, retaining ring; Check removal-rate drift, endpoint data, and process recipe inputs"
2026-02-04 00:00:00,CMP-03,396.44,257.94,21.82,14.88,194.22,4.147,0.778,23.63,0,95.12,13.79,0,maintenance_needed,21.69666666666667,14.64,191.81499999999997,0.7751666666666668,23.921666666666667,0.16666666666666666,94.40666666666668,14.431666666666667,99.11,85.98,0.1233333333333313,2.4050000000000296,0.0028333333333332433,0.713333333333324,-0.6416666666666675,0,1,0,1,1,0,1,1,5,False,False,True,False,False,True,2,medium,"Inspect pad life, conditioner performance, retaining ring; Check removal-rate drift, endpoint data, and process recipe inputs"
2026-02-04 01:00:00,CMP-03,397.49,257.51,21.45,14.82,189.94,4.272,0.796,23.99,1,93.95,14.99,0,maintenance_needed,21.643333333333334,14.674999999999999,191.31166666666664,0.7798333333333334,23.921666666666663,0.3333333333333333,94.315,14.546666666666667,99.3725,85.83666666666666,-0.19333333333333513,-1.3716666666666413,0.016166666666666663,-0.3649999999999949,0.44333333333333336,0,1,1,1,1,0,1,1,6,False,True,True,False,False,True,3,high,"Inspect slurry delivery flow, filters, and lines; Inspect pad life, conditioner performance, retaining ring; Check removal-rate drift, endpoint data, and process recipe inputs"
2026-02-04 02:00:00,CMP-03,395.95,257.41,23.74,14.38,194.3,4.145,0.793,25.3,1,96.07,12.83,0,maintenance_needed,22.046666666666667,14.731666666666667,192.45000000000002,0.7793333333333333,23.995,0.5,94.94,13.94,98.9875,85.80333333333334,1.6933333333333316,1.8499999999999943,0.013666666666666716,1.1299999999999955,-1.1099999999999994,1,0,0,1,1,0,0,1,4,True,False,True,False,False,True,3,high,"Check platen drive, carrier load, vibration source; Inspect pad life, conditioner performance, retaining ring; Check removal-rate drift, endpoint data, and process recipe inputs"
2026-02-04 03:00:00,CMP-03,398.13,258.68,21.88,14.62,191.47,4.319,0.803,22.61,1,94.99,13.96,0,maintenance_needed,22.043333333333333,14.714999999999998,192.57833333333335,0.7905000000000001,23.798333333333332,0.6666666666666666,95.08166666666666,13.823333333333332,99.5325,86.22666666666667,-0.163333333333334,-1.1083333333333485,0.012499999999999956,-0.09166666666666856,0.1366666666666685,0,1,0,1,1,0,1,1,5,False,False,True,False,False,True,2,medium,"Inspect pad life, conditioner performance, retaining ring; Check removal-rate drift, endpoint data, and process recipe inputs"
2026-02-04 04:00:00,CMP-03,402.59,261.29,23.3,15.18,180.25,4.175,0.777,23.96,0,94.13,14.93,0,maintenance_needed,22.238333333333333,14.803333333333335,190.74,0.7868333333333334,23.694999999999997,0.5,94.87166666666667,14.065000000000003,100.0,87.09666666666668,1.0616666666666674,-10.490000000000009,-0.00983333333333336,-0.7416666666666742,0.8649999999999967,1,1,1,1,1,0,1,1,7,True,True,True,False,False,True,4,high,"Check platen drive, carrier load, vibration source; Inspect slurry delivery flow, filters, and lines; Inspect pad life, conditioner performance, retaining ring; Check removal-rate drift, endpoint data, and process recipe inputs"
2026-02-04 05:00:00,CMP-03,398.91,261.37,21.82,14.09,190.18,4.202,0.769,25.01,0,94.65,14.33,0,maintenance_needed,22.334999999999997,14.661666666666667,190.06000000000003,0.786,24.083333333333332,0.5,94.81833333333333,14.138333333333334,99.7275,87.12333333333333,-0.514999999999997,0.11999999999997613,-0.017000000000000015,-0.16833333333332234,0.19166666666666643,0,0,0,1,1,0,1,1,4,False,False,True,False,False,True,2,medium,"Inspect pad life, conditioner performance, retaining ring; Check removal-rate drift, endpoint data, and process recipe inputs"
2026-02-04 06:00:00,CMP-03,398.19,261.14,22.16,14.1,196.51,4.261,0.789,23.43,2,95.59,13.36,0,maintenance_needed,22.391666666666666,14.531666666666666,190.4416666666667,0.7878333333333334,24.05,0.8333333333333334,94.89666666666666,14.066666666666668,99.5475,87.04666666666667,-0.23166666666666558,6.0683333333333,0.0011666666666666492,0.6933333333333422,-0.7066666666666688,1,0,0,1,1,1,1,1,6,True,False,True,False,True,True,4,high,"Check platen drive, carrier load, vibration source; Inspect pad life, conditioner performance, retaining ring; Review recent alarms and tool event log; Check removal-rate drift, endpoint data, and process recipe inputs"
2026-02-04 07:00:00,CMP-03,399.65,262.69,20.93,14.6,185.31,4.202,0.797,23.85,0,94.55,14.44,0,maintenance_needed,22.304999999999996,14.495,189.67,0.7880000000000001,24.026666666666667,0.6666666666666666,94.99666666666667,13.975000000000001,99.9125,87.56333333333333,-1.3749999999999964,-4.359999999999985,0.008999999999999897,-0.44666666666667254,0.4649999999999981,0,1,1,1,1,0,1,1,6,False,True,True,False,False,True,3,high,"Inspect slurry delivery flow, filters, and lines; Inspect pad life, conditioner performance, retaining ring; Check removal-rate drift, endpoint data, and process recipe inputs"
2026-02-04 08:00:00,CMP-03,404.05,261.21,21.74,14.81,192.02,4.176,0.789,24.28,0,93.33,15.77,0,maintenance_needed,21.971666666666668,14.566666666666665,189.29,0.7873333333333333,23.85666666666667,0.5,94.54,14.465000000000003,100.0,87.07,-0.23166666666666913,2.730000000000018,0.0016666666666667052,-1.210000000000008,1.3049999999999962,0,1,0,1,1,0,1,1,5,False,False,True,False,False,True,2,medium,"Inspect pad life, conditioner performance, retaining ring; Check removal-rate drift, endpoint data, and process recipe inputs"
2026-02-04 09:00:00,CMP-03,405.06,263.29,22.29,14.08,197.81,4.198,0.83,24.19,1,95.17,13.95,0,maintenance_needed,22.040000000000003,14.476666666666667,190.34666666666666,0.7918333333333334,24.12,0.5,94.57000000000001,14.463333333333333,100.0,87.76333333333334,0.24999999999999645,7.463333333333338,0.03816666666666657,0.5999999999999943,-0.5133333333333336,1,0,0,1,1,0,1,1,5,True,False,True,False,False,True,3,high,"Check platen drive, carrier load, vibration source; Inspect pad life, conditioner performance, retaining ring; Check removal-rate drift, endpoint data, and process recipe inputs"
2026-02-04 10:00:00,CMP-03,405.79,264.08,23.4,14.54,188.34,4.272,0.725,25.16,1,94.83,14.3,0,maintenance_needed,22.05666666666667,14.37,191.69500000000002,0.7831666666666667,24.320000000000004,0.6666666666666666,94.68666666666667,14.358333333333334,100.0,88.02666666666667,1.3433333333333302,-3.355000000000018,-0.0581666666666667,0.14333333333333087,-0.05833333333333357,1,1,1,1,1,0,1,1,7,True,True,True,False,False,True,4,high,"Check platen drive, carrier load, vibration source; Inspect slurry delivery flow, filters, and lines; Inspect pad life, conditioner performance, retaining ring; Check removal-rate drift, endpoint data, and process recipe inputs"
2026-02-04 11:00:00,CMP-03,409.19,263.99,22.39,14.58,191.04,4.147,0.788,24.42,0,95.27,13.95,0,maintenance_needed,22.151666666666667,14.451666666666666,191.83833333333334,0.7863333333333333,24.221666666666668,0.6666666666666666,94.79,14.295,100.0,87.99666666666667,0.23833333333333329,-0.7983333333333462,0.0016666666666667052,0.47999999999998977,-0.34500000000000064,1,1,0,1,1,0,1,1,6,True,False,True,False,False,True,3,high,"Check platen drive, carrier load, vibration source; Inspect pad life, conditioner performance, retaining ring; Check removal-rate drift, endpoint data, and process recipe inputs"
2026-02-04 12:00:00,CMP-03,403.19,265.72,23.18,13.22,186.45,4.19,0.794,24.97,0,94.4,14.67,0,maintenance_needed,22.32166666666667,14.305,190.16166666666666,0.7871666666666668,24.478333333333335,0.3333333333333333,94.59166666666665,14.513333333333334,100.0,88.57333333333334,0.8583333333333307,-3.711666666666673,0.006833333333333247,-0.19166666666664867,0.1566666666666663,1,0,1,1,1,0,1,1,6,True,True,True,False,False,True,4,high,"Check platen drive, carrier load, vibration source; Inspect slurry delivery flow, filters, and lines; Inspect pad life, conditioner performance, retaining ring; Check removal-rate drift, endpoint data, and process recipe inputs"
2026-02-04 13:00:00,CMP-03,409.71,264.91,22.74,14.51,197.48,4.201,0.783,23.86,0,93.42,15.81,0,maintenance_needed,22.623333333333335,14.290000000000001,192.19000000000003,0.7848333333333334,24.48,0.3333333333333333,94.40333333333332,14.741666666666667,100.0,88.30333333333334,0.11666666666666359,5.289999999999964,-0.0018333333333333535,-0.9833333333333201,1.0683333333333334,1,1,0,1,1,0,1,1,6,True,False,True,False,False,True,3,high,"Check platen drive, carrier load, vibration source; Inspect pad life, conditioner performance, retaining ring; Check removal-rate drift, endpoint data, and process recipe inputs"
2026-02-04 14:00:00,CMP-03,412.81,267.11,23.6,14.59,190.31,4.269,0.915,23.63,0,92.85,16.45,0,maintenance_needed,22.933333333333334,14.253333333333336,191.90499999999997,0.8058333333333335,24.37166666666667,0.3333333333333333,94.32333333333334,14.855000000000002,100.0,89.03666666666668,0.6666666666666679,-1.5949999999999704,0.10916666666666652,-1.4733333333333434,1.594999999999997,1,1,0,1,1,0,1,1,6,True,False,True,False,False,True,3,high,"Check platen drive, carrier load, vibration source; Inspect pad life, conditioner performance, retaining ring; Check removal-rate drift, endpoint data, and process recipe inputs"
2026-02-04 15:00:00,CMP-03,408.97,267.81,22.16,14.54,191.24,4.192,0.825,23.95,1,93.55,15.67,0,maintenance_needed,22.911666666666665,14.33,190.81000000000003,0.805,24.331666666666667,0.3333333333333333,94.05333333333333,15.141666666666667,100.0,89.27000000000001,-0.7516666666666652,0.4299999999999784,0.019999999999999907,-0.5033333333333303,0.5283333333333324,1,1,0,1,1,0,1,1,6,True,False,True,False,False,True,3,high,"Check platen drive, carrier load, vibration source; Inspect pad life, conditioner performance, retaining ring; Check removal-rate drift, endpoint data, and process recipe inputs"
2026-02-04 16:00:00,CMP-03,411.32,264.3,24.18,15.52,196.22,4.345,0.839,23.32,0,94.51,14.76,0,maintenance_needed,23.041666666666668,14.493333333333332,192.12333333333333,0.8240000000000002,24.025000000000002,0.16666666666666666,94.0,15.218333333333334,100.0,88.1,1.1383333333333319,4.096666666666664,0.014999999999999791,0.5100000000000051,-0.4583333333333339,1,1,0,1,1,0,1,1,6,True,False,True,False,False,True,3,high,"Check platen drive, carrier load, vibration source; Inspect pad life, conditioner performance, retaining ring; Check removal-rate drift, endpoint data, and process recipe inputs"
2026-02-04 17:00:00,CMP-03,411.64,269.88,21.89,13.94,193.41,4.187,0.807,24.48,0,93.92,15.35,0,maintenance_needed,22.958333333333332,14.386666666666665,192.51833333333335,0.8271666666666668,24.035,0.16666666666666666,93.77500000000002,15.451666666666668,100.0,89.96,-1.0683333333333316,0.8916666666666515,-0.020166666666666777,0.1449999999999818,-0.10166666666666835,0,0,0,1,1,0,1,1,4,False,False,True,False,False,True,2,medium,"Inspect pad life, conditioner performance, retaining ring; Check removal-rate drift, endpoint data, and process recipe inputs"
2026-02-04 18:00:00,CMP-03,412.39,265.44,21.68,14.19,187.19,4.181,0.832,23.88,0,92.28,17.01,0,maintenance_needed,22.708333333333332,14.548333333333332,192.64166666666665,0.8335,23.853333333333335,0.16666666666666666,93.42166666666667,15.841666666666669,100.0,88.48,-1.0283333333333324,-5.451666666666654,-0.0015000000000000568,-1.1416666666666657,1.168333333333333,0,0,1,1,1,0,1,1,5,False,True,True,False,False,True,3,high,"Inspect slurry delivery flow, filters, and lines; Inspect pad life, conditioner performance, retaining ring; Check removal-rate drift, endpoint data, and process recipe inputs"
2026-02-04 19:00:00,CMP-03,414.41,269.01,21.37,13.14,187.88,4.186,0.777,23.7,1,92.23,17.11,0,maintenance_needed,22.48,14.319999999999999,191.04166666666666,0.8325000000000001,23.826666666666668,0.3333333333333333,93.22333333333334,16.058333333333334,100.0,89.66999999999999,-1.1099999999999994,-3.1616666666666617,-0.055500000000000105,-0.9933333333333394,1.0516666666666659,0,0,1,1,1,0,1,1,5,False,True,True,False,False,True,3,high,"Inspect slurry delivery flow, filters, and lines; Inspect pad life, conditioner performance, retaining ring; Check removal-rate drift, endpoint data, and process recipe inputs"
2026-02-04 20:00:00,CMP-03,418.57,271.63,24.3,14.48,192.01,4.095,0.841,24.57,0,91.27,18.17,0,maintenance_needed,22.596666666666668,14.301666666666664,191.32500000000002,0.8201666666666667,23.983333333333334,0.3333333333333333,92.96,16.345000000000002,100.0,90.54333333333334,1.7033333333333331,0.6849999999999739,0.02083333333333326,-1.6899999999999977,1.8249999999999993,1,0,0,1,1,0,1,1,5,True,False,True,False,False,True,3,high,"Check platen drive, carrier load, vibration source; Inspect pad life, conditioner performance, retaining ring; Check removal-rate drift, endpoint data, and process recipe inputs"
2026-02-04 21:00:00,CMP-03,420.31,270.67,23.13,14.56,187.35,4.117,0.807,23.44,0,89.68,19.8,0,maintenance_needed,22.758333333333336,14.305,190.67666666666665,0.8171666666666667,23.89833333333333,0.16666666666666666,92.315,17.033333333333335,100.0,90.22333333333333,0.3716666666666626,-3.326666666666654,-0.010166666666666657,-2.634999999999991,2.7666666666666657,1,1,1,1,1,0,1,1,7,True,True,True,False,False,True,4,high,"Check platen drive, carrier load, vibration source; Inspect slurry delivery flow, filters, and lines; Inspect pad life, conditioner performance, retaining ring; Check removal-rate drift, endpoint data, and process recipe inputs"
2026-02-04 22:00:00,CMP-03,417.4,269.94,22.14,14.45,181.69,4.158,0.832,24.74,0,92.67,16.74,0,maintenance_needed,22.418333333333333,14.126666666666667,188.255,0.816,24.135,0.16666666666666666,92.00833333333334,17.363333333333333,100.0,89.98,-0.27833333333333243,-6.564999999999998,0.016000000000000014,0.6616666666666617,-0.6233333333333348,1,0,1,1,1,0,1,1,6,True,True,True,False,False,True,4,high,"Check platen drive, carrier load, vibration source; Inspect slurry delivery flow, filters, and lines; Inspect pad life, conditioner performance, retaining ring; Check removal-rate drift, endpoint data, and process recipe inputs"
2026-02-04 23:00:00,CMP-03,422.43,271.04,23.53,15.49,189.41,4.291,0.731,23.93,0,95.72,13.81,0,maintenance_needed,22.691666666666666,14.385,187.58833333333334,0.8033333333333333,24.043333333333333,0.16666666666666666,92.30833333333334,17.10666666666667,100.0,90.34666666666668,0.8383333333333347,1.8216666666666583,-0.07233333333333336,3.4116666666666617,-3.2966666666666686,1,1,1,1,1,0,1,1,7,True,True,True,False,False,True,4,high,"Check platen drive, carrier load, vibration source; Inspect slurry delivery flow, filters, and lines; Inspect pad life, conditioner performance, retaining ring; Check removal-rate drift, endpoint data, and process recipe inputs"
2026-02-05 00:00:00,CMP-03,420.06,274.23,23.02,15.31,183.95,4.197,0.797,25.05,0,94.83,14.64,0,maintenance_needed,22.915000000000003,14.571666666666667,187.04833333333332,0.7975,24.238333333333333,0.16666666666666666,92.73333333333335,16.71166666666667,100.0,91.41,0.10499999999999687,-3.098333333333329,-0.0004999999999999449,2.09666666666665,-2.071666666666669,1,1,1,1,1,0,1,1,7,True,True,True,False,False,True,4,high,"Check platen drive, carrier load, vibration source; Inspect slurry delivery flow, filters, and lines; Inspect pad life, conditioner performance, retaining ring; Check removal-rate drift, endpoint data, and process recipe inputs"
2026-02-05 01:00:00,CMP-03,424.16,271.34,24.14,14.9,195.91,4.161,0.937,24.01,1,92.52,17.05,0,maintenance_needed,23.376666666666665,14.865,188.38666666666666,0.8241666666666667,24.290000000000003,0.16666666666666666,92.78166666666668,16.701666666666668,100.0,90.44666666666666,0.7633333333333354,7.5233333333333405,0.11283333333333334,-0.2616666666666845,0.3483333333333327,1,1,0,1,1,0,1,1,6,True,False,True,False,False,True,3,high,"Check platen drive, carrier load, vibration source; Inspect pad life, conditioner performance, retaining ring; Check removal-rate drift, endpoint data, and process recipe inputs"
2026-02-05 02:00:00,CMP-03,421.83,275.65,21.28,14.6,190.4,4.298,0.899,24.7,0,93.44,16.07,0,maintenance_needed,22.873333333333335,14.885,188.11833333333334,0.8338333333333335,24.311666666666667,0.16666666666666666,93.14333333333333,16.35166666666667,100.0,91.88333333333333,-1.5933333333333337,2.2816666666666663,0.06516666666666648,0.29666666666666686,-0.28166666666666984,0,1,0,1,1,0,1,1,5,False,False,True,False,False,True,2,medium,"Inspect pad life, conditioner performance, retaining ring; Check removal-rate drift, endpoint data, and process recipe inputs"
2026-02-05 03:00:00,CMP-03,423.24,274.88,22.33,15.46,185.92,4.324,0.927,24.4,0,91.23,18.31,0,maintenance_needed,22.74,15.035000000000002,187.88,0.8538333333333333,24.471666666666664,0.16666666666666666,93.40166666666666,16.103333333333335,100.0,91.62666666666667,-0.41000000000000014,-1.960000000000008,0.07316666666666671,-2.1716666666666526,2.2066666666666634,1,1,1,1,1,0,1,1,7,True,True,True,False,False,True,4,high,"Check platen drive, carrier load, vibration source; Inspect slurry delivery flow, filters, and lines; Inspect pad life, conditioner performance, retaining ring; Check removal-rate drift, endpoint data, and process recipe inputs"
2026-02-05 04:00:00,CMP-03,424.66,274.17,22.21,14.85,186.59,4.3,0.935,24.81,1,91.38,18.2,0,maintenance_needed,22.751666666666665,15.101666666666667,188.69666666666663,0.8710000000000001,24.483333333333334,0.3333333333333333,93.18666666666667,16.346666666666668,100.0,91.39,-0.5416666666666643,-2.1066666666666265,0.06399999999999995,-1.806666666666672,1.8533333333333317,1,1,1,1,1,0,1,1,7,True,True,True,False,False,True,4,high,"Check platen drive, carrier load, vibration source; Inspect slurry delivery flow, filters, and lines; Inspect pad life, conditioner performance, retaining ring; Check removal-rate drift, endpoint data, and process recipe inputs"
2026-02-06 08:00:00,CMP-03,27.11,16.77,18.29,12.33,212.28,4.448,0.353,21.88,0,105.57,0.57,0,normal,17.87333333333333,12.253333333333332,210.38833333333332,0.3531666666666667,22.275000000000002,0.0,104.94999999999999,0.5700000000000012,6.7775,5.59,0.41666666666666785,1.89166666666668,-0.00016666666666670382,0.6200000000000045,-1.2212453270876722e-15,0,0,0,0,0,0,0,0,0,False,False,False,True,False,False,1,low,Verify downforce pressure control and sensor calibration
2026-02-06 16:00:00,CMP-03,36.71,21.98,17.9,12.44,208.09,4.406,0.33,22.94,0,105.03,0.03,0,normal,18.035,12.075000000000001,208.56999999999996,0.33466666666666667,22.101666666666663,0.0,105.49166666666666,0.4916666666666678,9.1775,7.326666666666667,-0.13500000000000156,-0.47999999999996135,-0.004666666666666652,-0.4616666666666589,-0.4616666666666678,0,0,0,0,0,0,0,0,0,False,False,False,True,False,False,1,low,Verify downforce pressure control and sensor calibration
2026-02-08 12:00:00,CMP-03,82.39,52.7,18.59,12.18,210.56,4.405,0.336,22.89,0,106.21,1.21,0,normal,17.785,11.658333333333331,211.97,0.36533333333333334,22.3,0.0,105.58166666666666,1.4083333333333343,20.5975,17.566666666666666,0.8049999999999997,-1.4099999999999966,-0.029333333333333322,0.6283333333333303,-0.19833333333333436,0,0,0,0,0,0,0,0,0,False,False,False,True,False,False,1,low,Verify downforce pressure control and sensor calibration
2026-02-11 15:00:00,CMP-03,153.89,100.59,17.96,12.02,212.78,4.287,0.398,22.71,2,107.66,2.66,0,normal,17.923333333333332,12.161666666666667,211.45166666666663,0.3316666666666667,21.99,0.3333333333333333,105.59166666666665,0.9683333333333346,38.4725,33.53,0.036666666666668846,1.3283333333333758,0.0663333333333333,2.0683333333333422,1.6916666666666655,0,0,0,0,0,1,0,0,1,False,False,False,False,True,False,1,low,Review recent alarms and tool event log
2026-02-12 13:00:00,CMP-03,176.74,113.54,17.43,11.72,210.48,3.986,0.322,21.31,1,103.71,1.29,0,normal,17.73,12.321666666666667,211.8983333333333,0.31750000000000006,22.099999999999998,0.16666666666666666,105.55833333333334,1.0316666666666678,44.185,37.846666666666664,-0.3000000000000007,-1.4183333333333223,0.0044999999999999485,-1.8483333333333434,0.2583333333333322,0,0,0,0,0,0,0,0,0,False,False,False,True,False,False,1,low,Verify downforce pressure control and sensor calibration
2026-02-14 11:00:00,CMP-03,224.6,143.86,18.49,12.2,206.28,4.407,0.388,21.87,0,104.5,0.5,0,normal,17.66,12.211666666666666,210.40333333333334,0.3538333333333334,21.830000000000002,0.16666666666666666,104.565,0.831666666666668,56.15,47.95333333333333,0.8299999999999983,-4.123333333333335,0.03416666666666662,-0.06499999999999773,-0.331666666666668,0,0,0,0,0,0,0,0,0,False,False,False,True,False,False,1,low,Verify downforce pressure control and sensor calibration
