timestamp,tool_id,pad_hours,retaining_ring_hours,platen_motor_current,carrier_motor_current,slurry_flow_rate,downforce_pressure,vibration,temperature_c,alarm_count,wafer_removal_rate,process_drift_nm,maintenance_event,maintenance_state
2026-01-01 00:00:00,CMP-01,0.54,-0.32,17.79,11.89,216.66,4.05,0.389,20.84,0,106.85,1.85,0,normal
2026-01-01 01:00:00,CMP-01,0.51,0.38,17.78,10.94,215.76,4.259,0.437,22.28,0,105.67,0.67,0,normal
2026-01-01 02:00:00,CMP-01,0.4,1.5,17.22,12.07,212.33,4.211,0.296,21.63,0,105.7,0.7,0,normal
2026-01-01 03:00:00,CMP-01,2.18,2.28,16.51,12.39,210.88,4.169,0.378,22.75,0,104.81,0.19,0,normal
2026-01-01 04:00:00,CMP-01,2.22,2.34,17.69,11.91,205.94,4.167,0.341,22.05,0,104.73,0.27,0,normal
2026-01-01 05:00:00,CMP-01,5.11,4.61,17.45,12.28,212.04,4.34,0.338,21.88,0,107.38,2.38,0,normal
2026-01-01 06:00:00,CMP-01,8.41,1.33,18.4,11.44,210.04,4.323,0.405,22.09,0,103.71,1.29,0,normal
2026-01-01 07:00:00,CMP-01,6.11,4.55,16.82,11.13,210.69,4.346,0.389,22.25,0,105.12,0.12,0,normal
2026-01-01 08:00:00,CMP-01,6.88,4.34,19.15,11.62,207.74,4.108,0.298,22.02,0,104.21,0.79,0,normal
2026-01-01 09:00:00,CMP-01,9.88,6.01,18.22,12.69,209.76,4.148,0.334,21.85,0,106.14,1.14,0,normal
2026-01-01 10:00:00,CMP-01,10.64,6.76,17.8,12.62,209.08,4.272,0.36,21.91,0,107.05,2.05,0,normal
2026-01-01 11:00:00,CMP-01,11.19,6.06,17.43,11.73,211.07,4.103,0.278,22.33,0,104.8,0.2,0,normal
2026-01-01 12:00:00,CMP-01,10.33,7.03,17.37,12.72,215.51,4.142,0.391,21.26,0,102.36,2.64,0,normal
2026-01-01 13:00:00,CMP-01,12.95,9.4,17.1,11.81,211.25,4.056,0.345,22.0,0,105.86,0.86,0,normal
2026-01-01 14:00:00,CMP-01,15.25,9.52,17.56,12.91,203.19,4.348,0.356,21.92,1,105.22,0.22,0,normal
2026-01-01 15:00:00,CMP-01,12.58,8.93,18.0,12.29,205.94,4.285,0.365,21.68,0,102.82,2.18,0,normal
2026-01-01 16:00:00,CMP-01,15.18,12.85,17.86,11.73,203.49,4.237,0.438,22.48,0,104.27,0.73,0,normal
2026-01-01 17:00:00,CMP-01,13.58,13.82,16.87,12.48,206.64,4.218,0.35,21.16,0,104.72,0.28,0,normal
2026-01-01 18:00:00,CMP-01,15.68,9.95,17.79,11.54,212.04,4.167,0.331,21.76,1,102.6,2.4,0,normal
2026-01-01 19:00:00,CMP-01,15.68,12.71,17.29,11.44,211.41,4.168,0.435,21.44,0,105.94,0.94,0,normal
2026-01-01 20:00:00,CMP-01,19.58,16.01,18.13,11.13,207.42,4.249,0.324,22.36,0,105.36,0.36,0,normal
2026-01-01 21:00:00,CMP-01,18.72,14.59,19.49,12.16,210.87,4.143,0.322,21.69,0,105.4,0.4,0,normal
2026-01-01 22:00:00,CMP-01,22.49,14.57,18.5,11.97,206.79,4.298,0.28,22.03,0,103.6,1.4,0,normal
2026-01-01 23:00:00,CMP-01,23.28,14.7,17.75,11.95,204.14,4.161,0.402,22.25,1,103.78,1.22,0,normal
2026-01-02 00:00:00,CMP-01,23.66,14.95,16.7,11.75,204.2,4.13,0.362,20.95,0,103.88,1.12,0,normal
2026-01-02 01:00:00,CMP-01,20.47,15.99,16.87,12.86,206.38,4.304,0.372,22.3,0,105.32,0.32,0,normal
2026-01-02 02:00:00,CMP-01,25.03,16.24,16.65,11.75,215.48,4.188,0.357,21.51,0,104.38,0.62,0,normal
2026-01-02 03:00:00,CMP-01,26.91,18.44,18.58,11.57,204.45,4.244,0.342,21.83,0,106.28,1.28,0,normal
2026-01-02 04:00:00,CMP-01,28.2,17.72,17.39,12.75,214.77,4.167,0.31,21.93,0,105.87,0.87,0,normal
2026-01-02 05:00:00,CMP-01,26.25,18.32,18.05,12.85,215.11,4.02,0.31,22.53,0,102.99,2.01,0,normal
2026-01-02 06:00:00,CMP-01,29.14,18.06,17.5,12.2,209.08,4.244,0.37,22.48,0,106.9,1.9,0,normal
2026-01-02 07:00:00,CMP-01,29.24,20.09,18.07,10.96,209.61,4.092,0.355,23.15,0,105.21,0.21,0,normal
2026-01-02 08:00:00,CMP-01,30.54,19.73,19.12,11.64,207.36,4.287,0.429,22.12,0,104.22,0.78,0,normal
2026-01-02 09:00:00,CMP-01,34.91,21.23,17.45,12.37,209.7,4.076,0.311,21.69,1,105.15,0.15,0,normal
2026-01-02 10:00:00,CMP-01,32.55,23.35,17.73,12.01,212.43,4.051,0.324,21.67,0,103.17,1.83,0,normal
2026-01-02 11:00:00,CMP-01,34.94,23.19,17.35,12.93,209.84,4.225,0.298,22.43,0,105.26,0.26,0,normal
2026-01-02 12:00:00,CMP-01,37.59,24.01,18.7,11.18,213.78,4.234,0.417,23.05,0,102.55,2.45,0,normal
2026-01-02 13:00:00,CMP-01,35.95,24.48,17.18,12.41,214.53,4.209,0.288,22.22,0,104.25,0.75,0,normal
2026-01-02 14:00:00,CMP-01,37.8,24.77,17.09,11.62,211.17,4.103,0.387,21.62,0,106.7,1.7,0,normal
2026-01-02 15:00:00,CMP-01,39.2,25.2,16.89,12.79,211.1,4.271,0.42,22.18,0,106.58,1.58,0,normal
2026-01-02 16:00:00,CMP-01,40.11,25.63,16.87,11.95,209.55,4.083,0.342,22.17,0,104.63,0.37,0,normal
2026-01-02 17:00:00,CMP-01,38.79,27.56,18.38,12.62,211.18,4.163,0.384,22.02,0,104.05,0.95,0,normal
2026-01-02 18:00:00,CMP-01,42.14,26.0,20.06,11.61,205.35,4.137,0.243,21.51,0,105.75,0.75,0,normal
2026-01-02 19:00:00,CMP-01,45.45,29.56,17.2,11.15,211.41,4.17,0.329,20.34,0,105.11,0.11,0,normal
2026-01-02 20:00:00,CMP-01,41.22,28.64,18.76,11.33,210.61,4.268,0.267,21.65,0,105.35,0.35,0,normal
2026-01-02 21:00:00,CMP-01,46.55,28.35,18.2,11.64,206.35,4.149,0.357,22.69,0,105.48,0.48,0,normal
2026-01-02 22:00:00,CMP-01,46.21,29.31,17.12,11.39,218.38,4.245,0.349,22.14,0,104.49,0.51,0,normal
2026-01-02 23:00:00,CMP-01,45.85,29.74,17.78,12.72,205.91,4.256,0.311,20.56,0,105.63,0.63,0,normal
2026-01-03 00:00:00,CMP-01,51.6,31.39,17.81,12.8,206.32,4.063,0.395,22.0,0,102.34,2.66,0,normal
2026-01-03 01:00:00,CMP-01,50.37,30.99,17.45,12.16,210.9,4.107,0.366,20.79,1,106.8,1.8,0,normal
2026-01-03 02:00:00,CMP-01,47.84,33.87,19.54,11.38,202.06,4.169,0.323,23.3,0,102.62,2.38,0,normal
2026-01-03 03:00:00,CMP-01,51.13,32.21,16.48,11.93,206.63,4.153,0.323,22.12,0,104.06,0.94,0,normal
2026-01-03 04:00:00,CMP-01,53.04,31.07,18.3,11.59,203.7,4.225,0.276,21.21,0,103.78,1.22,0,normal
2026-01-03 05:00:00,CMP-01,52.66,33.57,18.27,12.87,205.93,4.045,0.34,22.52,0,105.56,0.56,0,normal
2026-01-03 06:00:00,CMP-01,55.23,32.69,17.54,12.19,209.26,4.258,0.453,21.49,0,105.84,0.84,0,normal
2026-01-03 07:00:00,CMP-01,54.88,35.7,18.12,12.29,211.06,4.26,0.314,22.37,0,105.55,0.55,0,normal
2026-01-03 08:00:00,CMP-01,57.2,37.67,18.7,11.76,214.19,4.187,0.369,22.01,0,106.01,1.01,0,normal
2026-01-03 09:00:00,CMP-01,59.59,37.83,18.12,10.79,213.01,4.089,0.322,21.23,0,105.83,0.83,0,normal
2026-01-03 10:00:00,CMP-01,56.78,36.09,18.33,11.54,214.52,4.2,0.388,22.43,0,105.33,0.33,0,normal
2026-01-03 11:00:00,CMP-01,59.37,37.44,18.55,11.33,212.14,4.157,0.37,21.12,0,103.03,1.97,0,normal
2026-01-03 12:00:00,CMP-01,59.17,41.13,16.37,12.22,207.92,4.245,0.337,22.88,0,102.24,2.76,0,normal
2026-01-03 13:00:00,CMP-01,61.23,40.03,19.18,12.06,214.24,4.193,0.261,22.04,1,102.75,2.25,0,normal
2026-01-03 14:00:00,CMP-01,59.86,40.3,19.82,11.52,207.84,4.258,0.323,21.33,0,104.82,0.18,0,normal
2026-01-03 15:00:00,CMP-01,61.96,42.22,18.78,11.77,207.33,4.165,0.408,20.81,0,104.57,0.43,0,normal
2026-01-03 16:00:00,CMP-01,63.65,44.54,18.81,12.94,215.89,4.315,0.337,23.06,0,105.36,0.36,0,normal
2026-01-03 17:00:00,CMP-01,66.62,43.81,16.87,11.42,212.93,4.016,0.38,22.95,0,105.54,0.54,0,normal
2026-01-03 18:00:00,CMP-01,68.06,43.07,17.91,11.45,210.66,4.119,0.325,21.18,0,104.83,0.17,0,normal
2026-01-03 19:00:00,CMP-01,64.62,43.98,17.35,11.86,212.79,4.239,0.257,23.08,0,104.12,0.88,0,normal
2026-01-03 20:00:00,CMP-01,66.57,44.94,17.53,11.58,213.29,4.079,0.37,22.11,0,103.58,1.42,0,normal
2026-01-03 21:00:00,CMP-01,70.16,44.11,18.77,11.74,204.34,4.259,0.365,21.86,0,102.41,2.59,0,normal
2026-01-03 22:00:00,CMP-01,66.41,44.23,17.36,12.32,209.41,4.103,0.32,21.94,0,106.39,1.39,0,normal
2026-01-03 23:00:00,CMP-01,70.17,46.21,17.9,13.04,205.07,4.207,0.33,21.82,0,105.69,0.69,0,normal
2026-01-04 00:00:00,CMP-01,71.82,45.66,16.47,10.93,210.27,4.127,0.363,22.94,0,103.51,1.49,0,normal
2026-01-04 01:00:00,CMP-01,75.26,47.38,17.87,11.99,207.1,4.165,0.319,22.1,0,104.5,0.5,0,normal
2026-01-04 02:00:00,CMP-01,75.24,48.22,18.07,12.02,215.21,4.214,0.366,20.8,0,105.96,0.96,0,normal
2026-01-04 03:00:00,CMP-01,74.41,51.56,17.44,11.95,211.85,4.192,0.339,23.37,0,107.02,2.02,0,normal
2026-01-04 04:00:00,CMP-01,75.34,48.38,17.42,11.89,206.54,4.169,0.232,22.58,0,104.07,0.93,0,normal
2026-01-04 05:00:00,CMP-01,76.55,49.9,19.51,11.8,209.71,4.372,0.342,21.29,0,105.22,0.22,0,normal
2026-01-04 06:00:00,CMP-01,80.74,50.5,17.03,12.6,204.94,4.201,0.319,21.77,0,105.96,0.96,0,normal
2026-01-04 07:00:00,CMP-01,78.23,51.87,17.16,11.72,209.94,4.122,0.307,21.41,0,103.04,1.96,0,normal
2026-01-04 08:00:00,CMP-01,79.45,53.26,17.35,11.92,211.96,4.274,0.369,22.03,0,104.35,0.65,0,normal
2026-01-04 09:00:00,CMP-01,81.63,52.06,18.96,12.0,210.83,4.266,0.325,22.26,0,105.06,0.06,0,normal
2026-01-04 10:00:00,CMP-01,81.78,52.31,19.68,12.06,202.07,4.298,0.375,22.16,0,103.58,1.42,0,normal
2026-01-04 11:00:00,CMP-01,82.64,51.98,18.27,11.9,208.44,4.343,0.403,21.61,1,107.34,2.34,0,normal
2026-01-04 12:00:00,CMP-01,81.99,53.49,17.43,12.6,211.81,4.125,0.356,21.48,1,106.18,1.18,0,normal
2026-01-04 13:00:00,CMP-01,84.98,55.89,17.66,11.99,211.0,4.285,0.272,22.55,0,105.34,0.34,0,normal
2026-01-04 14:00:00,CMP-01,85.2,55.95,18.85,12.1,214.41,4.291,0.313,21.93,0,104.29,0.71,0,normal
2026-01-04 15:00:00,CMP-01,89.1,55.33,17.27,11.97,204.64,4.2,0.394,23.47,1,105.6,0.6,0,normal
2026-01-04 16:00:00,CMP-01,89.18,56.75,19.16,11.4,211.87,4.22,0.336,21.47,0,105.91,0.91,0,normal
2026-01-04 17:00:00,CMP-01,88.96,57.89,19.13,11.5,207.17,3.96,0.309,22.52,0,104.22,0.78,0,normal
2026-01-04 18:00:00,CMP-01,91.2,59.1,18.06,11.37,210.55,4.154,0.344,22.03,0,104.58,0.42,0,normal
2026-01-04 19:00:00,CMP-01,90.39,58.44,18.52,12.12,211.39,4.343,0.374,21.5,0,103.47,1.53,0,normal
2026-01-04 20:00:00,CMP-01,93.89,59.5,18.6,11.57,212.52,4.057,0.362,22.89,0,105.15,0.15,0,normal
2026-01-04 21:00:00,CMP-01,92.99,58.27,19.24,11.36,207.47,4.157,0.381,22.08,0,105.83,0.83,0,normal
2026-01-04 22:00:00,CMP-01,95.05,59.72,17.16,12.14,210.51,4.223,0.308,21.42,0,106.23,1.23,0,normal
2026-01-04 23:00:00,CMP-01,92.68,63.69,18.94,12.32,205.1,4.246,0.335,21.79,0,105.31,0.31,0,normal
2026-01-05 00:00:00,CMP-01,96.62,59.77,17.7,10.94,204.13,4.331,0.336,22.67,1,105.51,0.51,0,normal
2026-01-05 01:00:00,CMP-01,93.96,62.64,17.39,13.01,211.99,4.059,0.348,21.2,0,104.52,0.48,0,normal
2026-01-05 02:00:00,CMP-01,94.34,63.96,18.08,12.02,209.55,4.203,0.245,22.9,0,104.46,0.54,0,normal
2026-01-05 03:00:00,CMP-01,98.45,63.9,17.83,11.94,203.3,4.269,0.337,22.45,0,105.88,0.88,0,normal
2026-01-05 04:00:00,CMP-01,98.38,64.03,17.21,12.64,206.37,4.095,0.283,21.82,0,105.26,0.26,0,normal
2026-01-05 05:00:00,CMP-01,101.3,65.58,16.72,12.04,209.85,4.197,0.418,22.89,0,104.11,0.89,0,normal
2026-01-05 06:00:00,CMP-01,106.04,66.29,17.25,11.64,215.99,4.351,0.426,23.14,0,106.09,1.09,0,normal
2026-01-05 07:00:00,CMP-01,101.5,66.85,19.16,13.32,213.95,4.305,0.432,22.39,0,106.3,1.3,0,normal
2026-01-05 08:00:00,CMP-01,102.88,65.35,19.57,11.36,212.96,4.243,0.389,22.11,0,106.08,1.08,0,normal
2026-01-05 09:00:00,CMP-01,105.37,68.07,18.52,11.94,202.63,3.991,0.325,23.21,0,104.57,0.43,0,normal
2026-01-05 10:00:00,CMP-01,106.89,67.87,18.95,12.51,209.38,4.19,0.396,22.98,0,104.39,0.61,0,normal
2026-01-05 11:00:00,CMP-01,106.68,68.89,17.59,11.36,211.68,4.231,0.339,21.39,0,105.62,0.62,0,normal
2026-01-05 12:00:00,CMP-01,107.63,70.47,17.94,11.94,211.34,4.175,0.379,21.86,0,107.08,2.08,0,normal
2026-01-05 13:00:00,CMP-01,110.26,71.62,18.23,12.23,211.43,4.195,0.304,21.86,0,105.31,0.31,0,normal
2026-01-05 14:00:00,CMP-01,110.94,72.58,17.13,13.44,208.83,4.447,0.32,21.73,0,104.17,0.83,0,normal
2026-01-05 15:00:00,CMP-01,109.14,71.55,17.21,11.46,216.8,4.183,0.372,21.02,0,105.96,0.96,0,normal
2026-01-05 16:00:00,CMP-01,111.86,73.91,18.08,11.97,215.67,4.122,0.437,22.59,1,104.07,0.93,0,normal
2026-01-05 17:00:00,CMP-01,113.06,74.86,17.74,12.4,209.39,4.219,0.348,22.05,0,105.24,0.24,0,normal
2026-01-05 18:00:00,CMP-01,112.1,75.46,17.15,12.05,205.85,4.175,0.46,22.06,0,104.35,0.65,0,normal
2026-01-05 19:00:00,CMP-01,115.47,76.42,18.31,11.28,217.98,4.175,0.485,22.92,0,106.77,1.77,0,normal
2026-01-05 20:00:00,CMP-01,114.46,75.23,17.79,12.24,207.56,4.193,0.286,21.63,0,104.95,0.05,0,normal
2026-01-05 21:00:00,CMP-01,118.75,75.84,18.82,12.06,214.55,4.262,0.348,21.96,0,106.6,1.6,0,normal
2026-01-05 22:00:00,CMP-01,118.35,77.69,18.0,12.27,217.4,4.219,0.302,22.18,0,108.26,3.26,0,normal
2026-01-05 23:00:00,CMP-01,119.16,75.71,17.76,12.68,205.99,4.104,0.342,21.72,0,104.46,0.54,0,normal
2026-01-06 00:00:00,CMP-01,118.94,78.25,18.1,12.61,210.93,4.189,0.323,21.93,0,104.15,0.85,0,normal
2026-01-06 01:00:00,CMP-01,120.79,78.01,17.86,12.24,208.38,4.238,0.346,22.5,0,105.43,0.43,0,normal
2026-01-06 02:00:00,CMP-01,118.4,78.86,17.47,12.19,211.83,4.163,0.397,21.99,0,105.07,0.07,0,normal
2026-01-06 03:00:00,CMP-01,120.96,77.86,17.68,11.34,211.05,4.292,0.396,22.87,1,105.27,0.27,0,normal
2026-01-06 04:00:00,CMP-01,124.65,79.53,18.6,11.92,217.55,4.262,0.362,21.51,0,104.94,0.06,0,normal
2026-01-06 05:00:00,CMP-01,121.17,81.23,18.52,12.13,212.13,4.121,0.349,22.13,0,105.83,0.83,0,normal
2026-01-06 06:00:00,CMP-01,127.52,82.97,19.03,11.76,209.73,4.226,0.355,21.06,0,105.09,0.09,0,normal
2026-01-06 07:00:00,CMP-01,123.86,83.74,16.65,12.06,214.27,4.359,0.355,21.92,0,102.89,2.11,0,normal
2026-01-06 08:00:00,CMP-01,129.36,83.1,17.69,11.5,208.68,4.325,0.378,21.54,0,104.65,0.35,0,normal
2026-01-06 09:00:00,CMP-01,127.48,83.62,17.67,12.92,208.31,4.195,0.349,22.9,0,105.27,0.27,0,normal
2026-01-06 10:00:00,CMP-01,131.4,83.5,18.14,13.29,218.72,4.272,0.374,22.49,0,107.07,2.07,0,normal
2026-01-06 11:00:00,CMP-01,131.24,85.63,17.64,11.77,206.48,4.146,0.284,22.33,1,104.08,0.92,0,normal
2026-01-06 12:00:00,CMP-01,129.23,85.5,17.59,12.24,207.81,4.084,0.388,23.21,0,103.93,1.07,0,normal
2026-01-06 13:00:00,CMP-01,135.25,87.18,18.63,11.86,209.94,4.244,0.436,22.95,0,106.34,1.34,0,normal
2026-01-06 14:00:00,CMP-01,136.6,89.2,18.14,12.76,205.54,4.22,0.358,22.47,0,103.97,1.03,0,normal
2026-01-06 15:00:00,CMP-01,134.88,87.71,17.07,12.26,201.33,4.241,0.279,21.55,0,104.45,0.55,0,normal
2026-01-06 16:00:00,CMP-01,135.51,86.6,19.07,12.05,213.99,4.198,0.416,21.05,0,105.89,0.89,0,normal
2026-01-06 17:00:00,CMP-01,136.71,88.02,18.8,11.87,206.63,4.226,0.333,21.98,0,105.6,0.6,0,normal
2026-01-06 18:00:00,CMP-01,136.24,87.95,17.54,12.08,207.6,4.159,0.201,21.77,0,104.84,0.16,0,normal
2026-01-06 19:00:00,CMP-01,140.98,88.91,18.67,11.4,208.28,4.238,0.338,21.57,0,103.61,1.39,0,normal
2026-01-06 20:00:00,CMP-01,139.02,92.57,17.41,12.41,205.84,4.267,0.379,21.81,0,105.85,0.85,0,normal
2026-01-06 21:00:00,CMP-01,140.91,91.92,18.9,11.57,205.47,4.195,0.368,20.91,0,104.17,0.83,0,normal
2026-01-06 22:00:00,CMP-01,140.57,90.48,17.83,12.32,210.41,4.265,0.411,22.98,0,104.46,0.54,0,normal
2026-01-06 23:00:00,CMP-01,141.87,93.73,17.36,12.08,219.36,4.058,0.38,21.25,0,108.07,3.07,0,normal
2026-01-07 00:00:00,CMP-01,141.7,95.11,17.7,12.66,212.71,4.137,0.355,21.56,0,106.25,1.25,0,normal
2026-01-07 01:00:00,CMP-01,147.26,93.82,17.39,11.99,212.75,4.316,0.252,22.38,0,104.03,0.97,0,normal
2026-01-07 02:00:00,CMP-01,145.72,94.09,18.15,12.61,203.74,4.341,0.294,20.93,0,103.97,1.03,0,normal
2026-01-07 03:00:00,CMP-01,148.74,95.15,18.14,11.45,209.67,4.22,0.358,22.61,0,104.72,0.28,0,normal
2026-01-07 04:00:00,CMP-01,148.02,96.54,18.03,12.37,205.03,4.192,0.383,22.62,0,103.77,1.23,0,normal
2026-01-07 05:00:00,CMP-01,147.75,97.62,17.55,11.87,212.85,4.099,0.299,21.79,0,103.06,1.94,0,normal
2026-01-07 06:00:00,CMP-01,149.41,98.92,15.07,12.12,208.85,4.229,0.319,21.29,0,105.85,0.85,0,normal
2026-01-07 07:00:00,CMP-01,149.99,99.6,18.07,12.04,209.92,4.262,0.373,21.69,0,105.9,0.9,0,normal
2026-01-07 08:00:00,CMP-01,152.01,100.22,16.48,12.56,209.41,4.081,0.255,20.78,0,105.25,0.25,0,normal
2026-01-07 09:00:00,CMP-01,152.32,101.08,18.2,10.79,207.43,4.245,0.253,22.92,0,104.36,0.64,0,normal
2026-01-07 10:00:00,CMP-01,153.46,100.89,18.9,12.19,203.68,4.239,0.338,22.04,0,104.76,0.24,0,normal
2026-01-07 11:00:00,CMP-01,152.52,98.91,18.22,11.1,212.08,4.235,0.362,21.51,0,105.92,0.92,0,normal
2026-01-07 12:00:00,CMP-01,154.55,101.24,17.69,12.72,204.23,4.11,0.326,21.4,0,103.37,1.63,0,normal
2026-01-07 13:00:00,CMP-01,159.98,102.43,17.86,10.82,205.04,4.243,0.236,22.38,1,104.25,0.75,0,normal
2026-01-07 14:00:00,CMP-01,156.79,102.24,17.89,11.4,208.57,4.08,0.351,22.99,1,104.27,0.73,0,normal
2026-01-07 15:00:00,CMP-01,157.1,104.44,17.56,11.0,206.94,4.319,0.284,21.16,0,105.57,0.57,0,normal
2026-01-07 16:00:00,CMP-01,160.61,103.57,17.53,12.98,210.81,4.211,0.382,21.62,0,105.39,0.39,0,normal
2026-01-07 17:00:00,CMP-01,163.53,103.54,17.26,11.23,213.81,4.107,0.344,20.84,0,103.84,1.16,0,normal
2026-01-07 18:00:00,CMP-01,159.38,107.03,18.95,12.07,210.76,4.308,0.362,22.45,0,104.38,0.62,0,normal
2026-01-07 19:00:00,CMP-01,162.62,106.75,17.99,11.68,210.55,4.292,0.381,22.1,0,107.08,2.08,0,normal
2026-01-07 20:00:00,CMP-01,162.86,106.86,18.77,10.92,209.86,4.148,0.323,23.49,1,103.9,1.1,0,normal
2026-01-07 21:00:00,CMP-01,161.83,108.36,17.8,11.8,213.2,4.376,0.39,21.92,0,105.45,0.45,0,normal
2026-01-07 22:00:00,CMP-01,167.32,109.18,18.06,12.4,202.38,4.12,0.411,21.71,0,103.69,1.31,0,normal
2026-01-07 23:00:00,CMP-01,166.96,108.96,17.86,11.89,211.23,4.225,0.369,21.53,1,106.54,1.54,0,normal
2026-01-08 00:00:00,CMP-01,168.13,106.25,18.37,12.56,206.03,4.295,0.415,22.56,0,104.63,0.37,0,normal
2026-01-08 01:00:00,CMP-01,167.65,109.04,18.66,11.78,204.83,4.018,0.318,20.92,0,104.11,0.89,0,normal
2026-01-08 02:00:00,CMP-01,170.82,109.95,18.19,12.0,209.78,4.28,0.395,22.5,0,103.66,1.34,0,normal
2026-01-08 03:00:00,CMP-01,170.03,109.97,17.46,11.77,208.21,4.195,0.363,22.16,0,104.6,0.4,0,normal
2026-01-08 04:00:00,CMP-01,171.74,112.04,17.38,12.21,212.1,4.199,0.301,21.67,1,106.13,1.13,0,normal
2026-01-08 05:00:00,CMP-01,171.01,113.88,19.33,13.14,214.17,4.114,0.346,21.4,0,106.12,1.12,0,normal
2026-01-08 06:00:00,CMP-01,171.81,112.52,17.78,12.22,200.46,4.227,0.323,22.7,0,102.75,2.25,0,normal
2026-01-08 07:00:00,CMP-01,177.4,112.39,17.77,12.12,209.47,4.111,0.322,23.23,0,106.75,1.75,0,normal
2026-01-08 08:00:00,CMP-01,175.09,116.83,19.17,11.63,217.6,4.123,0.354,21.7,0,105.35,0.35,0,normal
2026-01-08 09:00:00,CMP-01,177.53,114.51,18.87,11.55,213.23,4.164,0.402,22.35,1,104.08,0.92,0,normal
2026-01-08 10:00:00,CMP-01,177.94,114.22,18.43,12.88,215.55,4.102,0.334,23.16,0,105.61,0.61,0,normal
2026-01-08 11:00:00,CMP-01,178.21,116.64,17.68,11.33,210.17,4.326,0.356,21.59,0,104.32,0.68,0,normal
2026-01-08 12:00:00,CMP-01,179.09,117.51,19.88,11.45,204.02,4.094,0.277,21.83,1,103.88,1.12,0,normal
2026-01-08 13:00:00,CMP-01,182.13,116.8,18.31,11.94,205.26,4.14,0.355,21.19,0,103.92,1.08,0,normal
2026-01-08 14:00:00,CMP-01,181.46,119.25,18.44,11.74,212.61,4.175,0.407,21.9,0,105.12,0.12,0,normal
2026-01-08 15:00:00,CMP-01,182.73,118.37,17.86,13.17,213.6,4.2,0.39,21.95,0,104.73,0.27,0,normal
2026-01-08 16:00:00,CMP-01,184.04,118.49,16.87,10.58,206.84,4.263,0.373,21.72,0,102.81,2.19,0,normal
2026-01-08 17:00:00,CMP-01,187.12,120.46,16.93,12.22,208.69,4.265,0.323,21.51,0,105.51,0.51,0,normal
2026-01-08 18:00:00,CMP-01,187.22,121.82,18.33,12.43,210.81,4.176,0.301,20.95,0,104.49,0.51,0,normal
2026-01-08 19:00:00,CMP-01,187.69,120.79,18.31,11.33,202.76,4.169,0.345,21.11,0,105.8,0.8,0,normal
2026-01-08 20:00:00,CMP-01,186.99,122.6,17.81,11.61,208.36,4.203,0.283,21.35,0,105.49,0.49,0,normal
2026-01-08 21:00:00,CMP-01,186.51,122.74,17.06,12.26,216.24,4.266,0.288,22.43,0,106.22,1.22,0,normal
2026-01-08 22:00:00,CMP-01,191.71,126.89,16.85,12.98,218.51,4.256,0.396,21.66,0,105.9,0.9,0,normal
2026-01-08 23:00:00,CMP-01,192.74,123.3,17.74,11.45,209.33,4.159,0.304,21.43,0,106.44,1.44,0,normal
2026-01-09 00:00:00,CMP-01,191.75,126.46,16.84,11.05,217.09,4.035,0.438,22.44,0,105.21,0.21,0,normal
2026-01-09 01:00:00,CMP-01,193.98,125.39,18.72,12.58,207.66,4.371,0.279,22.37,0,103.7,1.3,0,normal
2026-01-09 02:00:00,CMP-01,195.41,125.95,18.92,12.91,206.52,4.276,0.371,21.5,1,105.13,0.13,0,normal
2026-01-09 03:00:00,CMP-01,196.5,127.62,20.26,11.8,200.81,4.221,0.291,21.58,0,101.18,3.82,0,normal
2026-01-09 04:00:00,CMP-01,197.66,128.47,18.7,10.67,213.59,4.227,0.358,22.44,0,104.88,0.12,0,normal
2026-01-09 05:00:00,CMP-01,196.18,129.57,17.53,12.87,208.27,4.158,0.298,22.24,0,105.12,0.12,0,normal
2026-01-09 06:00:00,CMP-01,200.73,129.09,17.3,11.88,219.12,4.12,0.351,21.44,1,105.27,0.27,0,normal
2026-01-09 07:00:00,CMP-01,196.76,128.63,15.24,12.67,211.09,4.173,0.342,22.16,0,106.53,1.53,0,normal
2026-01-09 08:00:00,CMP-01,201.55,129.35,17.52,11.97,210.52,4.182,0.327,21.98,0,105.85,0.85,0,normal
2026-01-09 09:00:00,CMP-01,201.89,131.26,17.86,11.77,202.54,4.15,0.375,22.74,0,104.54,0.46,0,normal
2026-01-09 10:00:00,CMP-01,203.57,132.0,18.77,11.73,215.77,4.083,0.424,21.42,0,105.02,0.02,0,normal
2026-01-09 11:00:00,CMP-01,206.38,133.63,18.49,12.88,208.32,4.175,0.32,22.59,0,106.12,1.12,0,normal
2026-01-09 12:00:00,CMP-01,206.67,133.1,18.47,12.86,209.12,4.246,0.393,22.29,0,104.17,0.83,0,normal
2026-01-09 13:00:00,CMP-01,202.94,134.52,18.17,10.72,200.94,4.16,0.354,21.33,0,103.81,1.19,0,normal
2026-01-09 14:00:00,CMP-01,202.96,135.72,18.53,11.44,213.47,4.202,0.348,22.7,0,106.14,1.14,0,normal
2026-01-09 15:00:00,CMP-01,208.47,134.75,19.16,13.07,213.72,4.034,0.458,22.61,1,105.99,0.99,0,normal
2026-01-09 16:00:00,CMP-01,206.17,133.42,17.15,11.78,207.35,4.183,0.242,21.12,0,107.11,2.11,0,normal
2026-01-09 17:00:00,CMP-01,208.98,134.43,17.63,11.18,210.14,4.19,0.316,23.32,0,104.78,0.22,0,normal
2026-01-09 18:00:00,CMP-01,211.51,134.77,16.89,12.0,211.34,4.102,0.26,21.24,0,102.98,2.02,0,normal
2026-01-09 19:00:00,CMP-01,208.04,139.06,19.29,11.93,213.62,4.062,0.334,21.39,0,106.05,1.05,0,normal
2026-01-09 20:00:00,CMP-01,208.2,136.78,19.04,11.94,210.19,4.233,0.338,21.78,0,106.45,1.45,0,normal
2026-01-09 21:00:00,CMP-01,213.47,139.93,18.6,11.71,216.66,4.135,0.538,22.51,0,105.35,0.35,0,normal
2026-01-09 22:00:00,CMP-01,214.08,139.8,17.04,11.81,208.8,4.239,0.367,22.39,0,106.68,1.68,0,normal
2026-01-09 23:00:00,CMP-01,214.56,141.81,18.14,11.73,207.35,4.166,0.438,21.94,0,106.82,1.82,0,normal
2026-01-10 00:00:00,CMP-01,216.07,141.6,17.81,12.2,207.91,4.25,0.414,22.91,0,104.08,0.92,0,normal
2026-01-10 01:00:00,CMP-01,215.45,140.93,18.06,11.51,199.62,4.173,0.328,22.27,0,103.63,1.37,0,normal
2026-01-10 02:00:00,CMP-01,215.28,141.46,17.85,11.83,206.55,4.079,0.373,22.93,0,103.31,1.69,0,normal
2026-01-10 03:00:00,CMP-01,218.7,142.45,18.42,11.91,213.8,4.193,0.432,23.89,0,105.93,0.93,0,normal
2026-01-10 04:00:00,CMP-01,218.25,143.21,17.68,12.78,210.84,4.174,0.358,22.13,0,105.89,0.89,0,normal
2026-01-10 05:00:00,CMP-01,218.04,143.01,18.68,12.22,206.5,4.253,0.36,20.28,1,105.42,0.42,0,normal
2026-01-10 06:00:00,CMP-01,222.91,144.26,18.19,11.93,211.18,4.164,0.374,21.7,0,103.7,1.3,0,normal
2026-01-10 07:00:00,CMP-01,222.89,146.88,17.77,12.32,201.7,4.169,0.275,21.28,0,103.48,1.52,0,normal
2026-01-10 08:00:00,CMP-01,224.73,143.56,17.91,12.24,208.64,4.269,0.309,22.06,2,103.27,1.73,0,normal
2026-01-10 09:00:00,CMP-01,223.22,146.56,17.65,12.65,211.88,4.293,0.366,22.07,0,103.33,1.67,0,normal
2026-01-10 10:00:00,CMP-01,224.82,145.81,18.65,12.3,212.57,4.261,0.376,21.18,0,103.68,1.32,0,normal
2026-01-10 11:00:00,CMP-01,225.2,147.77,17.78,13.08,206.68,4.283,0.304,21.23,0,102.94,2.06,0,normal
2026-01-10 12:00:00,CMP-01,226.4,149.21,18.24,12.81,213.43,4.236,0.333,21.82,0,105.07,0.07,0,normal
2026-01-10 13:00:00,CMP-01,229.35,148.78,17.69,11.98,217.26,4.262,0.343,21.87,0,106.07,1.07,0,normal
2026-01-10 14:00:00,CMP-01,228.59,150.43,16.81,11.75,208.08,4.27,0.342,20.25,0,105.56,0.56,0,normal
2026-01-10 15:00:00,CMP-01,231.64,148.24,18.76,12.55,212.57,4.232,0.388,22.67,0,105.1,0.14,0,normal
2026-01-10 16:00:00,CMP-01,232.61,152.13,17.21,12.35,203.28,4.205,0.362,22.05,0,103.57,1.5,0,normal
2026-01-10 17:00:00,CMP-01,236.65,150.73,18.7,12.04,201.23,4.211,0.375,22.07,0,103.94,1.22,0,normal
2026-01-10 18:00:00,CMP-01,231.49,152.85,18.37,11.14,212.08,4.392,0.283,22.22,0,105.74,0.77,0,normal
2026-01-10 19:00:00,CMP-01,236.6,152.97,16.83,11.0,209.26,4.201,0.315,21.39,1,104.26,0.9,0,normal
2026-01-10 20:00:00,CMP-01,235.84,150.3,17.38,12.29,209.97,4.181,0.381,22.03,0,104.75,0.39,0,normal
2026-01-10 21:00:00,CMP-01,236.97,153.14,17.75,12.57,206.72,4.171,0.289,22.78,0,104.02,1.14,0,normal
2026-01-10 22:00:00,CMP-01,235.39,154.96,17.47,12.56,208.04,4.197,0.377,22.79,0,103.97,1.16,0,normal
2026-01-10 23:00:00,CMP-01,238.17,157.21,17.25,11.35,212.17,4.22,0.338,22.41,0,104.78,0.41,0,normal
2026-01-11 00:00:00,CMP-01,241.34,156.34,18.86,12.79,215.46,4.11,0.339,21.94,0,103.57,1.69,0,normal
2026-01-11 01:00:00,CMP-01,240.85,156.96,18.06,11.84,207.77,4.042,0.41,21.57,0,105.44,0.7,0,normal
2026-01-11 02:00:00,CMP-01,242.15,155.6,18.59,12.41,201.9,4.224,0.348,23.04,0,101.94,3.35,0,normal
2026-01-11 03:00:00,CMP-01,242.48,159.67,17.95,12.43,213.57,4.072,0.34,22.5,0,105.15,0.44,0,normal
2026-01-11 04:00:00,CMP-01,246.08,160.77,18.62,11.75,210.5,4.221,0.358,21.9,0,102.65,2.73,0,normal
2026-01-11 05:00:00,CMP-01,244.96,159.28,17.75,11.87,210.94,4.211,0.392,20.7,0,106.0,1.35,0,normal
2026-01-11 06:00:00,CMP-01,242.04,159.64,18.26,10.93,209.25,4.292,0.517,21.55,0,105.29,0.57,0,normal
2026-01-11 07:00:00,CMP-01,245.75,158.61,18.84,11.68,217.42,4.334,0.286,20.88,0,103.84,1.53,0,normal
2026-01-11 08:00:00,CMP-01,244.46,162.26,18.38,11.13,208.57,4.229,0.386,23.02,0,103.61,1.73,0,normal
2026-01-11 09:00:00,CMP-01,243.15,165.09,17.94,12.46,210.46,4.156,0.372,22.28,0,103.06,2.25,0,normal
2026-01-11 10:00:00,CMP-01,249.05,163.36,17.58,12.32,200.36,4.106,0.447,21.72,0,103.16,2.29,0,normal
2026-01-11 11:00:00,CMP-01,253.4,164.67,18.68,12.89,205.0,4.137,0.393,22.09,0,103.83,1.72,0,normal
2026-01-11 12:00:00,CMP-01,252.08,164.45,18.8,12.54,204.71,4.203,0.285,24.03,0,106.3,1.82,0,normal
2026-01-11 13:00:00,CMP-01,250.89,163.27,18.28,11.93,207.46,4.034,0.47,23.07,0,102.14,3.35,0,normal
2026-01-11 14:00:00,CMP-01,252.31,166.7,17.91,12.54,208.83,4.206,0.354,21.35,0,105.13,0.66,0,normal
2026-01-11 15:00:00,CMP-01,257.04,164.27,19.07,12.16,203.93,4.199,0.418,22.23,0,102.42,3.21,0,normal
2026-01-11 16:00:00,CMP-01,256.28,166.15,20.6,12.75,213.94,4.252,0.351,21.47,0,104.24,1.38,0,normal
2026-01-11 17:00:00,CMP-01,257.09,167.38,18.4,12.59,202.66,4.173,0.366,21.14,2,103.97,1.66,0,normal
2026-01-11 18:00:00,CMP-01,257.9,168.76,18.93,11.82,205.04,4.208,0.398,22.45,0,103.74,1.92,0,normal
2026-01-11 19:00:00,CMP-01,259.07,168.85,18.99,12.43,207.67,4.141,0.468,23.99,0,103.75,1.93,0,normal
2026-01-11 20:00:00,CMP-01,261.45,169.46,16.69,12.5,201.46,4.163,0.474,23.44,0,102.43,3.31,0,normal
2026-01-11 21:00:00,CMP-01,261.99,168.74,18.85,12.29,208.69,4.058,0.404,22.41,0,103.19,2.56,0,normal
2026-01-11 22:00:00,CMP-01,262.39,168.75,18.2,13.01,208.9,4.21,0.46,22.12,0,103.37,2.39,0,normal
2026-01-11 23:00:00,CMP-01,261.12,171.02,19.84,13.49,205.33,4.324,0.413,22.5,0,104.34,1.4,0,normal
2026-01-12 00:00:00,CMP-01,264.92,170.75,18.62,12.29,213.74,4.213,0.447,23.12,0,101.79,4.03,0,normal
2026-01-12 01:00:00,CMP-01,263.77,170.68,18.17,12.29,206.55,4.229,0.446,21.4,0,102.38,3.42,0,normal
2026-01-12 02:00:00,CMP-01,267.97,171.38,18.72,11.21,206.9,4.121,0.48,21.16,0,101.33,4.56,0,normal
2026-01-12 03:00:00,CMP-01,264.71,172.96,18.95,12.43,202.28,4.315,0.41,23.7,0,101.45,4.36,0,normal
2026-01-12 04:00:00,CMP-01,267.75,171.98,18.44,12.29,199.1,4.139,0.442,22.64,0,101.23,4.66,0,normal
2026-01-12 05:00:00,CMP-01,268.99,173.23,18.88,11.28,203.14,4.264,0.463,23.56,1,103.63,2.29,0,normal
2026-01-12 06:00:00,CMP-01,267.62,173.54,17.8,12.73,204.53,4.209,0.453,22.61,0,105.0,0.89,0,normal
2026-01-12 07:00:00,CMP-01,274.1,176.37,18.86,13.0,203.3,4.123,0.426,23.53,0,103.66,2.37,0,normal
2026-01-12 08:00:00,CMP-01,274.63,177.29,19.67,12.22,208.15,4.282,0.552,22.1,1,101.15,4.9,0,normal
2026-01-12 09:00:00,CMP-01,272.17,179.86,20.57,12.4,195.78,4.201,0.437,22.84,0,101.71,4.28,0,normal
2026-01-12 10:00:00,CMP-01,275.39,176.3,19.63,12.09,200.45,4.214,0.506,23.6,2,100.55,5.52,0,normal
2026-01-12 11:00:00,CMP-01,275.68,177.93,19.29,13.13,197.65,4.236,0.48,23.24,0,102.1,3.98,0,normal
2026-01-12 12:00:00,CMP-01,271.3,180.5,19.92,11.7,210.79,4.198,0.519,22.17,0,104.32,1.66,0,normal
2026-01-12 13:00:00,CMP-01,277.45,179.79,19.93,12.51,202.51,4.17,0.366,23.18,0,102.55,3.56,0,normal
2026-01-12 14:00:00,CMP-01,277.89,180.31,20.46,13.87,202.66,4.237,0.577,22.1,0,102.86,3.26,0,normal
2026-01-12 15:00:00,CMP-01,279.15,183.4,20.02,12.75,200.18,4.168,0.468,21.59,0,101.45,4.71,0,normal
2026-01-12 16:00:00,CMP-01,278.06,181.59,19.04,12.99,208.31,4.205,0.415,22.93,0,100.09,6.04,0,normal
2026-01-12 17:00:00,CMP-01,280.52,181.26,19.4,12.65,202.8,4.147,0.489,23.56,0,99.51,6.68,0,normal
2026-01-12 18:00:00,CMP-01,281.68,181.72,19.36,12.06,205.21,4.081,0.598,23.2,0,101.77,4.45,0,normal
2026-01-12 19:00:00,CMP-01,285.14,184.35,19.54,12.79,195.81,4.146,0.52,21.78,1,101.6,4.7,0,normal
2026-01-12 20:00:00,CMP-01,284.6,184.97,19.45,13.05,208.7,4.16,0.432,23.24,0,103.44,2.84,0,normal
2026-01-12 21:00:00,CMP-01,284.99,183.6,18.67,12.2,205.56,4.201,0.471,23.12,1,101.34,4.95,0,normal
2026-01-12 22:00:00,CMP-01,288.75,184.72,17.7,13.07,205.79,4.295,0.57,22.37,1,101.64,4.75,0,normal
2026-01-12 23:00:00,CMP-01,286.0,187.19,18.78,13.57,208.82,4.065,0.427,20.94,1,102.23,4.09,0,normal
2026-01-13 00:00:00,CMP-01,287.3,187.89,17.73,13.48,202.96,4.21,0.491,23.38,0,102.6,3.74,0,normal
2026-01-13 01:00:00,CMP-01,285.73,187.08,19.37,11.87,203.23,4.023,0.481,23.27,0,101.43,4.88,0,normal
2026-01-13 02:00:00,CMP-01,292.82,189.25,19.48,12.34,206.02,4.116,0.622,23.08,0,100.12,6.36,0,normal
2026-01-13 03:00:00,CMP-01,292.74,189.84,18.14,11.95,204.87,4.159,0.5,21.54,0,102.49,3.98,0,normal
2026-01-13 04:00:00,CMP-01,293.65,187.66,20.05,13.58,202.08,4.02,0.582,21.72,0,101.46,5.04,0,normal
2026-01-13 05:00:00,CMP-01,294.2,190.08,20.2,13.31,203.18,4.051,0.485,23.46,0,101.49,5.02,0,normal
2026-01-13 06:00:00,CMP-01,294.2,191.6,19.59,13.37,200.98,4.212,0.479,23.31,0,99.44,7.07,0,normal
2026-01-13 07:00:00,CMP-01,295.39,191.06,20.87,12.43,205.74,4.206,0.571,23.11,0,101.19,5.35,0,normal
2026-01-13 08:00:00,CMP-01,295.55,189.83,21.04,12.26,206.6,4.191,0.553,22.6,3,99.31,7.23,0,normal
2026-01-13 09:00:00,CMP-01,296.63,192.71,18.6,13.03,202.77,4.136,0.439,23.06,0,98.63,7.94,0,normal
2026-01-13 10:00:00,CMP-01,298.1,194.6,20.43,13.06,210.12,4.372,0.561,22.42,0,101.14,5.47,0,normal
2026-01-13 11:00:00,CMP-01,301.72,196.25,20.04,12.54,196.05,4.187,0.57,22.63,0,99.59,7.09,0,normal
2026-01-13 12:00:00,CMP-01,301.0,192.37,20.01,13.13,201.35,4.131,0.506,22.23,1,101.19,5.48,0,normal
2026-01-13 13:00:00,CMP-01,300.89,198.79,20.42,13.43,209.15,4.334,0.547,23.01,0,102.81,3.86,0,normal
2026-01-13 14:00:00,CMP-01,300.96,194.95,19.09,13.18,200.6,4.249,0.55,22.54,1,100.45,6.22,0,normal
2026-01-13 15:00:00,CMP-01,301.86,198.1,19.22,12.43,195.79,4.17,0.515,23.51,0,102.08,4.61,0,normal
2026-01-13 16:00:00,CMP-01,306.88,199.08,19.15,11.86,207.26,4.295,0.523,23.41,0,100.05,6.76,0,normal
2026-01-13 17:00:00,CMP-01,305.91,199.43,19.18,12.96,203.96,4.213,0.516,22.33,0,101.36,5.43,0,normal
2026-01-13 18:00:00,CMP-01,306.12,199.08,19.71,13.22,196.96,4.251,0.536,24.17,1,98.49,8.3,0,normal
2026-01-13 19:00:00,CMP-01,306.38,198.16,18.64,12.97,204.83,4.219,0.485,22.12,1,100.69,6.11,0,normal
2026-01-13 20:00:00,CMP-01,306.0,200.95,18.95,12.86,197.66,4.118,0.547,23.21,0,99.63,7.16,0,normal
2026-01-13 21:00:00,CMP-01,308.88,199.99,20.32,12.75,196.08,4.278,0.483,23.68,0,99.47,7.38,0,normal
2026-01-13 22:00:00,CMP-01,311.57,198.47,19.86,13.63,200.56,4.213,0.568,23.85,0,100.59,6.33,0,normal
2026-01-13 23:00:00,CMP-01,310.29,205.54,20.2,13.15,199.38,4.119,0.557,21.41,0,97.77,9.12,0,normal
2026-01-14 00:00:00,CMP-01,311.59,203.65,18.41,13.27,196.77,4.139,0.513,23.66,2,99.75,7.17,0,normal
2026-01-14 01:00:00,CMP-01,312.6,205.63,19.32,12.63,199.6,4.276,0.609,23.82,0,98.88,8.07,0,normal
2026-01-14 02:00:00,CMP-01,314.2,203.01,19.54,12.87,196.87,4.17,0.667,23.99,0,99.62,7.36,0,normal
2026-01-14 03:00:00,CMP-01,312.13,206.51,19.96,13.31,201.35,4.204,0.632,21.41,1,100.4,6.53,0,normal
2026-01-14 04:00:00,CMP-01,315.58,207.31,19.54,12.66,200.66,4.252,0.507,22.53,1,99.3,7.71,0,normal
2026-01-14 05:00:00,CMP-01,315.46,207.92,20.76,12.5,203.75,4.21,0.638,22.94,1,99.55,7.46,0,normal
2026-01-14 06:00:00,CMP-01,319.59,206.67,20.06,13.12,198.5,4.078,0.596,22.74,0,98.03,9.07,0,normal
2026-01-14 07:00:00,CMP-01,317.61,205.91,20.08,14.01,195.19,4.251,0.578,23.97,0,99.8,7.26,0,normal
2026-01-14 08:00:00,CMP-01,321.04,207.79,20.15,13.45,194.88,4.275,0.56,22.6,0,98.21,8.93,0,normal
2026-01-14 09:00:00,CMP-01,323.74,206.01,20.77,14.25,198.9,4.269,0.596,23.96,1,99.65,7.56,0,normal
2026-01-14 10:00:00,CMP-01,321.44,207.26,19.77,13.27,206.29,4.329,0.659,23.47,0,98.25,8.9,0,normal
2026-01-14 11:00:00,CMP-01,321.92,210.06,21.06,13.17,203.48,4.229,0.619,22.07,1,101.16,6.01,0,normal
2026-01-14 12:00:00,CMP-01,324.34,209.41,20.59,12.55,197.25,4.262,0.578,22.42,0,97.83,9.39,0,normal
2026-01-14 13:00:00,CMP-01,325.0,211.05,20.36,13.05,203.53,4.327,0.567,22.79,1,100.76,6.48,0,normal
2026-01-14 14:00:00,CMP-01,324.21,211.77,20.25,14.25,195.18,4.177,0.577,23.18,0,98.32,8.9,0,normal
2026-01-14 15:00:00,CMP-01,327.83,214.87,20.72,13.64,203.52,4.339,0.636,23.85,0,99.92,7.38,0,normal
2026-01-14 16:00:00,CMP-01,331.63,214.76,21.2,13.93,197.51,4.339,0.71,23.07,0,98.46,8.93,0,normal
2026-01-14 17:00:00,CMP-01,328.54,213.8,21.07,13.87,202.46,4.263,0.557,23.8,0,99.95,7.37,0,normal
2026-01-14 18:00:00,CMP-01,329.63,215.95,20.65,13.46,201.76,4.347,0.612,22.07,0,99.07,8.27,0,normal
2026-01-14 19:00:00,CMP-01,329.12,214.21,21.03,13.33,198.2,4.268,0.592,21.03,0,100.24,7.09,0,normal
2026-01-14 20:00:00,CMP-01,332.57,215.4,20.51,13.58,200.27,4.13,0.582,22.97,1,99.55,7.86,0,normal
2026-01-14 21:00:00,CMP-01,330.76,217.54,21.37,13.88,194.86,4.291,0.635,23.51,0,99.22,8.15,0,normal
2026-01-14 22:00:00,CMP-01,332.01,215.61,20.38,13.77,198.72,4.226,0.646,22.95,0,100.58,6.82,0,normal
2026-01-14 23:00:00,CMP-01,337.3,217.42,18.86,13.87,202.8,4.233,0.562,22.56,2,97.96,9.57,0,normal
2026-01-15 00:00:00,CMP-01,334.37,216.81,21.53,13.63,215.2,4.212,0.573,23.52,0,101.36,6.1,0,normal
2026-01-15 01:00:00,CMP-01,338.95,219.19,20.65,13.14,201.1,4.309,0.696,24.63,0,98.6,8.96,0,normal
2026-01-15 02:00:00,CMP-01,340.74,221.66,19.67,13.47,198.44,4.244,0.657,23.23,0,96.54,11.06,0,normal
2026-01-15 03:00:00,CMP-01,339.47,219.45,20.42,13.04,194.16,4.144,0.664,22.78,0,98.48,9.1,0,normal
2026-01-15 04:00:00,CMP-01,341.0,221.27,19.9,14.24,202.31,4.239,0.617,22.71,1,98.28,9.33,0,normal
2026-01-15 05:00:00,CMP-01,344.51,220.57,22.37,12.42,191.04,4.258,0.633,24.72,0,99.33,8.37,0,normal
2026-01-15 06:00:00,CMP-01,341.65,220.92,21.03,13.51,194.77,4.142,0.667,23.29,1,97.32,10.31,0,normal
2026-01-15 07:00:00,CMP-01,341.93,221.47,19.38,15.08,199.4,4.165,0.62,23.75,0,98.28,9.35,0,normal
2026-01-15 08:00:00,CMP-01,341.56,225.35,21.06,13.44,193.17,4.169,0.589,24.17,0,98.01,9.61,0,normal
2026-01-15 09:00:00,CMP-01,345.08,227.08,20.39,13.01,203.81,4.151,0.653,24.11,0,96.26,11.45,0,normal
2026-01-15 10:00:00,CMP-01,348.66,225.48,22.33,13.73,201.63,4.228,0.707,22.75,2,98.62,9.17,0,warning
2026-01-15 11:00:00,CMP-01,348.73,224.69,19.95,14.52,194.96,4.281,0.611,24.07,0,96.39,11.4,0,warning
2026-01-15 12:00:00,CMP-01,346.3,227.05,18.94,13.61,195.27,4.351,0.709,23.96,0,99.25,8.48,0,normal
2026-01-15 13:00:00,CMP-01,347.46,226.45,20.82,14.1,192.09,4.296,0.694,23.72,2,99.23,8.54,0,normal
2026-01-15 14:00:00,CMP-01,349.09,228.46,20.52,13.81,191.59,4.282,0.621,24.11,0,97.21,10.59,0,normal
2026-01-15 15:00:00,CMP-01,351.53,228.5,20.53,13.56,198.72,4.291,0.67,23.04,0,95.88,11.98,0,warning
2026-01-15 16:00:00,CMP-01,351.63,229.14,19.15,15.68,199.44,4.307,0.668,23.38,0,97.92,9.94,0,normal
2026-01-15 17:00:00,CMP-01,353.39,230.18,21.24,13.86,198.16,4.17,0.706,23.08,1,97.72,10.18,0,warning
2026-01-15 18:00:00,CMP-01,354.53,229.4,22.27,13.51,197.7,4.255,0.711,24.0,0,98.24,9.69,0,warning
2026-01-15 19:00:00,CMP-01,354.46,230.26,19.4,13.54,194.39,4.226,0.613,23.01,0,96.83,11.1,0,normal
2026-01-15 20:00:00,CMP-01,355.93,229.33,21.9,14.08,197.93,4.19,0.615,23.76,1,96.02,11.94,0,normal
2026-01-15 21:00:00,CMP-01,357.37,231.52,20.54,14.12,190.42,4.164,0.736,22.73,0,96.53,11.47,0,warning
2026-01-15 22:00:00,CMP-01,357.85,230.99,22.89,14.34,196.31,4.16,0.692,23.42,0,96.09,11.92,0,warning
2026-01-15 23:00:00,CMP-01,359.91,233.18,21.41,14.0,201.98,4.179,0.713,23.28,1,99.48,8.58,0,normal
2026-01-16 00:00:00,CMP-01,363.37,232.85,20.99,13.1,201.0,4.101,0.718,23.49,1,96.42,11.72,0,warning
2026-01-16 01:00:00,CMP-01,362.07,234.77,21.99,14.26,193.97,4.242,0.774,23.65,0,95.99,12.12,0,maintenance_needed
2026-01-16 02:00:00,CMP-01,362.1,235.84,21.53,13.76,194.49,4.198,0.638,23.43,1,96.71,11.4,0,warning
2026-01-16 03:00:00,CMP-01,359.96,234.25,20.58,13.74,201.58,4.208,0.746,23.38,0,96.05,12.01,0,warning
2026-01-16 04:00:00,CMP-01,364.7,235.62,21.74,13.09,202.73,4.227,0.664,22.14,1,96.78,11.39,0,warning
2026-01-16 05:00:00,CMP-01,361.5,236.12,20.69,13.59,189.89,4.258,0.732,24.32,1,96.28,11.82,0,maintenance_needed
2026-01-16 06:00:00,CMP-01,363.46,238.8,19.71,13.53,193.97,4.153,0.768,23.13,0,96.1,12.04,0,warning
2026-01-16 07:00:00,CMP-01,368.54,240.6,22.88,14.02,196.09,4.191,0.647,23.46,0,96.27,11.99,0,warning
2026-01-16 08:00:00,CMP-01,369.27,240.22,21.0,13.18,199.96,4.071,0.737,23.06,1,98.22,10.05,0,warning
2026-01-16 09:00:00,CMP-01,368.73,239.43,20.78,14.07,191.76,4.022,0.702,24.33,1,96.69,11.58,0,warning
2026-01-16 10:00:00,CMP-01,366.92,242.26,21.49,14.09,197.9,4.045,0.696,22.98,1,95.27,12.95,0,warning
2026-01-16 11:00:00,CMP-01,370.33,239.33,20.05,13.39,193.75,4.323,0.722,24.0,0,95.79,12.52,0,maintenance_needed
2026-01-16 12:00:00,CMP-01,370.78,243.6,20.23,13.7,204.45,4.054,0.669,24.48,0,97.94,10.37,0,warning
2026-01-16 13:00:00,CMP-01,374.15,241.66,20.99,13.61,196.28,4.238,0.682,24.85,0,95.54,12.85,0,warning
2026-01-16 14:00:00,CMP-01,378.06,239.76,21.07,14.72,193.6,4.318,0.773,24.57,0,95.94,12.54,0,maintenance_needed
2026-01-16 15:00:00,CMP-01,375.39,246.93,21.48,12.62,193.08,4.163,0.775,24.14,0,95.92,12.5,0,maintenance_needed
2026-01-16 16:00:00,CMP-01,374.6,246.29,22.3,13.92,198.75,4.33,0.703,22.86,0,97.04,11.36,0,maintenance_needed
2026-01-16 17:00:00,CMP-01,374.89,243.81,21.03,13.13,197.2,4.348,0.66,24.61,0,96.1,12.31,0,warning
2026-01-16 18:00:00,CMP-01,377.9,245.9,21.87,13.92,189.81,4.276,0.854,24.57,2,95.4,13.08,0,maintenance_needed
2026-01-16 19:00:00,CMP-01,378.68,246.09,21.98,14.69,194.95,4.39,0.796,24.34,1,94.96,13.54,0,maintenance_needed
2026-01-16 20:00:00,CMP-01,377.93,247.12,20.61,13.8,188.78,4.25,0.758,24.3,2,95.88,12.6,0,maintenance_needed
2026-01-16 21:00:00,CMP-01,381.21,245.87,21.74,14.31,190.77,4.142,0.698,23.83,0,94.41,14.15,0,warning
2026-01-16 22:00:00,CMP-01,379.93,247.48,20.77,13.7,188.75,4.242,0.716,23.41,1,97.32,11.21,0,maintenance_needed
2026-01-16 23:00:00,CMP-01,385.0,249.51,22.5,15.44,188.08,4.165,0.771,24.58,3,95.02,13.63,0,maintenance_needed
2026-01-17 00:00:00,CMP-01,385.91,249.87,22.03,14.84,190.55,4.096,0.714,24.73,0,94.94,13.73,0,maintenance_needed
2026-01-17 01:00:00,CMP-01,386.95,251.69,21.71,14.98,189.27,4.098,0.843,23.12,1,95.92,12.77,0,maintenance_needed
2026-01-17 02:00:00,CMP-01,385.15,251.0,20.58,13.48,195.51,4.385,0.766,24.47,0,95.53,13.12,0,maintenance_needed
2026-01-17 03:00:00,CMP-01,387.93,254.37,21.81,13.66,196.3,4.157,0.786,24.03,0,95.64,13.07,0,maintenance_needed
2026-01-17 04:00:00,CMP-01,387.76,251.34,21.1,14.97,192.16,4.199,0.715,24.48,0,95.16,13.55,0,maintenance_needed
2026-01-17 05:00:00,CMP-01,388.3,253.16,22.29,14.21,188.56,4.147,0.723,24.06,0,94.09,14.64,0,maintenance_needed
2026-01-17 06:00:00,CMP-01,389.39,251.2,21.65,14.19,196.17,4.212,0.731,24.66,2,94.42,14.33,0,maintenance_needed
2026-01-17 07:00:00,CMP-01,388.66,252.65,21.08,14.53,184.89,4.182,0.782,24.59,0,93.8,14.93,0,maintenance_needed
2026-01-17 08:00:00,CMP-01,389.4,256.39,22.49,13.59,185.19,4.168,0.757,24.5,1,95.85,12.9,0,maintenance_needed
2026-01-17 09:00:00,CMP-01,394.43,254.32,22.45,14.88,195.33,4.104,0.769,22.98,0,94.41,14.45,0,maintenance_needed
2026-01-17 10:00:00,CMP-01,393.66,256.74,21.38,14.42,195.13,4.088,0.797,24.51,1,94.69,14.16,0,maintenance_needed
2026-01-17 11:00:00,CMP-01,395.39,256.68,22.82,14.72,196.22,4.141,0.797,23.99,0,94.64,14.26,0,maintenance_needed
2026-01-17 12:00:00,CMP-01,397.8,256.15,21.71,14.07,191.19,4.224,0.866,23.2,0,95.4,13.55,0,maintenance_needed
2026-01-17 13:00:00,CMP-01,393.88,257.63,21.61,14.72,187.4,4.367,0.772,24.43,1,96.75,12.11,0,maintenance_needed
2026-01-17 14:00:00,CMP-01,396.59,258.08,22.02,14.03,190.14,4.285,0.739,23.02,1,93.55,15.37,0,maintenance_needed
2026-01-17 15:00:00,CMP-01,399.32,258.77,21.38,15.06,194.17,4.347,0.796,24.63,1,95.39,13.6,0,maintenance_needed
2026-01-17 16:00:00,CMP-01,400.71,260.9,21.66,15.19,188.67,4.24,0.872,25.2,0,94.39,14.63,0,maintenance_needed
2026-01-17 17:00:00,CMP-01,400.32,261.43,21.88,15.05,188.97,4.194,0.772,23.66,0,93.96,15.05,0,maintenance_needed
2026-01-17 18:00:00,CMP-01,403.85,260.61,23.31,14.87,185.81,4.095,0.811,24.7,0,94.43,14.66,0,maintenance_needed
2026-01-17 19:00:00,CMP-01,403.38,260.86,23.28,14.93,186.79,4.201,0.79,24.37,0,92.53,16.55,0,maintenance_needed
2026-01-17 20:00:00,CMP-01,401.82,262.94,21.84,12.9,195.02,4.03,0.823,24.49,1,95.64,13.4,0,maintenance_needed
2026-01-17 21:00:00,CMP-01,403.32,263.13,23.37,15.05,193.29,4.177,0.82,23.11,2,94.74,14.34,0,maintenance_needed
2026-01-17 22:00:00,CMP-01,407.45,265.13,22.14,14.45,186.37,4.332,0.778,24.52,0,92.59,16.58,0,maintenance_needed
2026-01-17 23:00:00,CMP-01,407.83,267.74,22.49,14.67,186.65,4.228,0.808,24.2,2,95.51,13.67,0,maintenance_needed
2026-01-18 00:00:00,CMP-01,404.58,266.21,22.81,14.4,189.08,4.292,0.857,24.58,0,95.04,14.07,0,maintenance_needed
2026-01-18 01:00:00,CMP-01,411.43,265.81,22.5,13.83,192.81,4.171,0.882,24.15,0,95.33,13.94,0,maintenance_needed
2026-01-18 02:00:00,CMP-01,411.08,266.29,24.19,14.34,185.95,4.091,0.873,24.91,0,91.85,17.41,0,maintenance_needed
2026-01-18 03:00:00,CMP-01,413.42,266.12,22.51,15.09,189.72,4.163,0.876,24.36,0,93.36,15.95,0,maintenance_needed
2026-01-18 04:00:00,CMP-01,411.31,266.71,21.31,15.52,182.01,4.17,0.812,24.62,0,92.57,16.69,0,maintenance_needed
2026-01-18 05:00:00,CMP-01,412.47,267.25,23.34,14.31,185.45,4.298,0.813,25.11,0,94.08,15.21,0,maintenance_needed
2026-01-18 06:00:00,CMP-01,411.97,268.63,21.95,14.13,192.24,4.36,0.876,24.28,0,95.47,13.81,0,maintenance_needed
2026-01-18 07:00:00,CMP-01,4.57,-0.51,17.76,12.87,213.43,4.143,0.291,22.71,0,103.13,1.87,1,normal
2026-01-18 08:00:00,CMP-01,0.68,1.54,15.61,11.47,205.18,4.173,0.345,22.18,0,104.64,0.36,0,normal
2026-01-18 09:00:00,CMP-01,4.86,0.82,18.8,13.24,206.71,4.19,0.257,22.38,0,104.6,0.4,0,normal
2026-01-18 10:00:00,CMP-01,1.83,1.71,18.65,12.03,213.03,4.174,0.33,21.65,0,106.37,1.37,0,normal
2026-01-18 11:00:00,CMP-01,4.29,1.14,18.64,11.47,208.25,4.102,0.314,22.56,0,104.81,0.19,0,normal
2026-01-18 12:00:00,CMP-01,1.99,5.22,18.78,12.59,207.65,4.209,0.289,22.87,0,103.38,1.62,0,normal
2026-01-18 13:00:00,CMP-01,5.31,4.51,19.35,13.02,211.91,4.231,0.377,21.96,0,104.93,0.07,0,normal
2026-01-18 14:00:00,CMP-01,8.77,6.7,17.96,11.14,210.61,4.233,0.312,22.57,0,103.88,1.12,0,normal
2026-01-18 15:00:00,CMP-01,5.75,6.16,18.75,12.94,214.29,4.105,0.33,22.32,1,104.47,0.53,0,normal
2026-01-18 16:00:00,CMP-01,10.93,7.64,17.4,11.83,213.01,4.193,0.336,21.26,0,105.29,0.29,0,normal
2026-01-18 17:00:00,CMP-01,10.61,6.2,17.72,12.89,207.51,4.063,0.312,22.26,0,104.26,0.74,0,normal
2026-01-18 18:00:00,CMP-01,9.12,8.01,18.85,11.77,209.35,4.275,0.418,22.93,0,105.26,0.26,0,normal
2026-01-18 19:00:00,CMP-01,11.1,11.05,18.31,11.05,209.58,4.121,0.324,21.69,0,103.26,1.74,0,normal
2026-01-18 20:00:00,CMP-01,12.17,6.98,16.93,12.3,204.38,4.18,0.358,20.79,0,107.16,2.16,0,normal
2026-01-18 21:00:00,CMP-01,13.91,10.51,18.29,12.56,205.91,4.166,0.284,22.16,0,106.09,1.09,0,normal
2026-01-18 22:00:00,CMP-01,14.03,11.79,17.85,13.26,213.73,4.156,0.325,21.58,0,106.11,1.11,0,normal
2026-01-18 23:00:00,CMP-01,14.51,10.91,17.35,13.03,203.45,4.117,0.332,23.33,0,103.02,1.98,0,normal
2026-01-19 00:00:00,CMP-01,16.45,11.97,18.35,12.42,213.82,4.061,0.333,21.99,0,102.88,2.12,0,normal
2026-01-19 01:00:00,CMP-01,16.15,13.24,17.68,11.86,210.97,4.341,0.32,22.02,0,104.11,0.89,0,normal
2026-01-19 02:00:00,CMP-01,16.68,11.55,16.74,11.69,209.27,4.223,0.355,21.59,0,104.68,0.32,0,normal
2026-01-19 03:00:00,CMP-01,19.91,13.5,17.11,11.82,211.99,4.224,0.425,22.2,0,107.67,2.67,0,normal
2026-01-19 04:00:00,CMP-01,22.59,12.58,19.42,11.5,211.74,4.37,0.342,21.63,0,106.61,1.61,0,normal
2026-01-19 05:00:00,CMP-01,19.25,13.47,16.79,11.84,214.68,4.194,0.342,21.4,1,104.78,0.22,0,normal
2026-01-19 06:00:00,CMP-01,23.01,14.19,18.18,10.47,208.22,4.247,0.329,21.98,0,106.22,1.22,0,normal
2026-01-19 07:00:00,CMP-01,22.83,15.42,18.49,12.11,208.91,4.204,0.473,21.47,0,106.29,1.29,0,normal
2026-01-19 08:00:00,CMP-01,23.24,16.43,18.51,11.98,208.84,4.297,0.428,22.93,0,104.92,0.08,0,normal
2026-01-19 09:00:00,CMP-01,27.54,17.46,17.02,13.54,217.39,4.243,0.376,21.22,1,106.96,1.96,0,normal
2026-01-19 10:00:00,CMP-01,26.07,15.81,17.74,12.46,213.63,4.228,0.383,21.97,0,105.66,0.66,0,normal
2026-01-19 11:00:00,CMP-01,30.7,20.63,18.11,11.71,206.12,4.182,0.314,21.55,0,103.95,1.05,0,normal
2026-01-19 12:00:00,CMP-01,27.6,20.27,18.64,12.34,208.49,4.225,0.341,21.07,0,103.56,1.44,0,normal
2026-01-19 13:00:00,CMP-01,30.7,20.39,17.48,11.26,207.0,4.296,0.359,23.17,0,104.62,0.38,0,normal
2026-01-19 14:00:00,CMP-01,30.59,19.71,17.07,11.64,209.89,4.036,0.354,20.58,0,106.11,1.11,0,normal
2026-01-19 15:00:00,CMP-01,30.64,20.69,18.8,10.88,210.69,4.192,0.306,23.02,0,103.53,1.47,0,normal
2026-01-19 16:00:00,CMP-01,34.06,22.12,18.88,12.86,219.04,4.169,0.31,21.05,0,103.91,1.09,0,normal
2026-01-19 17:00:00,CMP-01,33.72,22.61,18.3,12.36,202.51,4.179,0.374,22.09,0,105.02,0.02,0,normal
2026-01-19 18:00:00,CMP-01,36.09,20.68,17.51,11.29,213.96,4.044,0.364,23.58,0,102.26,2.74,0,normal
2026-01-19 19:00:00,CMP-01,35.91,24.31,18.33,11.96,211.59,4.261,0.245,20.56,0,107.18,2.18,0,normal
2026-01-19 20:00:00,CMP-01,35.05,27.64,18.09,12.57,207.02,4.135,0.353,21.08,0,104.27,0.73,0,normal
2026-01-19 21:00:00,CMP-01,37.82,22.43,18.67,12.3,209.24,4.184,0.411,22.93,0,105.76,0.76,0,normal
2026-01-19 22:00:00,CMP-01,39.09,26.57,17.0,12.23,207.85,4.162,0.317,22.14,0,106.92,1.92,0,normal
2026-01-19 23:00:00,CMP-01,41.73,26.45,18.09,11.49,210.04,4.069,0.36,21.65,0,103.37,1.63,0,normal
2026-01-20 00:00:00,CMP-01,39.37,26.51,17.87,11.62,213.88,4.167,0.277,22.0,1,104.13,0.87,0,normal
2026-01-20 01:00:00,CMP-01,41.93,28.99,17.11,12.06,203.75,4.055,0.389,21.36,0,107.02,2.02,0,normal
2026-01-20 02:00:00,CMP-01,39.9,26.49,18.17,12.55,215.11,4.127,0.294,22.11,0,105.09,0.09,0,normal
2026-01-20 03:00:00,CMP-01,45.17,28.8,18.03,11.5,208.35,4.177,0.287,23.05,0,104.72,0.28,0,normal
2026-01-20 04:00:00,CMP-01,43.05,31.05,17.67,11.33,215.87,4.202,0.333,21.76,0,105.73,0.73,0,normal
2026-01-20 05:00:00,CMP-01,42.75,29.66,18.32,12.69,211.5,4.207,0.465,22.12,0,106.31,1.31,0,normal
2026-01-20 06:00:00,CMP-01,46.89,30.03,16.86,11.44,214.8,4.192,0.318,22.85,0,106.87,1.87,0,normal
2026-01-20 07:00:00,CMP-01,49.99,31.34,17.96,12.65,212.12,4.374,0.287,23.39,1,105.29,0.29,0,normal
2026-01-20 08:00:00,CMP-01,46.26,31.3,18.35,12.15,214.2,4.237,0.371,21.62,0,104.96,0.04,0,normal
2026-01-20 09:00:00,CMP-01,48.04,34.41,18.23,12.53,210.08,4.105,0.36,22.23,0,104.97,0.03,0,normal
2026-01-20 10:00:00,CMP-01,49.66,32.03,18.86,13.05,206.52,4.154,0.43,21.64,0,105.06,0.06,0,normal
2026-01-20 11:00:00,CMP-01,49.97,34.88,17.04,12.41,212.55,4.15,0.286,21.58,0,106.68,1.68,0,normal
2026-01-20 12:00:00,CMP-01,53.68,32.91,16.79,12.47,212.71,4.188,0.27,21.75,0,105.37,0.37,0,normal
2026-01-20 13:00:00,CMP-01,52.55,35.93,18.19,11.45,218.28,4.154,0.333,21.59,0,107.71,2.71,0,normal
2026-01-20 14:00:00,CMP-01,53.7,35.62,18.36,11.58,201.82,4.134,0.367,20.84,0,103.38,1.62,0,normal
2026-01-20 15:00:00,CMP-01,57.05,33.21,19.7,12.39,209.07,4.335,0.366,20.66,0,105.52,0.52,0,normal
2026-01-20 16:00:00,CMP-01,55.64,37.04,18.49,12.92,214.12,4.206,0.402,21.52,0,107.3,2.3,0,normal
2026-01-20 17:00:00,CMP-01,58.78,36.38,17.3,12.84,204.83,4.176,0.275,22.12,0,106.04,1.04,0,normal
2026-01-20 18:00:00,CMP-01,57.25,37.8,18.64,13.39,208.95,4.182,0.308,22.86,1,105.29,0.29,0,normal
2026-01-20 19:00:00,CMP-01,57.82,40.9,17.32,12.19,218.35,4.185,0.342,21.66,0,104.68,0.32,0,normal
2026-01-20 20:00:00,CMP-01,57.7,38.27,16.81,12.12,215.54,4.314,0.39,21.91,0,104.64,0.36,0,normal
2026-01-20 21:00:00,CMP-01,65.35,38.99,20.09,12.6,206.34,4.241,0.372,22.48,0,104.53,0.47,0,normal
2026-01-20 22:00:00,CMP-01,62.42,42.73,18.26,12.01,215.59,4.293,0.328,22.53,0,105.8,0.8,0,normal
2026-01-20 23:00:00,CMP-01,64.44,41.74,18.57,11.96,214.62,3.953,0.298,21.95,0,105.09,0.09,0,normal
2026-01-21 00:00:00,CMP-01,64.94,44.15,18.45,11.37,212.99,4.229,0.392,21.99,0,103.6,1.4,0,normal
2026-01-21 01:00:00,CMP-01,66.29,43.3,19.45,12.59,211.4,4.287,0.395,23.31,0,104.28,0.72,0,normal
2026-01-21 02:00:00,CMP-01,67.09,42.46,18.23,11.36,210.83,4.361,0.482,21.8,0,105.65,0.65,0,normal
2026-01-21 03:00:00,CMP-01,71.43,44.12,18.97,12.31,206.39,4.205,0.34,21.69,0,105.65,0.65,0,normal
2026-01-21 04:00:00,CMP-01,67.13,46.37,17.18,11.15,207.8,4.065,0.428,20.91,0,103.25,1.75,0,normal
2026-01-21 05:00:00,CMP-01,67.2,46.66,16.89,12.66,212.81,4.25,0.289,22.32,0,104.82,0.18,0,normal
2026-01-21 06:00:00,CMP-01,69.18,46.15,19.14,11.38,210.44,4.155,0.322,21.84,1,103.15,1.85,0,normal
2026-01-21 07:00:00,CMP-01,69.6,46.86,19.18,12.51,217.29,4.059,0.315,23.33,0,104.95,0.05,0,normal
2026-01-21 08:00:00,CMP-01,74.34,47.31,18.41,11.05,208.54,4.153,0.326,21.8,0,108.87,3.87,0,normal
2026-01-21 09:00:00,CMP-01,75.48,47.39,18.18,11.74,200.26,4.287,0.306,22.58,0,104.29,0.71,0,normal
2026-01-21 10:00:00,CMP-01,73.27,51.13,18.13,12.71,208.54,4.299,0.322,22.66,0,104.49,0.51,0,normal
2026-01-21 11:00:00,CMP-01,73.5,49.41,17.45,11.52,210.99,4.261,0.346,23.15,0,104.42,0.58,0,normal
2026-01-21 12:00:00,CMP-01,76.36,48.65,19.23,12.04,211.41,4.119,0.326,21.13,0,103.75,1.25,0,normal
2026-01-21 13:00:00,CMP-01,80.5,50.11,18.53,11.71,210.15,4.404,0.381,23.1,0,102.92,2.08,0,normal
2026-01-21 14:00:00,CMP-01,73.92,52.25,18.4,10.61,206.59,4.109,0.344,22.03,0,104.68,0.32,0,normal
2026-01-21 15:00:00,CMP-01,80.95,52.79,18.3,12.18,215.87,4.197,0.348,21.95,0,105.16,0.16,0,normal
2026-01-21 16:00:00,CMP-01,79.06,52.48,18.84,12.26,207.22,4.087,0.421,21.81,0,106.44,1.44,0,normal
2026-01-21 17:00:00,CMP-01,83.87,52.48,18.4,11.34,212.73,4.308,0.364,21.75,0,103.38,1.62,0,normal
2026-01-21 18:00:00,CMP-01,81.06,53.98,18.6,12.34,208.74,4.239,0.356,21.79,0,105.39,0.39,0,normal
2026-01-21 19:00:00,CMP-01,83.49,52.54,17.06,11.52,205.09,4.274,0.348,20.43,0,106.12,1.12,0,normal
2026-01-21 20:00:00,CMP-01,82.29,53.64,18.41,11.4,215.55,4.21,0.352,22.37,0,103.24,1.76,0,normal
2026-01-21 21:00:00,CMP-01,84.24,56.89,19.75,12.0,199.84,4.198,0.377,22.07,0,104.93,0.07,0,normal
2026-01-21 22:00:00,CMP-01,89.49,55.96,17.59,11.59,206.48,4.217,0.309,21.37,0,102.91,2.09,0,normal
2026-01-21 23:00:00,CMP-01,89.48,57.66,17.9,13.38,211.63,4.052,0.405,21.98,0,105.72,0.72,0,normal
2026-01-22 00:00:00,CMP-01,88.28,59.35,18.71,11.07,208.47,4.283,0.426,23.6,0,106.54,1.54,0,normal
2026-01-22 01:00:00,CMP-01,88.43,59.3,18.77,12.44,212.9,4.276,0.405,22.28,0,105.23,0.23,0,normal
2026-01-22 02:00:00,CMP-01,87.59,59.18,18.5,12.59,209.5,4.172,0.324,21.76,0,105.28,0.28,0,normal
2026-01-22 03:00:00,CMP-01,91.29,62.43,16.71,10.81,208.09,4.202,0.271,23.2,0,104.07,0.93,0,normal
2026-01-22 04:00:00,CMP-01,92.94,61.27,18.4,10.96,218.55,4.227,0.327,21.48,0,106.01,1.01,0,normal
2026-01-22 05:00:00,CMP-01,93.85,60.66,17.05,12.34,209.02,4.329,0.356,21.92,0,106.2,1.2,0,normal
2026-01-22 06:00:00,CMP-01,94.83,62.65,17.34,11.71,209.27,4.238,0.389,21.65,0,104.74,0.26,0,normal
2026-01-22 07:00:00,CMP-01,93.98,62.9,18.44,12.23,205.57,4.207,0.34,21.86,0,104.49,0.51,0,normal
2026-01-22 08:00:00,CMP-01,96.88,61.99,17.76,12.68,206.91,4.163,0.334,22.52,0,105.19,0.19,0,normal
2026-01-22 09:00:00,CMP-01,97.93,63.79,18.65,11.78,212.51,4.083,0.423,22.42,0,106.13,1.13,0,normal
2026-01-22 10:00:00,CMP-01,101.32,64.15,20.52,11.36,212.17,4.156,0.316,21.52,1,103.33,1.67,0,normal
2026-01-22 11:00:00,CMP-01,103.36,62.57,18.62,10.36,209.92,4.209,0.401,21.94,0,105.06,0.06,0,normal
2026-01-22 12:00:00,CMP-01,100.75,65.44,18.58,12.12,207.11,4.183,0.393,22.08,0,104.0,1.0,0,normal
2026-01-22 13:00:00,CMP-01,100.62,65.95,17.28,11.44,212.66,4.209,0.283,21.74,0,105.77,0.77,0,normal
2026-01-22 14:00:00,CMP-01,102.88,66.41,17.49,12.19,203.1,4.263,0.362,22.0,0,105.61,0.61,0,normal
2026-01-22 15:00:00,CMP-01,102.91,65.57,17.15,12.14,208.55,4.238,0.321,21.53,0,105.24,0.24,0,normal
2026-01-22 16:00:00,CMP-01,103.66,67.81,17.57,11.17,208.91,4.226,0.302,21.52,0,106.37,1.37,0,normal
2026-01-22 17:00:00,CMP-01,105.89,68.85,17.13,13.03,206.54,4.256,0.258,22.05,0,103.61,1.39,0,normal
2026-01-22 18:00:00,CMP-01,105.12,69.68,17.47,12.65,210.53,4.218,0.272,21.32,1,104.58,0.42,0,normal
2026-01-22 19:00:00,CMP-01,109.09,68.8,17.83,12.51,207.25,4.201,0.369,22.31,1,103.67,1.33,0,normal
2026-01-22 20:00:00,CMP-01,108.81,71.63,17.2,11.29,206.71,4.241,0.33,21.89,0,104.8,0.2,0,normal
2026-01-22 21:00:00,CMP-01,110.45,70.0,16.86,11.76,217.14,4.065,0.362,21.39,0,105.68,0.68,0,normal
2026-01-22 22:00:00,CMP-01,110.67,71.87,16.91,11.67,212.9,4.304,0.296,21.6,0,105.01,0.01,0,normal
2026-01-22 23:00:00,CMP-01,110.69,74.41,18.36,11.75,214.74,4.101,0.333,21.7,0,104.02,0.98,0,normal
2026-01-23 00:00:00,CMP-01,111.29,72.6,18.05,11.33,210.14,4.271,0.335,21.91,0,104.93,0.07,0,normal
2026-01-23 01:00:00,CMP-01,113.57,73.47,18.82,12.26,213.8,4.205,0.273,22.1,0,104.81,0.19,0,normal
2026-01-23 02:00:00,CMP-01,114.01,76.07,18.84,12.14,213.07,4.292,0.267,21.88,0,105.93,0.93,0,normal
2026-01-23 03:00:00,CMP-01,116.42,74.93,17.73,12.22,214.8,4.207,0.37,21.43,0,105.08,0.08,0,normal
2026-01-23 04:00:00,CMP-01,116.99,75.68,18.54,11.7,219.42,4.128,0.356,23.0,0,107.06,2.06,0,normal
2026-01-23 05:00:00,CMP-01,115.55,76.97,16.85,12.77,209.04,4.29,0.303,22.64,0,105.18,0.18,0,normal
2026-01-23 06:00:00,CMP-01,119.12,78.64,19.83,12.11,210.99,4.219,0.344,22.1,0,102.99,2.01,0,normal
2026-01-23 07:00:00,CMP-01,117.58,75.28,18.96,10.36,209.75,4.213,0.381,22.67,0,104.79,0.21,0,normal
2026-01-23 08:00:00,CMP-01,119.89,77.63,17.83,11.62,195.89,4.21,0.438,22.24,0,102.26,2.74,0,normal
2026-01-23 09:00:00,CMP-01,121.47,78.06,17.07,11.97,204.37,4.284,0.305,21.85,0,105.64,0.64,0,normal
2026-01-23 10:00:00,CMP-01,119.26,78.61,18.3,12.58,210.04,4.269,0.379,22.08,0,106.62,1.62,0,normal
2026-01-23 11:00:00,CMP-01,124.16,79.55,16.5,11.82,212.5,4.222,0.452,23.84,0,105.17,0.17,0,normal
2026-01-23 12:00:00,CMP-01,125.27,80.22,17.38,11.85,207.66,4.08,0.352,22.7,0,105.31,0.31,0,normal
2026-01-23 13:00:00,CMP-01,125.72,82.27,18.6,11.6,214.51,4.172,0.42,22.73,0,103.74,1.26,0,normal
2026-01-23 14:00:00,CMP-01,126.24,81.46,18.06,12.4,215.11,4.213,0.222,21.75,0,102.88,2.12,0,normal
2026-01-23 15:00:00,CMP-01,127.33,83.35,17.61,11.73,208.32,4.348,0.42,22.43,1,104.24,0.76,0,normal
2026-01-23 16:00:00,CMP-01,127.24,84.34,18.76,11.64,215.67,4.235,0.348,23.56,0,105.17,0.17,0,normal
2026-01-23 17:00:00,CMP-01,129.51,83.6,17.17,11.55,216.98,4.197,0.257,22.31,0,103.86,1.14,0,normal
2026-01-23 18:00:00,CMP-01,130.01,85.31,18.23,12.33,211.84,4.3,0.387,22.75,0,105.25,0.25,0,normal
2026-01-23 19:00:00,CMP-01,132.17,87.81,17.6,11.68,206.05,4.195,0.4,22.88,1,105.04,0.04,0,normal
2026-01-23 20:00:00,CMP-01,130.83,86.85,17.32,10.99,215.86,4.202,0.408,22.46,0,106.19,1.19,0,normal
2026-01-23 21:00:00,CMP-01,134.42,86.32,18.37,12.37,209.33,4.217,0.407,23.09,0,106.69,1.69,0,normal
2026-01-23 22:00:00,CMP-01,135.26,87.67,17.21,11.58,208.48,4.084,0.347,22.18,0,105.79,0.79,0,normal
2026-01-23 23:00:00,CMP-01,135.75,87.27,19.52,12.21,210.45,4.281,0.312,22.36,0,104.63,0.37,0,normal
2026-01-24 00:00:00,CMP-01,136.21,89.38,17.53,12.22,207.84,4.238,0.326,21.59,0,104.95,0.05,0,normal
2026-01-24 01:00:00,CMP-01,138.99,90.76,19.59,12.72,214.28,4.182,0.347,23.81,0,106.02,1.02,0,normal
2026-01-24 02:00:00,CMP-01,136.0,89.34,17.12,12.63,213.1,4.113,0.368,22.23,0,104.07,0.93,0,normal
2026-01-24 03:00:00,CMP-01,140.83,90.74,18.48,11.65,214.87,4.221,0.325,22.1,0,106.89,1.89,0,normal
2026-01-24 04:00:00,CMP-01,141.44,93.01,17.04,11.9,212.32,4.316,0.351,22.96,0,106.2,1.2,0,normal
2026-01-24 05:00:00,CMP-01,142.51,91.69,16.93,11.23,206.82,4.153,0.392,21.69,0,104.49,0.51,0,normal
2026-01-24 06:00:00,CMP-01,143.69,93.18,18.13,13.01,209.36,4.119,0.364,22.02,0,104.23,0.77,0,normal
2026-01-24 07:00:00,CMP-01,142.82,92.34,18.54,12.26,213.5,4.238,0.461,21.49,0,109.57,4.57,0,normal
2026-01-24 08:00:00,CMP-01,144.53,93.25,16.98,12.84,208.37,4.077,0.454,22.04,0,105.82,0.82,0,normal
2026-01-24 09:00:00,CMP-01,147.15,94.27,18.95,11.81,221.68,4.027,0.292,21.76,0,107.0,2.0,0,normal
2026-01-24 10:00:00,CMP-01,147.78,98.16,17.36,10.77,209.03,4.169,0.321,22.39,0,106.95,1.95,0,normal
2026-01-24 11:00:00,CMP-01,148.37,95.71,18.1,12.92,207.65,4.149,0.284,21.93,0,105.92,0.92,0,normal
2026-01-24 12:00:00,CMP-01,146.27,96.21,18.3,12.06,214.6,4.182,0.291,21.61,0,105.61,0.61,0,normal
2026-01-24 13:00:00,CMP-01,150.97,96.82,18.48,12.08,212.99,4.16,0.375,21.82,0,106.04,1.04,0,normal
2026-01-24 14:00:00,CMP-01,153.11,97.95,16.56,12.03,209.89,4.231,0.3,21.94,0,103.97,1.03,0,normal
2026-01-24 15:00:00,CMP-01,153.82,99.59,19.29,12.39,209.08,4.187,0.297,21.67,0,105.74,0.74,0,normal
2026-01-24 16:00:00,CMP-01,153.42,99.68,18.45,12.32,211.71,4.157,0.335,22.65,0,103.41,1.59,0,normal
2026-01-24 17:00:00,CMP-01,151.2,102.57,17.66,11.05,213.34,4.168,0.388,22.48,0,105.75,0.75,0,normal
2026-01-24 18:00:00,CMP-01,156.7,101.01,17.18,12.65,213.05,4.255,0.331,22.12,0,105.88,0.88,0,normal
2026-01-24 19:00:00,CMP-01,155.73,103.14,16.64,11.68,208.79,4.281,0.331,21.21,0,103.15,1.85,0,normal
2026-01-24 20:00:00,CMP-01,152.44,102.38,16.91,11.72,211.73,4.277,0.394,22.37,0,107.31,2.31,0,normal
2026-01-24 21:00:00,CMP-01,158.68,103.43,18.44,13.04,213.38,4.26,0.372,21.15,0,103.98,1.02,0,normal
2026-01-24 22:00:00,CMP-01,156.31,101.62,17.73,12.55,213.06,3.941,0.371,22.14,0,106.43,1.43,0,normal
2026-01-24 23:00:00,CMP-01,157.67,103.85,17.09,11.8,197.65,4.124,0.395,22.05,0,103.43,1.57,0,normal
2026-01-25 00:00:00,CMP-01,159.86,104.57,17.58,10.89,206.44,4.179,0.299,21.62,0,105.07,0.07,0,normal
2026-01-25 01:00:00,CMP-01,164.29,105.01,19.25,12.1,206.9,4.221,0.359,21.46,0,104.02,0.98,0,normal
2026-01-25 02:00:00,CMP-01,162.33,103.37,17.74,12.32,209.08,4.075,0.317,21.55,0,107.74,2.74,0,normal
2026-01-25 03:00:00,CMP-01,164.49,107.66,17.53,11.95,210.72,4.318,0.399,23.41,0,106.23,1.23,0,normal
2026-01-25 04:00:00,CMP-01,168.15,106.79,19.08,11.25,213.69,4.229,0.389,21.84,0,107.34,2.34,0,normal
2026-01-25 05:00:00,CMP-01,168.87,107.37,18.37,11.53,212.47,4.155,0.297,21.88,1,106.09,1.09,0,normal
2026-01-25 06:00:00,CMP-01,166.81,108.24,18.04,11.25,209.49,4.218,0.414,22.67,0,105.76,0.76,0,normal
2026-01-25 07:00:00,CMP-01,167.57,108.93,17.51,12.13,210.09,4.177,0.291,22.3,0,105.19,0.19,0,normal
2026-01-25 08:00:00,CMP-01,166.73,110.34,16.76,12.49,217.04,4.144,0.406,22.73,0,105.31,0.31,0,normal
2026-01-25 09:00:00,CMP-01,168.75,108.97,17.06,12.62,207.55,4.245,0.359,21.19,0,105.51,0.51,0,normal
2026-01-25 10:00:00,CMP-01,171.77,110.03,17.62,11.56,211.22,4.168,0.306,21.28,0,105.3,0.3,0,normal
2026-01-25 11:00:00,CMP-01,172.71,112.15,17.82,12.14,216.26,4.092,0.294,24.27,0,105.35,0.35,0,normal
2026-01-25 12:00:00,CMP-01,173.2,112.62,18.28,12.33,211.38,4.154,0.334,21.99,0,103.58,1.42,0,normal
2026-01-25 13:00:00,CMP-01,175.79,112.65,18.44,11.69,201.83,4.196,0.347,21.82,0,104.02,0.98,0,normal
2026-01-25 14:00:00,CMP-01,173.61,113.06,18.18,11.91,211.5,4.118,0.314,22.13,0,105.82,0.82,0,normal
2026-01-25 15:00:00,CMP-01,175.9,113.4,18.18,13.27,208.45,4.306,0.376,22.69,0,104.37,0.63,0,normal
2026-01-25 16:00:00,CMP-01,178.32,114.98,17.19,12.12,209.55,4.118,0.28,21.21,0,105.38,0.38,0,normal
2026-01-25 17:00:00,CMP-01,179.05,117.12,16.28,12.53,214.2,4.345,0.348,22.21,0,105.2,0.2,0,normal
2026-01-25 18:00:00,CMP-01,180.93,115.08,17.58,11.74,211.88,4.276,0.349,22.0,0,104.01,0.99,0,normal
2026-01-25 19:00:00,CMP-01,180.71,118.83,17.24,12.03,208.94,4.13,0.256,22.47,0,103.92,1.08,0,normal
2026-01-25 20:00:00,CMP-01,180.44,118.66,17.48,10.97,213.57,4.215,0.364,22.14,0,104.47,0.53,0,normal
2026-01-25 21:00:00,CMP-01,182.65,117.76,17.78,11.98,211.74,4.3,0.286,21.66,0,104.84,0.16,0,normal
2026-01-25 22:00:00,CMP-01,181.2,119.89,17.01,12.72,210.42,4.19,0.226,21.43,0,104.76,0.24,0,normal
2026-01-25 23:00:00,CMP-01,181.05,117.84,17.11,13.26,211.2,4.11,0.318,20.37,0,106.38,1.38,0,normal
2026-01-26 00:00:00,CMP-01,186.05,118.17,17.92,12.72,211.01,4.214,0.337,22.68,0,103.88,1.12,0,normal
2026-01-26 01:00:00,CMP-01,185.9,119.35,18.09,12.41,208.64,4.364,0.393,21.03,1,102.61,2.39,0,normal
2026-01-26 02:00:00,CMP-01,187.56,121.06,17.48,12.03,208.16,4.086,0.325,21.75,0,105.65,0.65,0,normal
2026-01-26 03:00:00,CMP-01,184.94,121.81,18.4,11.64,210.1,4.25,0.421,23.14,0,104.52,0.48,0,normal
2026-01-26 04:00:00,CMP-01,188.34,122.23,17.82,11.9,206.18,4.206,0.419,21.74,0,104.59,0.41,0,normal
2026-01-26 05:00:00,CMP-01,188.92,123.62,17.18,12.37,204.96,4.196,0.402,22.43,0,107.5,2.5,0,normal
2026-01-26 06:00:00,CMP-01,189.44,121.59,18.03,11.53,215.2,4.174,0.414,21.88,0,107.09,2.09,0,normal
2026-01-26 07:00:00,CMP-01,187.94,125.39,19.51,12.56,209.04,4.18,0.366,22.49,0,105.62,0.62,0,normal
2026-01-26 08:00:00,CMP-01,192.4,123.75,17.46,11.41,209.9,4.288,0.321,22.04,0,106.09,1.09,0,normal
2026-01-26 09:00:00,CMP-01,195.62,125.31,18.93,10.93,209.46,4.253,0.38,21.68,1,105.12,0.12,0,normal
2026-01-26 10:00:00,CMP-01,195.69,126.25,19.1,11.39,210.09,4.126,0.396,22.93,0,106.12,1.12,0,normal
2026-01-26 11:00:00,CMP-01,194.92,126.01,19.2,11.0,210.09,4.33,0.36,21.84,0,104.35,0.65,0,normal
2026-01-26 12:00:00,CMP-01,196.97,126.4,17.34,11.18,210.26,4.102,0.336,21.12,0,104.25,0.75,0,normal
2026-01-26 13:00:00,CMP-01,199.36,127.49,19.61,12.68,206.78,4.258,0.271,21.8,0,104.25,0.75,0,normal
2026-01-26 14:00:00,CMP-01,194.03,129.34,18.09,11.88,213.73,4.22,0.382,22.38,0,107.11,2.11,0,normal
2026-01-26 15:00:00,CMP-01,199.78,130.71,17.8,12.13,207.23,4.301,0.366,21.27,1,106.57,1.57,0,normal
2026-01-26 16:00:00,CMP-01,201.98,131.33,17.82,12.69,214.14,4.234,0.284,22.55,0,104.68,0.32,0,normal
2026-01-26 17:00:00,CMP-01,203.23,130.11,18.48,12.76,202.32,4.29,0.353,22.53,0,105.73,0.73,0,normal
2026-01-26 18:00:00,CMP-01,206.06,131.0,18.04,11.7,205.75,4.204,0.384,23.45,0,104.51,0.49,0,normal
2026-01-26 19:00:00,CMP-01,206.04,131.5,17.86,12.8,213.97,4.283,0.343,21.59,0,106.56,1.56,0,normal
2026-01-26 20:00:00,CMP-01,205.56,133.79,19.03,12.23,209.41,4.233,0.387,22.46,0,104.63,0.37,0,normal
2026-01-26 21:00:00,CMP-01,206.54,131.46,17.42,12.0,207.32,4.378,0.386,20.89,0,105.9,0.9,0,normal
2026-01-26 22:00:00,CMP-01,208.42,136.04,17.17,12.27,211.5,4.15,0.276,21.74,0,105.03,0.03,0,normal
2026-01-26 23:00:00,CMP-01,207.03,134.62,18.63,11.14,205.82,4.301,0.334,22.09,0,104.38,0.62,0,normal
2026-01-27 00:00:00,CMP-01,208.93,134.91,18.56,11.53,210.31,4.243,0.372,22.29,0,105.03,0.03,0,normal
2026-01-27 01:00:00,CMP-01,211.63,136.91,18.88,11.94,201.14,4.22,0.394,21.98,0,104.5,0.5,0,normal
2026-01-27 02:00:00,CMP-01,214.52,138.39,17.14,12.37,208.19,4.16,0.418,21.96,0,104.23,0.77,0,normal
2026-01-27 03:00:00,CMP-01,211.71,138.21,18.87,11.78,207.4,4.242,0.254,21.61,0,103.28,1.72,0,normal
2026-01-27 04:00:00,CMP-01,212.91,139.71,18.39,11.92,212.16,4.088,0.345,21.72,0,107.12,2.12,0,normal
2026-01-27 05:00:00,CMP-01,214.36,139.26,19.41,12.58,213.5,4.096,0.384,22.22,0,104.87,0.13,0,normal
2026-01-27 06:00:00,CMP-01,217.42,141.23,17.0,12.85,206.58,4.263,0.409,22.39,0,102.71,2.29,0,normal
2026-01-27 07:00:00,CMP-01,215.95,141.89,18.17,12.46,216.44,4.081,0.432,22.45,0,102.99,2.01,0,normal
2026-01-27 08:00:00,CMP-01,219.64,140.93,17.78,12.76,207.63,4.321,0.302,22.69,0,101.68,3.32,0,normal
2026-01-27 09:00:00,CMP-01,216.26,143.43,16.73,11.76,201.78,4.184,0.33,22.82,0,103.69,1.31,0,normal
2026-01-27 10:00:00,CMP-01,218.67,142.55,17.43,11.82,200.48,4.226,0.296,20.81,0,105.81,0.81,0,normal
2026-01-27 11:00:00,CMP-01,219.64,143.1,18.9,12.19,216.16,4.212,0.389,21.67,1,103.69,1.31,0,normal
2026-01-27 12:00:00,CMP-01,222.42,142.54,17.62,11.82,209.65,4.24,0.283,21.91,0,104.65,0.35,0,normal
2026-01-27 13:00:00,CMP-01,223.88,143.95,17.42,11.7,207.41,4.184,0.407,21.59,0,102.76,2.24,0,normal
2026-01-27 14:00:00,CMP-01,220.28,145.88,18.69,12.99,207.01,4.177,0.395,22.72,0,106.05,1.05,0,normal
2026-01-27 15:00:00,CMP-01,222.35,144.02,18.79,11.88,205.63,4.196,0.373,22.52,0,105.1,0.1,0,normal
2026-01-27 16:00:00,CMP-01,225.61,147.03,18.79,11.42,215.41,4.29,0.241,21.95,0,105.84,0.84,0,normal
2026-01-27 17:00:00,CMP-01,224.81,147.32,17.37,12.29,209.66,4.297,0.315,22.1,0,106.54,1.54,0,normal
2026-01-27 18:00:00,CMP-01,224.26,147.88,17.95,13.1,217.16,4.308,0.385,22.87,0,107.47,2.47,0,normal
2026-01-27 19:00:00,CMP-01,229.87,145.55,18.82,12.05,209.2,4.235,0.279,21.78,0,106.14,1.14,0,normal
2026-01-27 20:00:00,CMP-01,229.89,148.73,17.48,12.74,200.6,4.19,0.337,21.81,0,103.64,1.36,0,normal
2026-01-27 21:00:00,CMP-01,230.89,150.28,17.42,11.75,213.28,4.072,0.346,22.64,0,103.76,1.26,0,normal
2026-01-27 22:00:00,CMP-01,230.14,149.23,18.67,11.71,208.51,4.257,0.393,22.34,0,103.74,1.27,0,normal
2026-01-27 23:00:00,CMP-01,233.85,150.91,19.34,11.64,208.64,4.273,0.373,23.02,0,102.75,2.34,0,normal
2026-01-28 00:00:00,CMP-01,232.57,148.6,17.14,11.95,216.0,4.174,0.369,22.3,0,107.43,2.49,0,normal
2026-01-28 01:00:00,CMP-01,235.97,152.91,16.06,13.19,208.31,4.271,0.343,22.59,0,104.38,0.76,0,normal
2026-01-28 02:00:00,CMP-01,233.36,151.96,16.92,11.36,214.29,4.309,0.358,21.69,0,105.35,0.43,0,normal
2026-01-28 03:00:00,CMP-01,234.46,154.45,17.3,13.05,209.51,4.214,0.354,21.44,0,104.99,0.12,0,normal
2026-01-28 04:00:00,CMP-01,237.37,151.84,18.06,11.5,206.21,4.291,0.404,22.1,0,106.63,1.81,0,normal
2026-01-28 05:00:00,CMP-01,236.74,155.53,18.65,11.96,211.32,4.231,0.357,20.32,0,104.16,1.0,0,normal
2026-01-28 06:00:00,CMP-01,240.22,155.07,18.12,12.65,206.52,4.067,0.427,22.41,1,105.56,0.8,0,normal
2026-01-28 07:00:00,CMP-01,240.47,156.97,17.69,12.53,213.8,4.168,0.292,22.79,0,105.14,0.38,0,normal
2026-01-28 08:00:00,CMP-01,239.34,155.54,18.34,12.31,212.85,4.173,0.432,22.18,0,104.61,0.61,0,normal
2026-01-28 09:00:00,CMP-01,242.13,156.56,17.52,11.19,208.97,4.248,0.372,22.01,0,102.15,3.14,0,normal
2026-01-28 10:00:00,CMP-01,242.37,160.64,18.25,12.4,211.13,4.137,0.437,22.89,0,105.52,0.81,0,normal
2026-01-28 11:00:00,CMP-01,245.65,157.6,17.85,11.62,210.6,4.171,0.394,22.17,0,103.42,1.95,0,normal
2026-01-28 12:00:00,CMP-01,243.86,158.4,20.47,13.75,207.43,4.129,0.427,22.84,0,103.59,1.74,0,normal
2026-01-28 13:00:00,CMP-01,245.21,159.57,19.01,12.1,211.97,4.203,0.462,23.67,0,104.65,0.7,0,normal
2026-01-28 14:00:00,CMP-01,249.18,159.32,17.78,12.4,207.06,4.212,0.372,22.73,0,103.9,1.55,0,normal
2026-01-28 15:00:00,CMP-01,252.03,162.63,17.72,11.64,210.13,4.284,0.411,22.91,0,105.16,0.68,0,normal
2026-01-28 16:00:00,CMP-01,252.6,163.92,18.18,12.04,203.81,4.27,0.4,22.62,1,102.59,2.94,0,normal
2026-01-28 17:00:00,CMP-01,250.11,161.66,17.16,11.52,208.28,4.219,0.412,22.42,0,104.03,1.44,0,normal
2026-01-28 18:00:00,CMP-01,251.39,161.08,17.92,12.9,209.4,4.225,0.325,22.45,0,104.18,1.32,0,normal
2026-01-28 19:00:00,CMP-01,254.76,165.21,17.99,12.21,204.22,4.215,0.405,22.35,0,103.3,2.28,0,normal
2026-01-28 20:00:00,CMP-01,252.78,165.78,19.24,12.67,205.93,4.215,0.396,23.01,0,104.28,1.25,0,normal
2026-01-28 21:00:00,CMP-01,252.24,166.09,18.18,11.92,205.52,4.33,0.368,21.2,0,103.22,2.3,0,normal
2026-01-28 22:00:00,CMP-01,255.21,167.14,17.96,12.07,210.25,4.007,0.406,22.14,0,105.1,0.69,0,normal
2026-01-28 23:00:00,CMP-01,256.81,165.36,17.56,13.17,204.29,4.192,0.343,22.77,0,102.37,3.26,0,normal
2026-01-29 00:00:00,CMP-01,255.51,166.85,17.66,11.79,209.07,4.231,0.485,21.75,1,101.99,3.61,0,normal
2026-01-29 01:00:00,CMP-01,255.04,166.04,18.54,11.29,213.46,4.297,0.437,22.24,0,103.95,1.64,0,normal
2026-01-29 02:00:00,CMP-01,256.41,166.65,18.45,12.63,208.65,4.119,0.511,21.86,0,104.88,0.74,0,normal
2026-01-29 03:00:00,CMP-01,261.2,170.18,19.64,11.77,200.27,4.234,0.388,22.68,0,102.03,3.7,0,normal
2026-01-29 04:00:00,CMP-01,259.63,168.84,18.19,12.17,207.39,4.275,0.369,22.95,0,102.56,3.14,0,normal
2026-01-29 05:00:00,CMP-01,261.75,173.04,19.59,13.01,210.83,4.171,0.446,23.37,0,103.04,2.71,0,normal
2026-01-29 06:00:00,CMP-01,263.38,171.04,18.99,12.0,205.35,4.053,0.354,22.75,0,103.09,2.69,0,normal
2026-01-29 07:00:00,CMP-01,265.11,170.83,18.82,13.04,210.74,4.177,0.452,21.95,0,103.05,2.78,0,normal
2026-01-29 08:00:00,CMP-01,264.4,173.21,17.2,12.1,208.86,4.11,0.405,22.59,0,103.49,2.32,0,normal
2026-01-29 09:00:00,CMP-01,266.9,175.06,17.84,13.44,207.81,4.258,0.429,22.83,0,100.97,4.9,0,normal
2026-01-29 10:00:00,CMP-01,265.4,174.13,19.43,13.32,205.24,4.138,0.455,23.38,0,104.49,1.34,0,normal
2026-01-29 11:00:00,CMP-01,267.35,172.74,20.0,12.27,204.03,4.349,0.449,21.02,0,103.25,2.63,0,normal
2026-01-29 12:00:00,CMP-01,267.16,175.3,19.04,12.42,205.07,4.217,0.539,22.7,0,101.71,4.16,0,normal
2026-01-29 13:00:00,CMP-01,272.04,177.15,19.6,12.12,205.83,4.142,0.491,21.29,0,104.04,1.95,0,normal
2026-01-29 14:00:00,CMP-01,270.95,175.56,18.64,12.72,207.79,4.166,0.393,22.98,0,103.21,2.75,0,normal
2026-01-29 15:00:00,CMP-01,270.67,175.87,18.66,13.29,207.41,4.119,0.504,22.79,1,104.35,1.6,0,normal
2026-01-29 16:00:00,CMP-01,272.37,178.67,18.47,11.75,204.35,4.237,0.394,22.85,0,101.02,4.98,0,normal
2026-01-29 17:00:00,CMP-01,273.6,178.27,19.81,13.19,205.68,4.325,0.468,23.12,0,104.27,1.75,0,normal
2026-01-29 18:00:00,CMP-01,276.26,177.43,19.36,11.89,206.69,4.189,0.409,22.82,0,102.39,3.7,0,normal
2026-01-29 19:00:00,CMP-01,273.13,178.94,18.83,12.12,198.98,4.28,0.422,22.09,1,99.55,6.46,0,normal
2026-01-29 20:00:00,CMP-01,275.13,179.14,18.8,11.59,202.19,4.131,0.533,22.78,0,102.89,3.18,0,normal
2026-01-29 21:00:00,CMP-01,277.32,181.06,19.56,13.96,201.84,4.231,0.446,23.38,0,101.55,4.57,0,normal
2026-01-29 22:00:00,CMP-01,283.56,181.48,19.52,12.82,203.56,4.39,0.458,22.57,0,100.55,5.71,0,normal
2026-01-29 23:00:00,CMP-01,281.72,183.38,18.55,12.91,203.47,4.094,0.457,22.65,1,101.54,4.67,0,normal
2026-01-30 00:00:00,CMP-01,280.8,183.5,20.57,12.34,203.64,4.305,0.467,21.81,0,99.65,6.55,0,normal
2026-01-30 01:00:00,CMP-01,283.28,181.42,19.46,13.42,200.92,4.3,0.56,23.42,0,102.16,4.09,0,normal
2026-01-30 02:00:00,CMP-01,286.7,184.44,19.34,11.57,206.74,4.056,0.44,22.35,0,101.54,4.79,0,normal
2026-01-30 03:00:00,CMP-01,283.58,185.68,20.44,12.8,205.49,4.091,0.429,22.15,0,101.54,4.72,0,normal
2026-01-30 04:00:00,CMP-01,284.34,185.8,20.1,14.12,197.73,4.128,0.521,22.36,0,102.79,3.49,0,normal
2026-01-30 05:00:00,CMP-01,288.18,187.14,19.3,12.63,203.95,4.284,0.423,22.13,0,101.52,4.85,0,normal
2026-01-30 06:00:00,CMP-01,287.89,185.89,19.79,12.86,199.42,4.172,0.483,22.53,0,100.39,5.97,0,normal
2026-01-30 07:00:00,CMP-01,289.21,186.06,18.54,13.27,210.6,4.193,0.561,23.57,0,100.88,5.51,0,normal
2026-01-30 08:00:00,CMP-01,288.09,188.97,18.85,12.37,202.09,4.263,0.502,23.23,0,101.27,5.1,0,normal
2026-01-30 09:00:00,CMP-01,293.46,187.22,17.68,12.95,201.77,4.216,0.492,23.72,0,102.23,4.26,0,normal
2026-01-30 10:00:00,CMP-01,294.08,186.56,20.48,13.52,203.61,4.224,0.483,23.77,0,100.48,6.02,0,normal
2026-01-30 11:00:00,CMP-01,293.02,191.03,17.96,13.04,202.59,4.18,0.47,22.16,2,99.94,6.54,0,normal
2026-01-30 12:00:00,CMP-01,294.23,189.58,20.06,13.17,203.03,4.296,0.489,23.1,0,102.13,4.38,0,normal
2026-01-30 13:00:00,CMP-01,290.35,190.73,18.76,12.68,209.86,4.144,0.514,23.73,0,101.91,4.51,0,normal
2026-01-30 14:00:00,CMP-01,296.15,190.07,18.77,13.16,203.97,4.34,0.584,24.33,0,101.03,5.52,0,normal
2026-01-30 15:00:00,CMP-01,295.65,190.81,19.39,13.0,206.45,4.179,0.569,21.85,0,103.65,2.89,0,normal
2026-01-30 16:00:00,CMP-01,297.78,191.66,19.81,13.87,207.4,4.142,0.499,21.86,0,99.88,6.72,0,normal
2026-01-30 17:00:00,CMP-01,299.23,193.27,20.12,13.45,198.84,4.258,0.495,23.15,0,100.71,5.91,0,normal
2026-01-30 18:00:00,CMP-01,298.39,194.79,21.03,12.86,209.58,4.242,0.563,22.6,1,99.38,7.23,0,normal
2026-01-30 19:00:00,CMP-01,296.96,192.24,19.86,11.52,205.73,4.048,0.435,22.14,0,100.82,5.76,0,normal
2026-01-30 20:00:00,CMP-01,301.66,196.55,20.39,13.48,206.31,4.224,0.516,23.12,0,101.62,5.06,0,normal
2026-01-30 21:00:00,CMP-01,300.67,194.88,19.18,13.49,199.13,4.098,0.519,22.32,1,101.71,4.95,0,normal
2026-01-30 22:00:00,CMP-01,302.41,195.67,20.27,12.51,205.67,4.14,0.485,21.35,0,99.43,7.28,0,normal
2026-01-30 23:00:00,CMP-01,302.91,198.41,19.84,11.87,204.0,4.269,0.492,22.86,0,101.65,5.06,0,normal
2026-01-31 00:00:00,CMP-01,304.39,198.16,19.38,12.41,200.05,4.137,0.562,22.98,0,101.2,5.55,0,normal
2026-01-31 01:00:00,CMP-01,301.84,197.06,19.61,13.61,211.6,4.234,0.456,23.29,1,101.23,5.46,0,normal
2026-01-31 02:00:00,CMP-01,309.19,201.76,19.81,12.53,203.95,4.176,0.512,23.58,1,103.16,3.71,0,normal
2026-01-31 03:00:00,CMP-01,308.46,199.17,20.0,12.88,200.81,4.361,0.523,23.06,0,100.16,6.69,0,normal
2026-01-31 04:00:00,CMP-01,311.0,201.15,20.23,13.32,202.27,4.198,0.566,22.81,0,99.14,7.76,0,normal
2026-01-31 05:00:00,CMP-01,313.56,201.74,19.56,13.96,204.87,4.112,0.501,22.55,1,100.69,6.27,0,normal
2026-01-31 06:00:00,CMP-01,311.04,203.84,19.31,13.18,206.01,4.117,0.616,21.87,0,98.33,8.58,0,normal
2026-01-31 07:00:00,CMP-01,308.76,202.25,20.45,13.1,204.06,4.133,0.541,22.65,0,102.17,4.68,0,normal
2026-01-31 08:00:00,CMP-01,311.39,204.66,18.56,12.87,206.33,4.216,0.55,23.64,1,101.56,5.35,0,normal
2026-01-31 09:00:00,CMP-01,311.83,203.21,19.43,14.18,207.29,4.205,0.546,23.41,0,100.05,6.88,0,normal
2026-01-31 10:00:00,CMP-01,314.1,206.1,21.22,13.88,196.23,4.283,0.537,24.38,1,100.19,6.79,0,normal
2026-01-31 11:00:00,CMP-01,316.14,204.48,17.86,13.21,199.01,4.219,0.527,22.93,0,100.21,6.81,0,normal
2026-01-31 12:00:00,CMP-01,313.4,205.62,19.41,12.39,197.49,4.216,0.625,21.8,0,101.82,5.14,0,normal
2026-01-31 13:00:00,CMP-01,318.62,208.98,20.64,12.83,201.08,4.231,0.592,23.61,0,98.94,8.14,0,normal
2026-01-31 14:00:00,CMP-01,316.28,207.73,18.71,13.62,206.72,4.195,0.57,23.72,0,98.75,8.28,0,normal
2026-01-31 15:00:00,CMP-01,320.54,208.13,22.21,12.9,203.11,4.229,0.636,22.3,0,97.4,9.73,0,normal
2026-01-31 16:00:00,CMP-01,320.8,211.34,18.07,13.87,196.28,4.268,0.552,22.01,1,98.81,8.33,0,normal
2026-01-31 17:00:00,CMP-01,321.44,209.73,21.3,13.56,199.22,4.268,0.62,23.19,1,97.57,9.58,0,normal
2026-01-31 18:00:00,CMP-01,322.87,208.97,21.43,13.54,204.36,4.162,0.594,23.58,1,99.48,7.7,0,normal
2026-01-31 19:00:00,CMP-01,323.03,211.48,20.92,13.76,198.1,4.064,0.549,22.36,0,99.63,7.56,0,normal
2026-01-31 20:00:00,CMP-01,323.9,209.83,20.03,13.68,199.75,4.141,0.633,22.89,0,98.75,8.46,0,normal
2026-01-31 21:00:00,CMP-01,322.97,213.25,20.47,12.85,201.45,4.228,0.519,22.59,1,98.37,8.82,0,normal
2026-01-31 22:00:00,CMP-01,326.95,214.0,19.56,13.23,192.53,4.006,0.635,22.37,0,99.87,7.42,0,normal
2026-01-31 23:00:00,CMP-01,331.32,212.51,21.03,14.89,202.47,4.167,0.571,22.33,0,98.85,8.53,0,normal
2026-02-01 00:00:00,CMP-01,332.56,213.1,19.52,12.78,200.59,4.241,0.638,23.31,0,99.13,8.29,0,normal
2026-02-01 01:00:00,CMP-01,332.38,214.71,20.19,13.22,201.51,4.16,0.686,22.97,0,100.02,7.38,0,normal
2026-02-01 02:00:00,CMP-01,332.27,215.17,21.2,14.14,195.34,4.116,0.645,22.77,1,96.98,10.43,0,normal
2026-02-01 03:00:00,CMP-01,330.78,214.63,19.48,13.39,196.34,4.345,0.584,21.46,0,97.57,9.8,0,normal
2026-02-01 04:00:00,CMP-01,335.6,217.13,20.19,13.07,196.51,4.316,0.625,24.42,0,101.21,6.28,0,normal
2026-02-01 05:00:00,CMP-01,333.9,214.65,20.58,12.73,200.08,4.184,0.603,22.6,0,98.57,8.87,0,normal
2026-02-01 06:00:00,CMP-01,334.88,217.23,19.39,13.86,199.26,4.311,0.566,23.16,0,97.45,10.01,0,normal
2026-02-01 07:00:00,CMP-01,335.48,217.92,21.41,14.16,199.42,4.309,0.571,22.49,3,98.33,9.16,0,normal
2026-02-01 08:00:00,CMP-01,337.17,218.72,20.79,14.42,205.9,4.114,0.632,23.53,0,98.39,9.13,0,normal
2026-02-01 09:00:00,CMP-01,337.22,220.07,19.31,13.61,203.95,4.419,0.657,22.26,0,97.49,10.03,0,normal
2026-02-01 10:00:00,CMP-01,338.85,218.88,20.52,14.23,195.68,4.13,0.547,23.36,0,97.67,9.89,0,normal
2026-02-01 11:00:00,CMP-01,338.05,221.71,19.92,12.97,196.03,4.184,0.629,23.16,0,98.18,9.36,0,normal
2026-02-01 12:00:00,CMP-01,340.33,221.43,20.07,13.72,205.26,4.117,0.663,23.92,0,98.81,8.79,0,normal
2026-02-01 13:00:00,CMP-01,346.11,221.52,20.79,13.3,196.52,4.211,0.659,22.64,0,98.43,9.3,0,normal
2026-02-01 14:00:00,CMP-01,342.87,221.31,20.09,13.76,203.64,4.099,0.595,22.91,0,96.6,11.06,0,normal
2026-02-01 15:00:00,CMP-01,343.57,222.18,21.44,14.12,204.45,4.204,0.698,23.19,0,96.89,10.78,0,normal
2026-02-01 16:00:00,CMP-01,345.96,224.68,20.16,14.35,195.63,4.291,0.593,24.77,0,98.65,9.08,0,normal
2026-02-01 17:00:00,CMP-01,347.27,223.74,21.54,13.13,196.58,4.222,0.688,22.41,0,97.26,10.5,0,normal
2026-02-01 18:00:00,CMP-01,345.0,225.63,20.67,14.45,198.24,4.183,0.729,23.56,0,99.39,8.31,0,normal
2026-02-01 19:00:00,CMP-01,347.63,227.47,21.45,13.45,194.17,4.328,0.557,22.96,0,97.9,9.87,0,normal
2026-02-01 20:00:00,CMP-01,350.65,228.09,20.41,13.16,193.39,4.133,0.678,23.64,1,95.73,12.11,0,warning
2026-02-01 21:00:00,CMP-01,350.49,229.37,20.43,13.67,195.72,4.282,0.68,23.86,0,98.13,9.7,0,normal
2026-02-01 22:00:00,CMP-01,351.22,227.79,19.93,12.91,200.66,4.18,0.678,23.53,0,96.73,11.12,0,normal
2026-02-01 23:00:00,CMP-01,354.8,227.5,21.4,13.84,195.07,4.222,0.638,23.65,0,97.54,10.4,0,normal
2026-02-02 00:00:00,CMP-01,351.78,230.67,21.62,13.96,196.36,4.207,0.653,23.63,0,98.9,8.97,0,normal
2026-02-02 01:00:00,CMP-01,354.15,230.47,22.62,13.71,195.07,4.214,0.606,23.08,0,99.67,8.25,0,normal
2026-02-02 02:00:00,CMP-01,354.06,232.1,21.95,14.15,191.48,4.2,0.681,23.32,0,96.92,11.0,0,normal
2026-02-02 03:00:00,CMP-01,358.68,231.41,21.23,13.7,202.39,4.142,0.713,22.41,0,98.41,9.61,0,normal
2026-02-02 04:00:00,CMP-01,353.49,233.48,20.74,13.82,187.64,4.159,0.64,23.22,0,97.06,10.85,0,warning
2026-02-02 05:00:00,CMP-01,356.79,233.72,21.29,13.0,194.04,4.239,0.636,22.99,0,97.95,10.03,0,normal
2026-02-02 06:00:00,CMP-01,358.05,234.21,20.99,13.91,198.76,4.195,0.661,23.34,0,94.48,13.53,0,warning
2026-02-02 07:00:00,CMP-01,361.19,234.6,22.26,13.42,190.61,4.111,0.692,24.04,0,96.11,11.98,0,warning
2026-02-02 08:00:00,CMP-01,362.09,235.13,21.86,13.67,198.51,4.147,0.698,23.82,0,97.46,10.65,0,warning
2026-02-02 09:00:00,CMP-01,364.51,235.58,20.5,13.92,200.85,4.148,0.696,23.9,1,97.72,10.44,0,warning
2026-02-02 10:00:00,CMP-01,360.17,236.22,20.51,14.03,192.86,4.199,0.693,24.28,0,95.93,12.13,0,warning
2026-02-02 11:00:00,CMP-01,365.35,237.79,22.28,13.0,196.58,4.218,0.639,22.01,0,97.74,10.44,0,warning
2026-02-02 12:00:00,CMP-01,364.47,236.64,21.41,13.04,191.4,4.211,0.567,23.88,0,97.69,10.48,0,warning
2026-02-02 13:00:00,CMP-01,364.8,239.98,20.99,13.8,197.83,4.151,0.732,23.58,1,97.01,11.16,0,warning
2026-02-02 14:00:00,CMP-01,367.97,238.42,22.2,14.31,195.82,4.205,0.78,23.56,0,96.35,11.9,0,maintenance_needed
2026-02-02 15:00:00,CMP-01,366.34,240.38,20.9,14.22,196.5,4.094,0.637,22.74,0,96.34,11.86,0,warning
2026-02-02 16:00:00,CMP-01,365.26,239.74,20.96,14.52,201.22,3.973,0.671,23.96,2,97.34,10.84,0,maintenance_needed
2026-02-02 17:00:00,CMP-01,369.33,240.2,20.91,14.83,197.21,4.199,0.729,24.41,0,97.98,10.3,0,maintenance_needed
2026-02-02 18:00:00,CMP-01,368.3,243.59,19.68,14.33,200.82,4.071,0.758,24.32,0,98.68,9.57,0,warning
2026-02-02 19:00:00,CMP-01,370.83,241.43,22.01,14.06,197.7,4.127,0.75,23.6,0,96.07,12.24,0,maintenance_needed
2026-02-02 20:00:00,CMP-01,373.67,240.92,20.41,13.49,190.07,4.107,0.788,24.12,1,94.79,13.59,0,maintenance_needed
2026-02-02 21:00:00,CMP-01,374.56,242.24,20.95,13.56,195.82,4.253,0.725,24.32,0,95.36,13.04,0,maintenance_needed
2026-02-02 22:00:00,CMP-01,377.86,243.37,20.88,13.89,196.38,4.106,0.757,24.96,0,97.24,11.24,0,warning
2026-02-02 23:00:00,CMP-01,375.64,246.99,22.01,14.3,188.87,4.225,0.751,24.54,2,95.9,12.53,0,maintenance_needed
2026-02-03 00:00:00,CMP-01,374.24,245.3,21.34,14.25,200.14,4.164,0.706,23.8,0,96.96,11.44,0,warning
2026-02-03 01:00:00,CMP-01,376.64,246.82,21.46,14.16,194.82,4.104,0.792,23.79,0,96.61,11.84,0,warning
2026-02-03 02:00:00,CMP-01,377.35,245.15,20.12,14.08,195.95,4.077,0.766,23.85,0,96.55,11.92,0,warning
2026-02-03 03:00:00,CMP-01,377.81,247.42,21.41,14.55,190.84,4.239,0.784,23.89,1,95.55,12.93,0,maintenance_needed
2026-02-03 04:00:00,CMP-01,381.78,248.46,20.39,14.36,194.3,4.233,0.728,23.46,2,94.58,13.99,0,maintenance_needed
2026-02-03 05:00:00,CMP-01,380.84,250.46,21.79,14.4,195.31,4.264,0.795,24.29,1,95.19,13.36,0,maintenance_needed
2026-02-03 06:00:00,CMP-01,379.44,248.11,21.81,14.38,192.95,4.349,0.689,23.3,1,95.91,12.61,0,warning
2026-02-03 07:00:00,CMP-01,385.25,250.32,21.64,13.96,193.96,4.224,0.775,23.29,0,95.99,12.67,0,maintenance_needed
2026-02-03 08:00:00,CMP-01,384.8,250.61,23.28,13.66,185.21,4.224,0.627,24.06,0,94.45,14.19,0,maintenance_needed
2026-02-03 09:00:00,CMP-01,386.64,249.67,22.11,14.6,198.94,4.192,0.71,23.46,0,95.4,13.29,0,maintenance_needed
2026-02-03 10:00:00,CMP-01,387.19,251.53,22.18,14.56,188.98,4.21,0.797,23.69,1,96.59,12.11,0,maintenance_needed
2026-02-03 11:00:00,CMP-01,389.14,251.88,21.86,14.21,184.5,4.174,0.744,22.49,0,94.05,14.69,0,maintenance_needed
2026-02-03 12:00:00,CMP-01,389.07,250.06,21.59,14.09,189.39,4.13,0.775,24.41,1,95.23,13.52,0,maintenance_needed
2026-02-03 13:00:00,CMP-01,392.23,254.22,22.59,15.75,189.56,4.361,0.695,23.91,3,94.46,14.35,0,maintenance_needed
2026-02-03 14:00:00,CMP-01,391.76,254.8,22.69,13.92,195.12,4.053,0.849,23.82,0,94.32,14.48,0,maintenance_needed
2026-02-03 15:00:00,CMP-01,392.71,254.27,20.79,14.26,189.19,4.222,0.805,24.23,1,93.06,15.77,0,maintenance_needed
2026-02-03 16:00:00,CMP-01,393.74,253.84,22.7,14.57,193.88,4.237,0.777,24.07,0,94.48,14.37,0,maintenance_needed
2026-02-03 17:00:00,CMP-01,391.38,257.88,22.21,13.68,189.15,4.213,0.793,23.43,0,93.91,14.89,0,maintenance_needed
2026-02-03 18:00:00,CMP-01,394.7,257.07,22.64,14.49,201.46,4.124,0.797,25.28,3,96.6,12.28,0,maintenance_needed
2026-02-03 19:00:00,CMP-01,395.53,258.62,22.27,15.51,194.73,4.186,0.852,23.65,0,93.77,15.13,0,maintenance_needed
2026-02-03 20:00:00,CMP-01,397.37,259.74,20.94,15.02,200.18,4.164,0.799,24.62,1,94.93,14.0,0,maintenance_needed
2026-02-03 21:00:00,CMP-01,395.55,258.07,20.96,14.81,188.49,4.115,0.711,25.17,1,95.3,13.6,0,maintenance_needed
2026-02-03 22:00:00,CMP-01,401.94,260.32,23.51,14.88,194.52,4.197,0.788,23.61,0,94.58,14.47,0,maintenance_needed
2026-02-03 23:00:00,CMP-01,400.19,259.71,22.21,14.57,188.23,4.168,0.858,24.07,2,94.85,14.15,0,maintenance_needed
2026-02-04 00:00:00,CMP-01,398.82,260.57,20.84,15.06,194.51,4.157,0.82,23.44,1,95.81,13.16,0,maintenance_needed
2026-02-04 01:00:00,CMP-01,398.92,261.2,22.25,14.39,194.9,4.255,0.772,24.69,1,93.03,15.95,0,maintenance_needed
2026-02-04 02:00:00,CMP-01,402.49,261.95,21.77,14.28,185.43,4.116,0.831,23.81,0,93.48,15.57,0,maintenance_needed
2026-02-04 03:00:00,CMP-01,403.84,263.94,20.62,14.62,187.12,4.236,0.811,23.31,0,92.93,16.16,0,maintenance_needed
2026-02-04 04:00:00,CMP-01,403.71,263.4,20.26,15.1,187.01,4.152,0.835,24.93,0,95.53,13.56,0,maintenance_needed
2026-02-04 05:00:00,CMP-01,406.17,263.72,20.86,14.79,185.4,4.234,0.734,24.69,0,93.62,15.53,0,maintenance_needed
2026-02-04 06:00:00,CMP-01,405.85,264.22,22.35,14.99,188.52,4.206,0.767,23.48,1,94.58,14.56,0,maintenance_needed
2026-02-04 07:00:00,CMP-01,408.99,265.61,22.17,13.42,187.27,4.219,0.851,24.9,1,95.66,13.55,0,maintenance_needed
2026-02-04 08:00:00,CMP-01,407.7,264.78,21.98,15.33,185.47,4.122,0.804,24.22,1,93.28,15.91,0,maintenance_needed
2026-02-04 09:00:00,CMP-01,409.93,265.9,22.46,16.05,191.4,4.138,0.839,25.93,0,94.12,15.12,0,maintenance_needed
2026-02-04 10:00:00,CMP-01,412.76,267.09,22.78,15.49,192.89,4.131,0.925,25.3,0,94.46,14.84,0,maintenance_needed
2026-02-04 11:00:00,CMP-01,416.63,267.12,20.71,14.55,185.04,4.214,0.824,23.83,1,92.87,16.52,0,maintenance_needed
2026-02-04 12:00:00,CMP-01,411.19,268.31,22.02,14.16,188.65,4.26,0.836,23.95,1,95.16,14.11,0,maintenance_needed
2026-02-04 13:00:00,CMP-01,413.16,268.37,21.65,14.86,190.7,4.286,0.803,23.57,0,94.72,14.59,0,maintenance_needed
2026-02-04 14:00:00,CMP-01,413.49,272.15,21.33,14.11,189.7,4.16,0.8,24.25,2,94.83,14.48,0,maintenance_needed
2026-02-04 15:00:00,CMP-01,417.41,271.99,21.97,15.19,187.41,4.206,0.837,24.24,1,93.37,16.04,0,maintenance_needed
2026-02-04 16:00:00,CMP-01,414.93,271.59,22.25,14.4,193.71,4.07,0.764,24.67,0,93.57,15.78,0,maintenance_needed
2026-02-04 17:00:00,CMP-01,417.13,271.64,22.19,15.33,193.63,4.022,0.737,24.26,1,93.43,15.97,0,maintenance_needed
2026-02-04 18:00:00,CMP-01,418.95,274.98,21.28,15.6,192.76,4.13,0.912,23.24,0,93.25,16.19,0,maintenance_needed
2026-02-04 19:00:00,CMP-01,418.24,273.39,22.04,13.55,189.29,4.146,0.838,23.67,1,91.58,17.85,0,maintenance_needed
2026-02-04 20:00:00,CMP-01,419.28,273.55,24.07,14.96,197.95,4.075,0.901,25.17,1,94.47,14.99,0,maintenance_needed
2026-02-04 21:00:00,CMP-01,421.14,274.66,21.65,14.39,196.77,4.057,0.857,25.02,0,94.78,14.72,0,maintenance_needed
2026-02-04 22:00:00,CMP-01,419.22,275.32,21.1,13.94,188.41,4.242,0.853,24.12,1,93.29,16.16,0,maintenance_needed
2026-02-04 23:00:00,CMP-01,421.4,277.29,22.72,14.44,189.3,4.135,0.884,24.16,1,92.7,16.8,0,maintenance_needed
2026-02-05 00:00:00,CMP-01,424.26,276.23,23.05,14.73,194.23,4.065,0.894,24.17,1,93.54,16.03,0,maintenance_needed
2026-02-05 01:00:00,CMP-01,426.27,279.42,22.99,15.51,186.07,4.384,0.806,24.32,1,92.99,16.63,0,maintenance_needed
2026-02-05 02:00:00,CMP-01,426.67,276.49,21.73,13.98,190.82,4.213,0.925,23.19,0,93.46,16.16,0,maintenance_needed
2026-02-05 03:00:00,CMP-01,424.81,279.03,23.38,15.5,189.6,4.174,0.813,24.89,0,95.11,14.47,0,maintenance_needed
2026-02-05 04:00:00,CMP-01,428.17,277.65,22.03,16.13,186.25,4.253,0.88,23.89,0,91.69,17.97,0,maintenance_needed
2026-02-05 05:00:00,CMP-01,431.44,281.68,21.83,15.32,187.79,4.138,1.003,24.47,1,93.01,16.73,0,maintenance_needed
2026-02-05 06:00:00,CMP-01,432.0,279.75,22.27,15.3,182.37,4.325,0.884,22.69,0,92.91,16.84,0,maintenance_needed
2026-02-05 07:00:00,CMP-01,431.86,280.73,22.66,14.96,186.5,4.076,0.961,24.53,1,92.56,17.19,0,maintenance_needed
2026-02-05 08:00:00,CMP-01,431.4,282.56,23.31,14.26,180.73,4.094,0.861,25.26,3,91.78,17.96,0,maintenance_needed
2026-02-05 09:00:00,CMP-01,435.14,283.61,23.33,15.34,197.44,4.187,0.918,22.92,1,92.03,17.79,0,maintenance_needed
2026-02-05 10:00:00,CMP-01,433.96,281.42,22.78,15.23,194.47,4.137,0.887,25.41,1,92.34,17.46,0,maintenance_needed
2026-02-05 11:00:00,CMP-01,433.9,282.98,23.54,15.44,193.36,4.311,0.905,24.71,0,93.71,16.09,0,maintenance_needed
2026-02-05 12:00:00,CMP-01,435.56,282.38,22.9,16.56,189.48,4.07,0.847,23.93,2,94.14,15.69,0,maintenance_needed
2026-02-05 13:00:00,CMP-01,440.61,284.86,23.67,15.53,191.73,4.14,0.858,23.42,2,91.7,18.26,0,maintenance_needed
2026-02-05 14:00:00,CMP-01,439.4,285.23,21.8,15.33,192.95,4.217,0.916,25.24,1,93.12,16.81,0,maintenance_needed
2026-02-05 15:00:00,CMP-01,442.09,285.58,21.73,16.06,191.64,4.243,0.83,24.67,0,92.93,17.06,0,maintenance_needed
2026-02-05 16:00:00,CMP-01,440.14,285.83,23.56,14.28,191.46,4.278,0.86,24.87,2,93.56,16.38,0,maintenance_needed
2026-02-05 17:00:00,CMP-01,443.69,286.84,21.92,14.46,183.76,4.225,0.942,24.33,0,91.9,18.12,0,maintenance_needed
2026-02-05 18:00:00,CMP-01,441.92,287.05,22.75,14.89,189.31,4.374,0.876,23.96,0,92.66,17.32,0,maintenance_needed
2026-02-05 19:00:00,CMP-01,443.72,289.23,22.95,14.75,185.26,4.16,0.867,25.1,0,92.75,17.28,0,maintenance_needed
2026-02-05 20:00:00,CMP-01,449.48,291.07,22.77,15.64,182.07,4.212,0.872,23.94,0,89.89,20.27,0,maintenance_needed
2026-02-05 21:00:00,CMP-01,447.38,287.58,22.75,15.01,182.44,4.266,0.928,25.16,1,91.38,18.73,0,maintenance_needed
2026-02-05 22:00:00,CMP-01,446.1,290.41,24.2,16.22,188.85,4.172,0.899,23.43,0,89.94,20.14,0,maintenance_needed
2026-02-05 23:00:00,CMP-01,447.85,290.7,21.1,16.12,191.17,4.174,0.929,23.94,0,89.8,20.32,0,maintenance_needed
2026-02-06 00:00:00,CMP-01,449.59,292.44,23.87,15.69,181.3,4.16,0.917,23.61,0,90.2,19.96,0,maintenance_needed
2026-02-06 01:00:00,CMP-01,452.18,291.36,25.06,15.04,193.48,4.146,1.024,25.49,1,90.24,19.99,0,maintenance_needed
2026-02-06 02:00:00,CMP-01,450.12,292.97,23.2,15.61,192.59,4.107,0.906,23.42,1,92.56,17.62,0,maintenance_needed
2026-02-06 03:00:00,CMP-01,448.87,292.55,23.13,15.71,185.32,4.153,0.829,23.81,1,92.59,17.56,0,maintenance_needed
2026-02-06 04:00:00,CMP-01,452.5,295.29,23.82,14.63,184.61,4.074,0.94,25.06,2,90.89,19.34,0,maintenance_needed
2026-02-06 05:00:00,CMP-01,454.03,295.22,24.73,15.5,186.0,4.227,0.938,24.79,0,91.11,19.16,0,maintenance_needed
2026-02-06 06:00:00,CMP-01,455.2,295.56,22.35,15.74,190.1,4.07,0.949,26.12,1,91.27,19.03,0,maintenance_needed
2026-02-06 07:00:00,CMP-01,458.37,296.84,23.44,15.49,184.3,4.362,0.871,25.92,1,90.6,19.77,0,maintenance_needed
2026-02-06 08:00:00,CMP-01,457.57,296.75,23.21,16.29,181.49,4.332,1.003,25.09,1,90.86,19.49,0,maintenance_needed
2026-02-06 09:00:00,CMP-01,459.46,295.84,23.85,16.1,187.09,4.285,0.951,25.16,1,91.45,18.95,0,maintenance_needed
2026-02-06 10:00:00,CMP-01,457.02,299.06,23.47,14.84,177.71,4.18,0.944,23.45,0,89.92,20.42,0,maintenance_needed
2026-02-06 11:00:00,CMP-01,461.56,299.35,23.98,15.48,186.05,4.15,0.881,24.13,1,89.99,20.46,0,maintenance_needed
2026-02-06 12:00:00,CMP-01,464.77,299.47,23.19,14.95,189.78,4.294,0.99,24.54,0,90.42,20.11,0,maintenance_needed
2026-02-06 13:00:00,CMP-01,463.39,301.48,23.53,15.78,186.52,4.211,0.96,24.63,1,91.7,18.8,0,maintenance_needed
2026-02-06 14:00:00,CMP-01,463.46,302.41,22.96,14.91,188.41,4.241,1.029,23.83,0,90.49,20.01,0,maintenance_needed
2026-02-06 15:00:00,CMP-01,464.28,300.29,22.98,16.0,187.17,4.139,0.945,24.13,0,92.42,18.09,0,maintenance_needed
2026-02-06 16:00:00,CMP-01,468.22,301.31,23.49,15.74,187.69,4.281,0.915,24.24,0,90.38,20.23,0,maintenance_needed
2026-02-06 17:00:00,CMP-01,464.33,304.76,23.4,16.03,185.77,4.133,0.972,25.47,0,92.21,18.3,0,maintenance_needed
2026-02-06 18:00:00,CMP-01,466.8,305.25,22.63,15.4,181.61,4.205,0.927,25.07,1,88.91,21.67,0,maintenance_needed
2026-02-06 19:00:00,CMP-01,468.83,303.31,24.88,14.64,183.81,4.058,0.998,24.59,0,89.53,21.09,0,maintenance_needed
2026-02-06 20:00:00,CMP-01,470.34,303.43,23.55,16.59,184.26,4.144,0.929,24.64,0,90.79,19.87,0,maintenance_needed
2026-02-06 21:00:00,CMP-01,469.21,304.73,22.52,15.41,189.71,4.236,0.972,25.01,3,91.29,19.33,0,maintenance_needed
2026-02-06 22:00:00,CMP-01,471.55,305.55,24.56,16.38,190.93,4.16,0.973,24.37,0,90.55,20.13,0,maintenance_needed
2026-02-06 23:00:00,CMP-01,471.5,304.9,23.08,15.81,186.11,4.161,0.983,24.66,2,92.61,18.08,0,maintenance_needed
2026-02-07 00:00:00,CMP-01,473.22,307.49,24.13,15.98,181.24,4.259,0.964,23.71,0,89.94,20.78,0,maintenance_needed
2026-02-07 01:00:00,CMP-01,473.76,306.56,23.72,16.68,181.27,4.19,0.951,25.32,3,90.16,20.58,0,maintenance_needed
2026-02-07 02:00:00,CMP-01,472.95,307.3,23.92,15.78,183.53,4.295,0.985,25.5,0,89.43,21.29,0,maintenance_needed
2026-02-07 03:00:00,CMP-01,-0.04,1.1,18.14,12.84,215.56,4.003,0.317,22.24,0,107.32,2.32,1,normal
2026-02-07 04:00:00,CMP-01,2.58,-0.17,17.54,11.11,211.34,4.241,0.353,22.32,0,106.1,1.1,0,normal
2026-02-07 05:00:00,CMP-01,0.26,1.21,18.03,12.52,209.78,4.236,0.332,22.24,0,105.48,0.48,0,normal
2026-02-07 06:00:00,CMP-01,2.57,2.7,19.63,11.85,206.94,4.073,0.236,23.37,0,102.98,2.02,0,normal
2026-02-07 07:00:00,CMP-01,5.2,3.58,16.21,11.92,213.53,4.093,0.342,22.14,0,105.72,0.72,0,normal
2026-02-07 08:00:00,CMP-01,3.07,2.85,18.05,12.01,211.16,4.266,0.413,21.11,0,104.61,0.39,0,normal
2026-02-07 09:00:00,CMP-01,6.33,3.95,18.35,12.21,209.8,4.111,0.36,21.3,0,105.46,0.46,0,normal
2026-02-07 10:00:00,CMP-01,5.09,3.56,17.16,12.99,210.41,4.145,0.374,22.48,0,106.08,1.08,0,normal
2026-02-07 11:00:00,CMP-01,10.04,7.3,16.9,10.89,216.75,4.244,0.367,22.71,0,104.75,0.25,0,normal
2026-02-07 12:00:00,CMP-01,13.16,6.63,19.73,12.03,209.36,4.169,0.322,22.52,0,105.23,0.23,0,normal
2026-02-07 13:00:00,CMP-01,13.64,5.18,17.7,11.57,216.75,4.234,0.28,22.56,0,106.55,1.55,0,normal
2026-02-07 14:00:00,CMP-01,10.61,7.15,19.66,12.7,214.97,4.127,0.384,22.12,0,105.62,0.62,0,normal
2026-02-07 15:00:00,CMP-01,13.33,8.66,18.43,11.75,210.21,4.219,0.396,21.0,1,104.69,0.31,0,normal
2026-02-07 16:00:00,CMP-01,13.22,9.03,18.06,12.27,213.54,4.282,0.373,21.52,0,104.15,0.85,0,normal
2026-02-07 17:00:00,CMP-01,14.18,11.3,18.38,11.76,209.5,4.222,0.366,20.79,0,104.26,0.74,0,normal
2026-02-07 18:00:00,CMP-01,17.79,11.4,18.51,12.4,206.69,4.021,0.364,21.74,0,103.37,1.63,0,normal
2026-02-07 19:00:00,CMP-01,13.63,9.75,18.94,12.61,208.93,4.248,0.344,21.08,0,106.04,1.04,0,normal
2026-02-07 20:00:00,CMP-01,18.9,10.94,18.35,11.76,206.37,4.2,0.358,22.06,0,104.86,0.14,0,normal
2026-02-07 21:00:00,CMP-01,17.91,10.16,18.12,12.03,212.05,4.124,0.346,21.88,0,103.86,1.14,0,normal
2026-02-07 22:00:00,CMP-01,21.54,12.65,18.14,11.15,210.06,4.307,0.361,20.69,0,105.04,0.04,0,normal
2026-02-07 23:00:00,CMP-01,20.34,13.18,19.08,12.18,212.27,4.057,0.299,22.49,0,103.79,1.21,0,normal
2026-02-08 00:00:00,CMP-01,19.79,16.89,18.65,12.51,213.31,4.345,0.315,22.51,0,101.67,3.33,0,normal
2026-02-08 01:00:00,CMP-01,22.5,14.42,17.2,11.67,197.52,4.145,0.373,21.06,0,105.37,0.37,0,normal
2026-02-08 02:00:00,CMP-01,24.32,12.44,17.49,12.67,211.25,4.321,0.329,22.09,0,106.43,1.43,0,normal
2026-02-08 03:00:00,CMP-01,24.06,14.79,18.26,10.76,202.79,4.192,0.228,22.48,0,102.83,2.17,0,normal
2026-02-08 04:00:00,CMP-01,25.88,16.38,17.5,10.89,210.67,4.09,0.351,21.8,0,104.3,0.7,0,normal
2026-02-08 05:00:00,CMP-01,25.06,15.39,17.7,11.17,206.49,4.203,0.235,22.57,0,104.98,0.02,0,normal
2026-02-08 06:00:00,CMP-01,23.16,16.51,17.24,11.71,210.42,4.222,0.437,22.12,0,104.65,0.35,0,normal
2026-02-08 07:00:00,CMP-01,29.62,17.76,17.79,12.01,215.46,4.239,0.38,22.72,0,104.53,0.47,0,normal
2026-02-08 08:00:00,CMP-01,30.26,19.26,18.34,11.95,203.17,4.28,0.378,22.12,0,103.92,1.08,0,normal
2026-02-08 09:00:00,CMP-01,30.27,19.3,18.8,11.96,210.76,4.124,0.313,21.88,0,104.83,0.17,0,normal
2026-02-08 10:00:00,CMP-01,31.12,19.08,18.01,12.43,209.69,4.235,0.291,22.34,0,104.4,0.6,0,normal
2026-02-08 11:00:00,CMP-01,33.87,21.75,19.66,11.72,202.43,4.254,0.335,22.52,0,104.66,0.34,0,normal
2026-02-08 12:00:00,CMP-01,32.18,20.8,17.94,11.24,212.59,4.174,0.346,22.16,0,104.99,0.01,0,normal
2026-02-08 13:00:00,CMP-01,32.73,21.5,20.55,11.25,210.14,4.121,0.308,21.69,0,104.21,0.79,0,normal
2026-02-08 14:00:00,CMP-01,34.66,21.09,18.8,13.27,207.97,4.119,0.353,21.46,0,104.9,0.1,0,normal
2026-02-08 15:00:00,CMP-01,38.14,22.46,18.4,10.59,207.11,4.255,0.378,21.74,0,102.97,2.03,0,normal
2026-02-08 16:00:00,CMP-01,34.5,24.83,17.6,11.89,222.85,4.259,0.374,21.61,0,107.66,2.66,0,normal
2026-02-08 17:00:00,CMP-01,40.15,22.76,15.74,12.87,208.42,4.13,0.295,22.13,0,102.99,2.01,0,normal
2026-02-08 18:00:00,CMP-01,37.85,25.26,17.88,12.29,202.8,4.089,0.241,22.11,0,104.37,0.63,0,normal
2026-02-08 19:00:00,CMP-01,38.02,26.86,18.14,11.5,206.28,4.294,0.345,21.94,0,105.11,0.11,0,normal
2026-02-08 20:00:00,CMP-01,43.27,26.2,19.54,12.0,208.53,4.072,0.314,21.99,0,105.37,0.37,0,normal
2026-02-08 21:00:00,CMP-01,41.83,27.59,16.9,12.52,208.46,4.208,0.367,22.11,1,105.2,0.2,0,normal
2026-02-08 22:00:00,CMP-01,40.66,26.61,19.52,12.72,209.68,4.131,0.424,23.05,0,106.4,1.4,0,normal
2026-02-08 23:00:00,CMP-01,43.35,30.17,17.8,11.46,205.81,4.056,0.424,22.8,0,103.46,1.54,0,normal
2026-02-09 00:00:00,CMP-01,46.68,30.57,18.58,12.46,212.17,4.205,0.359,21.6,0,105.13,0.13,0,normal
2026-02-09 01:00:00,CMP-01,48.15,30.18,15.97,12.15,208.06,4.18,0.399,22.28,0,105.04,0.04,0,normal
2026-02-09 02:00:00,CMP-01,46.23,28.44,18.11,12.66,204.56,4.31,0.424,21.77,0,104.05,0.95,0,normal
2026-02-09 03:00:00,CMP-01,48.73,29.94,17.73,12.83,206.74,4.376,0.348,21.93,0,104.12,0.88,0,normal
2026-02-09 04:00:00,CMP-01,50.29,33.02,18.55,11.79,208.46,4.181,0.359,21.83,0,106.33,1.33,0,normal
2026-02-09 05:00:00,CMP-01,48.84,34.56,18.07,11.13,213.39,4.277,0.386,21.57,0,104.52,0.48,0,normal
2026-02-09 06:00:00,CMP-01,51.64,33.51,17.09,12.24,211.94,4.279,0.344,21.07,0,104.66,0.34,0,normal
2026-02-09 07:00:00,CMP-01,51.94,35.3,18.76,13.07,208.65,4.154,0.322,20.33,0,104.62,0.38,0,normal
2026-02-09 08:00:00,CMP-01,52.04,33.72,18.56,12.41,210.08,4.127,0.31,22.12,0,104.8,0.2,0,normal
2026-02-09 09:00:00,CMP-01,53.11,34.87,18.48,12.14,210.86,4.324,0.346,22.79,0,105.28,0.28,0,normal
2026-02-09 10:00:00,CMP-01,55.12,35.75,18.81,13.44,218.15,4.166,0.316,21.38,0,105.45,0.45,0,normal
2026-02-09 11:00:00,CMP-01,56.05,36.91,18.88,11.38,207.53,4.193,0.384,22.33,0,105.24,0.24,0,normal
2026-02-09 12:00:00,CMP-01,55.98,35.22,17.98,12.54,211.87,4.172,0.33,21.73,0,105.33,0.33,0,normal
2026-02-09 13:00:00,CMP-01,57.23,38.83,16.91,11.66,212.91,4.185,0.416,22.18,0,105.79,0.79,0,normal
2026-02-09 14:00:00,CMP-01,61.0,39.94,16.89,12.03,206.19,4.147,0.404,21.44,0,106.23,1.23,0,normal
2026-02-09 15:00:00,CMP-01,60.38,37.62,19.08,12.05,210.76,4.255,0.287,21.83,0,104.16,0.84,0,normal
2026-02-09 16:00:00,CMP-01,62.59,38.02,18.57,12.91,210.65,4.296,0.398,21.91,1,106.9,1.9,0,normal
2026-02-09 17:00:00,CMP-01,64.16,40.72,18.08,11.44,208.12,4.166,0.327,20.38,1,104.38,0.62,0,normal
2026-02-09 18:00:00,CMP-01,64.06,40.16,17.65,11.68,212.27,4.086,0.411,22.13,0,105.94,0.94,0,normal
2026-02-09 19:00:00,CMP-01,68.09,38.76,18.03,11.04,214.11,4.2,0.37,21.89,0,105.53,0.53,0,normal
2026-02-09 20:00:00,CMP-01,63.51,43.22,18.02,12.29,214.52,4.077,0.344,20.31,0,105.06,0.06,0,normal
2026-02-09 21:00:00,CMP-01,67.46,43.09,17.73,11.73,209.23,4.145,0.378,22.43,0,102.81,2.19,0,normal
2026-02-09 22:00:00,CMP-01,66.43,42.98,17.44,12.25,210.76,4.293,0.319,21.96,0,106.86,1.86,0,normal
2026-02-09 23:00:00,CMP-01,71.34,46.74,19.73,11.36,219.4,4.38,0.362,22.12,0,104.95,0.05,0,normal
2026-02-10 00:00:00,CMP-01,72.06,45.02,18.18,11.78,205.59,4.225,0.365,22.23,1,103.81,1.19,0,normal
2026-02-10 01:00:00,CMP-01,66.48,44.6,17.52,12.62,210.89,4.111,0.339,21.7,0,106.26,1.26,0,normal
2026-02-10 02:00:00,CMP-01,69.26,46.27,16.96,11.9,213.56,4.258,0.365,21.26,0,105.39,0.39,0,normal
2026-02-10 03:00:00,CMP-01,73.2,45.55,17.42,12.38,210.6,4.017,0.299,21.68,0,107.16,2.16,0,normal
2026-02-10 04:00:00,CMP-01,74.42,46.54,18.58,12.32,212.62,4.14,0.373,21.7,0,107.08,2.08,0,normal
2026-02-10 05:00:00,CMP-01,75.33,48.56,18.61,11.79,210.69,4.317,0.289,23.49,0,105.86,0.86,0,normal
2026-02-10 06:00:00,CMP-01,74.87,48.08,17.83,11.06,213.01,4.255,0.376,23.23,0,105.54,0.54,0,normal
2026-02-10 07:00:00,CMP-01,76.82,48.86,18.04,12.59,215.13,4.086,0.369,21.65,0,106.27,1.27,0,normal
2026-02-10 08:00:00,CMP-01,78.18,52.05,17.76,12.1,209.11,4.063,0.38,21.7,0,103.51,1.49,0,normal
2026-02-10 09:00:00,CMP-01,77.86,51.73,17.11,12.59,210.79,4.264,0.32,22.2,0,105.28,0.28,0,normal
2026-02-10 10:00:00,CMP-01,80.85,52.31,19.04,10.79,209.78,4.192,0.491,22.37,0,105.17,0.17,0,normal
2026-02-10 11:00:00,CMP-01,75.93,52.63,18.3,11.01,208.39,4.148,0.336,21.52,0,104.38,0.62,0,normal
2026-02-10 12:00:00,CMP-01,82.14,53.23,19.98,10.71,209.92,4.228,0.354,21.31,0,105.3,0.3,0,normal
2026-02-10 13:00:00,CMP-01,80.14,55.05,17.4,11.47,205.47,4.15,0.311,23.29,0,103.06,1.94,0,normal
2026-02-10 14:00:00,CMP-01,84.73,53.93,17.89,12.63,212.98,4.043,0.415,22.7,0,106.25,1.25,0,normal
2026-02-10 15:00:00,CMP-01,83.59,56.83,18.71,12.34,216.81,4.26,0.324,20.93,0,106.98,1.98,0,normal
2026-02-10 16:00:00,CMP-01,83.4,54.11,17.8,11.98,216.82,4.144,0.394,20.79,0,104.15,0.85,0,normal
2026-02-10 17:00:00,CMP-01,86.67,55.59,16.89,12.08,215.1,4.116,0.302,21.42,0,105.59,0.59,0,normal
2026-02-10 18:00:00,CMP-01,85.36,54.9,17.24,12.46,206.14,4.089,0.362,22.13,0,106.41,1.41,0,normal
2026-02-10 19:00:00,CMP-01,86.36,56.79,18.08,11.82,216.08,4.215,0.329,22.35,0,105.97,0.97,0,normal
2026-02-10 20:00:00,CMP-01,86.18,58.47,18.27,12.24,207.14,4.131,0.391,21.75,0,103.67,1.33,0,normal
2026-02-10 21:00:00,CMP-01,89.95,60.24,17.92,12.08,209.79,4.245,0.333,20.89,0,103.93,1.07,0,normal
2026-02-10 22:00:00,CMP-01,91.89,58.35,18.8,10.69,217.38,4.174,0.306,22.13,0,106.55,1.55,0,normal
2026-02-10 23:00:00,CMP-01,93.84,59.81,18.79,11.77,205.71,4.282,0.369,22.39,0,106.69,1.69,0,normal
2026-02-11 00:00:00,CMP-01,92.74,60.02,18.26,12.82,213.37,4.165,0.29,21.98,0,104.1,0.9,0,normal
2026-02-11 01:00:00,CMP-01,95.89,60.21,18.02,11.76,211.13,4.143,0.302,21.64,0,105.15,0.15,0,normal
2026-02-11 02:00:00,CMP-01,95.03,60.32,17.8,11.91,209.39,4.039,0.384,22.37,0,104.13,0.87,0,normal
2026-02-11 03:00:00,CMP-01,95.83,62.47,18.44,11.64,206.5,4.108,0.258,21.94,0,104.43,0.57,0,normal
2026-02-11 04:00:00,CMP-01,98.03,60.97,18.74,11.71,211.69,4.253,0.383,21.22,0,105.5,0.5,0,normal
2026-02-11 05:00:00,CMP-01,99.91,63.83,18.05,12.67,208.14,4.439,0.328,22.04,0,104.83,0.17,0,normal
2026-02-11 06:00:00,CMP-01,98.39,64.38,18.36,11.84,214.18,4.096,0.304,21.1,0,104.61,0.39,0,normal
2026-02-11 07:00:00,CMP-01,99.56,64.21,17.74,11.39,214.9,4.113,0.359,22.63,0,107.72,2.72,0,normal
2026-02-11 08:00:00,CMP-01,100.71,64.44,16.87,10.13,204.48,4.222,0.377,22.3,0,104.41,0.59,0,normal
2026-02-11 09:00:00,CMP-01,102.15,64.64,17.2,11.66,207.98,4.234,0.32,21.3,0,104.66,0.34,0,normal
2026-02-11 10:00:00,CMP-01,101.38,69.2,18.61,10.82,208.72,4.142,0.339,22.12,0,106.13,1.13,0,normal
2026-02-11 11:00:00,CMP-01,105.85,65.99,18.36,10.91,205.27,4.202,0.385,22.83,0,104.66,0.34,0,normal
2026-02-11 12:00:00,CMP-01,104.28,70.12,19.27,12.48,205.53,4.068,0.383,20.52,0,104.44,0.56,0,normal
2026-02-11 13:00:00,CMP-01,106.83,69.62,18.04,12.43,210.35,4.172,0.345,21.88,0,106.09,1.09,0,normal
2026-02-11 14:00:00,CMP-01,105.51,69.11,18.69,10.85,209.17,4.267,0.311,23.1,0,103.83,1.17,0,normal
2026-02-11 15:00:00,CMP-01,108.65,68.81,19.06,12.51,203.39,4.326,0.303,20.92,1,105.31,0.31,0,normal
2026-02-11 16:00:00,CMP-01,109.7,72.1,18.8,12.28,207.85,4.182,0.32,21.87,0,105.98,0.98,0,normal
2026-02-11 17:00:00,CMP-01,109.24,73.58,17.51,11.53,212.08,4.175,0.38,21.01,0,105.91,0.91,0,normal
2026-02-11 18:00:00,CMP-01,114.64,71.03,17.85,12.44,205.18,4.232,0.375,21.93,0,104.44,0.56,0,normal
2026-02-11 19:00:00,CMP-01,112.67,72.44,18.1,11.02,206.31,4.284,0.362,20.34,0,104.72,0.28,0,normal
2026-02-11 20:00:00,CMP-01,116.2,74.71,17.21,11.28,216.35,4.234,0.414,20.87,0,103.66,1.34,0,normal
2026-02-11 21:00:00,CMP-01,115.73,74.5,18.38,11.14,215.27,4.136,0.334,21.61,0,105.3,0.3,0,normal
2026-02-11 22:00:00,CMP-01,113.81,77.15,18.82,11.33,203.52,4.224,0.33,22.07,1,104.82,0.18,0,normal
2026-02-11 23:00:00,CMP-01,115.31,74.72,17.62,12.53,204.6,4.273,0.33,22.24,0,105.54,0.54,0,normal
2026-02-12 00:00:00,CMP-01,117.78,76.7,19.58,11.2,211.51,4.139,0.438,22.27,0,105.3,0.3,0,normal
2026-02-12 01:00:00,CMP-01,118.11,75.2,17.77,11.31,205.23,4.089,0.251,22.76,0,104.22,0.78,0,normal
2026-02-12 02:00:00,CMP-01,119.09,79.87,17.84,11.43,208.99,4.236,0.362,22.46,1,104.03,0.97,0,normal
2026-02-12 03:00:00,CMP-01,119.48,77.12,17.81,12.12,208.19,4.225,0.369,22.48,0,104.83,0.17,0,normal
2026-02-12 04:00:00,CMP-01,117.74,76.0,17.43,11.8,212.24,4.273,0.351,21.31,0,105.35,0.35,0,normal
2026-02-12 05:00:00,CMP-01,121.59,79.15,18.33,12.52,199.89,4.203,0.459,21.87,0,105.53,0.53,0,normal
2026-02-12 06:00:00,CMP-01,119.01,79.78,18.02,11.57,201.19,4.144,0.404,24.16,0,104.33,0.67,0,normal
2026-02-12 07:00:00,CMP-01,124.67,82.9,19.33,11.23,205.1,4.161,0.385,23.53,1,104.08,0.92,0,normal
2026-02-12 08:00:00,CMP-01,123.69,80.84,18.49,11.7,214.06,4.114,0.306,22.55,0,105.23,0.23,0,normal
2026-02-12 09:00:00,CMP-01,124.71,81.88,18.43,12.02,209.38,4.12,0.372,22.49,0,104.45,0.55,0,normal
2026-02-12 10:00:00,CMP-01,126.61,83.26,17.82,11.44,203.17,4.151,0.331,22.66,1,104.22,0.78,0,normal
2026-02-12 11:00:00,CMP-01,128.49,85.1,16.87,12.16,211.97,4.157,0.351,21.7,0,102.77,2.23,0,normal
2026-02-12 12:00:00,CMP-01,126.42,83.77,17.93,13.09,212.83,4.284,0.358,23.32,0,103.51,1.49,0,normal
2026-02-12 13:00:00,CMP-01,126.85,85.75,17.32,11.65,209.02,4.098,0.326,21.72,0,103.64,1.36,0,normal
2026-02-12 14:00:00,CMP-01,129.08,85.77,18.76,12.02,208.68,4.192,0.378,21.92,0,105.42,0.42,0,normal
2026-02-12 15:00:00,CMP-01,128.32,85.44,17.98,12.81,211.75,4.149,0.426,23.47,0,105.08,0.08,0,normal
2026-02-12 16:00:00,CMP-01,131.26,86.54,19.33,11.61,214.84,4.314,0.398,20.55,0,105.57,0.57,0,normal
2026-02-12 17:00:00,CMP-01,136.86,87.13,18.59,11.49,210.61,4.217,0.359,22.23,0,106.33,1.33,0,normal
2026-02-12 18:00:00,CMP-01,133.1,86.65,18.67,11.34,212.13,4.166,0.258,20.8,0,104.06,0.94,0,normal
2026-02-12 19:00:00,CMP-01,137.17,89.86,18.18,12.23,209.81,4.261,0.4,21.53,0,106.25,1.25,0,normal
2026-02-12 20:00:00,CMP-01,134.53,87.39,18.17,12.3,208.47,4.201,0.4,21.92,0,105.32,0.32,0,normal
2026-02-12 21:00:00,CMP-01,138.54,91.11,18.52,11.9,206.34,4.158,0.34,21.74,0,103.95,1.05,0,normal
2026-02-12 22:00:00,CMP-01,138.42,91.5,18.74,12.02,211.03,4.318,0.327,22.1,0,106.72,1.72,0,normal
2026-02-12 23:00:00,CMP-01,139.89,90.89,17.43,12.75,208.8,4.253,0.38,21.45,0,103.37,1.63,0,normal
2026-02-13 00:00:00,CMP-01,142.02,90.73,18.39,12.51,209.03,4.334,0.311,21.91,0,103.72,1.28,0,normal
2026-02-13 01:00:00,CMP-01,145.16,92.03,20.1,11.15,213.72,4.288,0.387,21.16,0,105.09,0.09,0,normal
2026-02-13 02:00:00,CMP-01,143.35,93.52,17.93,11.98,211.95,4.258,0.298,21.71,0,105.62,0.62,0,normal
2026-02-13 03:00:00,CMP-01,144.22,94.49,17.8,12.05,213.48,4.207,0.306,21.02,0,105.09,0.09,0,normal
2026-02-13 04:00:00,CMP-01,143.25,94.59,17.45,12.42,203.7,4.11,0.35,22.43,0,102.19,2.81,0,normal
2026-02-13 05:00:00,CMP-01,147.05,96.09,16.84,11.85,212.23,4.253,0.281,21.09,0,104.87,0.13,0,normal
2026-02-13 06:00:00,CMP-01,146.56,94.88,18.95,11.6,207.64,4.202,0.349,22.46,0,104.74,0.26,0,normal
2026-02-13 07:00:00,CMP-01,149.5,96.48,18.05,11.71,206.77,4.25,0.374,21.69,0,107.53,2.53,0,normal
2026-02-13 08:00:00,CMP-01,148.92,94.97,18.24,10.92,206.59,4.196,0.287,21.77,0,106.24,1.24,0,normal
2026-02-13 09:00:00,CMP-01,153.13,98.42,19.48,11.97,214.85,4.141,0.393,22.79,0,105.54,0.54,0,normal
2026-02-13 10:00:00,CMP-01,147.43,98.33,20.01,11.63,213.31,4.116,0.323,22.05,0,104.1,0.9,0,normal
2026-02-13 11:00:00,CMP-01,151.47,98.3,17.29,12.26,207.13,4.252,0.375,20.67,0,105.16,0.16,0,normal
2026-02-13 12:00:00,CMP-01,154.59,100.84,18.84,11.37,205.45,4.299,0.359,22.32,1,103.39,1.61,0,normal
2026-02-13 13:00:00,CMP-01,153.37,100.93,18.5,11.72,210.05,4.174,0.328,19.98,0,105.24,0.24,0,normal
2026-02-13 14:00:00,CMP-01,153.57,97.37,18.32,11.39,208.16,4.233,0.325,22.16,0,105.27,0.27,0,normal
2026-02-13 15:00:00,CMP-01,155.52,101.45,18.38,11.34,216.64,4.306,0.269,21.7,0,105.11,0.11,0,normal
2026-02-13 16:00:00,CMP-01,154.52,100.3,17.98,12.4,204.15,4.13,0.317,21.01,0,104.82,0.18,0,normal
2026-02-13 17:00:00,CMP-01,158.21,103.98,19.27,11.7,202.68,4.169,0.313,22.03,0,104.07,0.93,0,normal
2026-02-13 18:00:00,CMP-01,163.39,106.34,18.49,12.25,208.98,4.108,0.427,21.77,0,104.32,0.68,0,normal
2026-02-13 19:00:00,CMP-01,162.06,103.38,18.28,11.31,210.04,4.29,0.397,23.37,0,106.69,1.69,0,normal
2026-02-13 20:00:00,CMP-01,159.0,104.74,19.0,12.04,210.53,4.217,0.285,21.68,0,105.69,0.69,0,normal
2026-02-13 21:00:00,CMP-01,160.43,105.0,18.72,10.96,213.01,4.16,0.387,23.32,0,104.93,0.07,0,normal
2026-02-13 22:00:00,CMP-01,162.27,106.37,18.37,11.69,218.29,4.065,0.36,22.94,0,104.85,0.15,0,normal
2026-02-13 23:00:00,CMP-01,165.81,107.37,18.26,11.68,208.63,4.182,0.332,21.56,0,105.1,0.1,0,normal
2026-02-14 00:00:00,CMP-01,163.52,108.79,19.41,12.33,207.82,4.276,0.371,21.41,0,105.46,0.46,0,normal
2026-02-14 01:00:00,CMP-01,164.76,106.72,18.41,12.08,202.96,4.173,0.387,22.89,0,105.38,0.38,0,normal
2026-02-14 02:00:00,CMP-01,168.59,110.44,17.93,11.87,210.97,4.163,0.323,21.88,0,106.7,1.7,0,normal
2026-02-14 03:00:00,CMP-01,169.56,108.08,17.32,12.48,213.41,4.248,0.337,22.09,0,105.79,0.79,0,normal
2026-02-14 04:00:00,CMP-01,168.33,110.18,17.73,12.09,208.96,4.099,0.357,21.8,0,103.72,1.28,0,normal
2026-02-14 05:00:00,CMP-01,167.99,111.89,17.16,12.3,214.72,4.201,0.304,21.14,0,107.6,2.6,0,normal
2026-02-14 06:00:00,CMP-01,168.21,112.01,18.09,12.43,210.12,4.244,0.358,21.72,0,106.29,1.29,0,normal
2026-02-14 07:00:00,CMP-01,170.74,110.67,18.21,11.93,216.06,4.135,0.346,21.31,0,106.4,1.4,0,normal
2026-02-14 08:00:00,CMP-01,168.99,111.61,16.36,11.8,211.33,4.131,0.318,20.92,0,106.58,1.58,0,normal
2026-02-14 09:00:00,CMP-01,175.35,112.55,18.02,12.17,205.77,4.217,0.31,21.78,0,103.06,1.94,0,normal
2026-02-14 10:00:00,CMP-01,173.87,113.69,18.52,11.72,207.45,4.189,0.364,23.22,0,104.41,0.59,0,normal
2026-02-14 11:00:00,CMP-01,176.87,115.78,18.14,12.21,203.87,4.178,0.391,23.1,0,103.97,1.03,0,normal
2026-02-14 12:00:00,CMP-01,180.36,113.5,17.24,12.64,203.05,4.213,0.365,21.94,0,105.75,0.75,0,normal
2026-02-14 13:00:00,CMP-01,180.11,116.26,19.02,12.49,211.07,4.215,0.31,22.07,0,103.82,1.18,0,normal
2026-02-14 14:00:00,CMP-01,176.93,117.08,17.45,11.74,213.48,4.123,0.385,22.34,0,104.95,0.05,0,normal
2026-02-14 15:00:00,CMP-01,181.56,117.67,17.02,11.2,217.82,4.144,0.358,22.92,0,107.29,2.29,0,normal
2026-02-14 16:00:00,CMP-01,183.08,118.21,17.14,11.94,209.78,4.233,0.378,22.2,0,105.7,0.7,0,normal
2026-02-14 17:00:00,CMP-01,180.66,120.12,17.99,11.9,209.05,4.286,0.404,21.65,0,104.52,0.48,0,normal
2026-02-14 18:00:00,CMP-01,181.28,119.54,18.79,12.64,205.56,4.305,0.308,21.71,0,106.7,1.7,0,normal
2026-02-14 19:00:00,CMP-01,183.8,120.63,18.93,11.74,213.95,4.13,0.343,22.77,0,103.89,1.11,0,normal
2026-02-14 20:00:00,CMP-01,182.12,120.93,18.17,11.85,211.56,4.284,0.322,23.79,0,105.63,0.63,0,normal
2026-02-14 21:00:00,CMP-01,188.65,123.05,17.05,12.41,207.62,4.257,0.309,21.54,0,104.58,0.42,0,normal
2026-02-14 22:00:00,CMP-01,182.67,119.27,17.48,11.69,212.75,4.195,0.444,20.55,1,105.79,0.79,0,normal
2026-02-14 23:00:00,CMP-01,186.01,123.74,17.28,11.88,212.25,4.236,0.394,22.54,0,104.9,0.1,0,normal
2026-01-01 00:00:00,CMP-02,2.72,-0.06,17.66,11.88,210.06,4.355,0.394,20.97,0,104.05,0.95,0,normal
2026-01-01 01:00:00,CMP-02,-2.22,0.17,18.17,12.07,207.17,4.26,0.38,21.11,0,105.1,0.1,0,normal
2026-01-01 02:00:00,CMP-02,5.04,-0.07,16.87,11.44,210.54,4.172,0.382,22.55,0,103.62,1.38,0,normal
2026-01-01 03:00:00,CMP-02,2.91,2.9,19.0,12.03,209.37,4.109,0.293,21.0,0,104.82,0.18,0,normal
2026-01-01 04:00:00,CMP-02,2.56,1.7,19.82,10.82,213.94,4.119,0.405,21.23,0,104.56,0.44,0,normal
2026-01-01 05:00:00,CMP-02,3.55,0.87,17.96,12.17,209.09,4.227,0.433,23.13,0,105.48,0.48,0,normal
2026-01-01 06:00:00,CMP-02,4.05,4.86,18.48,11.73,210.13,4.098,0.378,21.91,0,103.83,1.17,0,normal
2026-01-01 07:00:00,CMP-02,6.6,3.98,18.62,11.9,206.55,4.162,0.348,21.86,0,105.98,0.98,0,normal
2026-01-01 08:00:00,CMP-02,9.5,5.64,17.93,10.92,212.26,4.221,0.297,22.08,0,105.39,0.39,0,normal
2026-01-01 09:00:00,CMP-02,10.05,6.09,18.8,12.46,212.08,4.278,0.329,23.18,0,106.11,1.11,0,normal
2026-01-01 10:00:00,CMP-02,11.15,6.14,17.63,13.0,208.16,4.251,0.296,22.74,0,105.0,0.0,0,normal
2026-01-01 11:00:00,CMP-02,7.95,6.71,17.97,11.93,211.65,4.27,0.393,22.51,0,104.25,0.75,0,normal
2026-01-01 12:00:00,CMP-02,9.17,4.84,18.0,11.89,209.92,4.229,0.364,23.18,0,106.93,1.93,0,normal
2026-01-01 13:00:00,CMP-02,15.8,7.97,17.57,13.08,206.91,4.145,0.319,23.16,0,104.38,0.62,0,normal
2026-01-01 14:00:00,CMP-02,15.74,7.77,16.92,12.12,205.01,4.201,0.414,22.65,0,104.85,0.15,0,normal
2026-01-01 15:00:00,CMP-02,18.93,10.34,18.88,11.74,210.41,4.167,0.358,21.9,0,104.07,0.93,0,normal
2026-01-01 16:00:00,CMP-02,18.18,9.49,18.15,10.7,206.42,4.101,0.377,21.49,0,104.65,0.35,0,normal
2026-01-01 17:00:00,CMP-02,15.16,10.29,17.44,12.72,217.22,4.156,0.308,21.93,0,104.51,0.49,0,normal
2026-01-01 18:00:00,CMP-02,20.31,11.81,17.12,11.71,214.16,4.098,0.338,21.82,0,104.67,0.33,0,normal
2026-01-01 19:00:00,CMP-02,20.13,11.0,17.94,12.39,210.54,4.106,0.346,20.84,0,104.24,0.76,0,normal
2026-01-01 20:00:00,CMP-02,20.39,12.17,17.25,12.57,212.19,4.334,0.339,22.27,0,107.54,2.54,0,normal
2026-01-01 21:00:00,CMP-02,19.52,13.08,18.48,12.22,213.42,4.117,0.407,22.83,0,105.5,0.5,0,normal
2026-01-01 22:00:00,CMP-02,22.01,14.77,18.08,12.17,199.92,4.351,0.349,22.89,0,104.96,0.04,0,normal
2026-01-01 23:00:00,CMP-02,22.74,13.25,18.39,11.71,208.45,4.211,0.335,23.03,0,103.58,1.42,0,normal
2026-01-02 00:00:00,CMP-02,25.61,16.49,18.9,12.12,205.86,4.219,0.432,22.39,0,104.82,0.18,0,normal
2026-01-02 01:00:00,CMP-02,25.22,16.08,18.21,12.09,209.14,4.186,0.382,22.06,0,106.67,1.67,0,normal
2026-01-02 02:00:00,CMP-02,28.85,16.31,18.55,12.15,202.48,4.235,0.427,22.88,0,104.26,0.74,0,normal
2026-01-02 03:00:00,CMP-02,25.61,17.95,19.0,11.16,212.5,4.24,0.328,21.28,0,103.04,1.96,0,normal
2026-01-02 04:00:00,CMP-02,28.85,19.38,18.47,11.32,203.92,4.101,0.266,22.01,0,104.9,0.1,0,normal
2026-01-02 05:00:00,CMP-02,29.9,20.19,16.21,11.46,211.37,4.214,0.294,22.09,0,103.9,1.1,0,normal
2026-01-02 06:00:00,CMP-02,28.44,18.28,19.01,12.67,212.34,4.156,0.37,23.17,0,105.7,0.7,0,normal
2026-01-02 07:00:00,CMP-02,28.87,21.71,18.26,12.12,205.88,4.165,0.364,22.65,0,105.56,0.56,0,normal
2026-01-02 08:00:00,CMP-02,33.82,20.84,18.52,10.87,208.35,4.184,0.392,22.67,0,105.28,0.28,0,normal
2026-01-02 09:00:00,CMP-02,33.93,22.97,19.33,12.6,207.25,4.228,0.404,22.85,0,103.44,1.56,0,normal
2026-01-02 10:00:00,CMP-02,33.71,20.86,17.89,12.73,208.46,4.377,0.35,21.6,0,104.82,0.18,0,normal
2026-01-02 11:00:00,CMP-02,35.71,22.55,18.45,12.04,208.87,4.285,0.334,23.0,0,106.99,1.99,0,normal
2026-01-02 12:00:00,CMP-02,34.78,23.27,16.35,13.23,206.37,4.145,0.386,20.82,0,105.13,0.13,0,normal
2026-01-02 13:00:00,CMP-02,37.43,22.56,19.28,12.42,204.75,4.168,0.321,22.25,0,106.16,1.16,0,normal
2026-01-02 14:00:00,CMP-02,36.91,24.16,18.0,12.6,204.4,4.111,0.312,22.12,0,104.79,0.21,0,normal
2026-01-02 15:00:00,CMP-02,39.34,26.4,17.85,12.96,209.33,4.22,0.346,21.8,0,104.98,0.02,0,normal
2026-01-02 16:00:00,CMP-02,41.77,27.29,17.85,12.33,213.02,4.04,0.382,22.15,0,106.24,1.24,0,normal
2026-01-02 17:00:00,CMP-02,40.39,27.41,18.53,11.64,215.89,4.132,0.364,22.21,0,104.76,0.24,0,normal
2026-01-02 18:00:00,CMP-02,43.53,27.62,16.56,11.5,210.5,4.198,0.326,22.37,0,106.47,1.47,0,normal
2026-01-02 19:00:00,CMP-02,41.14,27.43,19.57,11.44,210.05,4.378,0.365,20.87,0,104.9,0.1,0,normal
2026-01-02 20:00:00,CMP-02,43.48,31.0,18.15,11.91,211.63,4.224,0.301,21.39,0,105.41,0.41,0,normal
2026-01-02 21:00:00,CMP-02,42.54,27.67,17.97,11.87,205.6,4.312,0.37,21.39,0,104.17,0.83,0,normal
2026-01-02 22:00:00,CMP-02,45.82,28.48,19.19,11.59,213.91,4.354,0.263,22.06,0,105.59,0.59,0,normal
2026-01-02 23:00:00,CMP-02,47.14,29.64,18.77,13.11,215.39,4.197,0.408,21.71,1,106.02,1.02,0,normal
2026-01-03 00:00:00,CMP-02,47.64,31.4,18.47,12.42,207.74,4.273,0.301,22.48,0,103.77,1.23,0,normal
2026-01-03 01:00:00,CMP-02,48.52,31.3,17.32,12.43,212.54,4.134,0.352,21.04,0,106.72,1.72,0,normal
2026-01-03 02:00:00,CMP-02,52.41,33.39,18.95,12.03,210.54,4.261,0.302,21.88,0,106.63,1.63,0,normal
2026-01-03 03:00:00,CMP-02,53.56,31.31,18.27,12.31,207.33,4.159,0.345,22.74,0,104.34,0.66,0,normal
2026-01-03 04:00:00,CMP-02,49.81,34.76,17.38,12.08,213.77,4.239,0.379,21.61,0,107.38,2.38,0,normal
2026-01-03 05:00:00,CMP-02,55.11,36.49,17.91,11.73,208.6,4.137,0.251,20.96,0,105.19,0.19,0,normal
2026-01-03 06:00:00,CMP-02,50.9,36.11,18.29,12.09,212.84,4.17,0.427,20.93,0,103.47,1.53,0,normal
2026-01-03 07:00:00,CMP-02,53.68,35.39,17.45,11.06,210.39,4.362,0.298,21.55,0,105.99,0.99,0,normal
2026-01-03 08:00:00,CMP-02,55.69,35.68,18.74,11.86,206.78,4.167,0.282,22.47,0,105.4,0.4,0,normal
2026-01-03 09:00:00,CMP-02,57.2,38.3,17.6,12.07,211.13,4.214,0.379,22.55,0,106.43,1.43,0,normal
2026-01-03 10:00:00,CMP-02,56.11,35.7,18.77,12.06,202.23,4.225,0.295,21.43,0,104.62,0.38,0,normal
2026-01-03 11:00:00,CMP-02,57.7,37.41,18.29,11.71,212.66,4.221,0.348,22.28,0,106.28,1.28,0,normal
2026-01-03 12:00:00,CMP-02,60.14,37.02,18.43,11.88,211.86,4.31,0.346,21.29,0,106.36,1.36,0,normal
2026-01-03 13:00:00,CMP-02,59.75,39.46,17.24,12.41,213.26,4.318,0.42,21.38,0,105.73,0.73,0,normal
2026-01-03 14:00:00,CMP-02,60.85,42.43,18.12,11.62,208.61,4.098,0.353,22.77,0,103.38,1.62,0,normal
2026-01-03 15:00:00,CMP-02,64.2,40.43,18.55,11.55,210.07,4.178,0.347,21.87,0,104.07,0.93,0,normal
2026-01-03 16:00:00,CMP-02,65.68,42.83,18.32,12.95,211.3,4.151,0.267,21.54,0,105.37,0.37,0,normal
2026-01-03 17:00:00,CMP-02,64.89,40.97,17.75,11.72,213.5,4.294,0.319,21.81,0,103.97,1.03,0,normal
2026-01-03 18:00:00,CMP-02,66.03,42.24,18.33,11.84,215.36,4.343,0.316,22.48,0,104.62,0.38,0,normal
2026-01-03 19:00:00,CMP-02,66.96,42.86,17.77,11.85,210.88,4.169,0.357,22.15,0,106.19,1.19,0,normal
2026-01-03 20:00:00,CMP-02,67.18,45.41,18.01,12.41,215.68,4.16,0.394,21.45,0,103.52,1.48,0,normal
2026-01-03 21:00:00,CMP-02,68.08,43.81,19.02,11.94,208.27,4.122,0.267,21.54,0,104.6,0.4,0,normal
2026-01-03 22:00:00,CMP-02,68.13,44.69,19.4,11.36,204.34,4.369,0.342,22.17,0,105.29,0.29,0,normal
2026-01-03 23:00:00,CMP-02,72.17,46.14,19.48,11.31,209.11,4.273,0.413,23.71,0,105.33,0.33,0,normal
2026-01-04 00:00:00,CMP-02,71.85,48.58,18.53,11.11,205.8,4.205,0.307,21.29,0,105.32,0.32,0,normal
2026-01-04 01:00:00,CMP-02,72.75,47.5,17.59,12.16,209.2,4.227,0.363,23.5,0,103.56,1.44,0,normal
2026-01-04 02:00:00,CMP-02,74.36,50.15,17.84,11.74,208.74,4.197,0.375,21.42,0,107.08,2.08,0,normal
2026-01-04 03:00:00,CMP-02,75.96,49.19,18.95,12.38,209.02,4.164,0.462,21.86,1,105.93,0.93,0,normal
2026-01-04 04:00:00,CMP-02,78.56,49.08,18.16,12.28,208.7,4.165,0.392,22.96,0,104.29,0.71,0,normal
2026-01-04 05:00:00,CMP-02,76.51,51.37,19.3,11.61,204.68,4.215,0.335,22.25,0,105.28,0.28,0,normal
2026-01-04 06:00:00,CMP-02,77.28,50.0,17.78,12.43,209.17,4.18,0.32,21.77,0,104.51,0.49,0,normal
2026-01-04 07:00:00,CMP-02,79.36,50.27,18.78,11.87,209.89,4.148,0.35,22.23,0,106.44,1.44,0,normal
2026-01-04 08:00:00,CMP-02,78.48,52.1,17.0,12.75,212.73,4.156,0.403,20.86,0,104.29,0.71,0,normal
2026-01-04 09:00:00,CMP-02,83.29,50.83,17.8,12.36,215.96,4.259,0.426,21.07,0,105.08,0.08,0,normal
2026-01-04 10:00:00,CMP-02,83.67,51.89,18.47,12.29,207.73,4.356,0.339,22.78,0,106.62,1.62,0,normal
2026-01-04 11:00:00,CMP-02,84.25,52.99,18.38,12.85,202.44,4.154,0.362,21.57,0,105.03,0.03,0,normal
2026-01-04 12:00:00,CMP-02,83.78,54.62,18.19,11.93,204.89,4.204,0.314,21.36,0,104.16,0.84,0,normal
2026-01-04 13:00:00,CMP-02,86.33,56.44,17.15,11.53,209.86,4.27,0.369,21.79,1,104.28,0.72,0,normal
2026-01-04 14:00:00,CMP-02,87.89,57.22,18.14,12.12,207.97,4.148,0.3,22.56,0,104.9,0.1,0,normal
2026-01-04 15:00:00,CMP-02,87.9,56.3,17.81,11.73,215.1,4.308,0.358,23.41,0,105.7,0.7,0,normal
2026-01-04 16:00:00,CMP-02,87.5,57.45,17.52,13.6,211.18,4.267,0.334,21.57,0,104.84,0.16,0,normal
2026-01-04 17:00:00,CMP-02,85.97,57.47,18.23,11.75,205.91,4.259,0.329,22.04,0,106.59,1.59,0,normal
2026-01-04 18:00:00,CMP-02,91.7,56.83,17.38,11.71,206.87,4.189,0.399,22.89,0,106.02,1.02,0,normal
2026-01-04 19:00:00,CMP-02,90.36,59.6,17.53,11.52,205.86,4.322,0.269,22.24,0,105.1,0.1,0,normal
2026-01-04 20:00:00,CMP-02,90.48,58.93,19.8,13.06,220.75,4.177,0.385,22.54,0,104.2,0.8,0,normal
2026-01-04 21:00:00,CMP-02,94.6,61.31,18.34,11.08,206.08,4.235,0.341,21.02,0,105.19,0.19,0,normal
2026-01-04 22:00:00,CMP-02,94.61,60.45,19.04,11.73,206.94,4.219,0.378,21.79,0,103.68,1.32,0,normal
2026-01-04 23:00:00,CMP-02,92.45,60.55,17.63,11.8,206.28,4.291,0.325,21.75,0,103.6,1.4,0,normal
2026-01-05 00:00:00,CMP-02,95.82,62.77,17.67,11.7,207.37,4.038,0.284,22.47,0,106.45,1.45,0,normal
2026-01-05 01:00:00,CMP-02,96.52,62.39,16.98,11.89,206.33,4.082,0.33,22.3,0,104.54,0.46,0,normal
2026-01-05 02:00:00,CMP-02,99.79,62.15,16.97,12.47,210.2,4.295,0.299,21.58,0,105.65,0.65,0,normal
2026-01-05 03:00:00,CMP-02,95.59,65.54,17.01,11.12,207.65,4.065,0.289,22.24,0,105.25,0.25,0,normal
2026-01-05 04:00:00,CMP-02,99.31,65.35,18.42,11.66,207.4,4.216,0.29,22.5,0,104.28,0.72,0,normal
2026-01-05 05:00:00,CMP-02,100.75,66.0,17.28,12.3,211.77,4.069,0.351,21.32,0,104.54,0.46,0,normal
2026-01-05 06:00:00,CMP-02,104.55,66.37,17.33,12.38,214.92,4.256,0.257,22.93,0,105.27,0.27,0,normal
2026-01-05 07:00:00,CMP-02,101.05,66.28,17.54,12.69,212.55,4.093,0.327,21.75,0,104.95,0.05,0,normal
2026-01-05 08:00:00,CMP-02,98.71,64.31,18.6,11.7,211.33,4.3,0.422,22.21,0,102.59,2.41,0,normal
2026-01-05 09:00:00,CMP-02,102.51,67.57,17.71,10.79,209.19,4.082,0.404,22.76,0,103.85,1.15,0,normal
2026-01-05 10:00:00,CMP-02,106.47,68.36,18.51,12.12,208.36,4.19,0.318,21.36,0,104.7,0.3,0,normal
2026-01-05 11:00:00,CMP-02,108.46,70.02,17.19,12.85,209.83,4.268,0.407,22.65,0,105.57,0.57,0,normal
2026-01-05 12:00:00,CMP-02,111.12,68.65,18.5,12.02,212.73,4.335,0.299,21.55,1,105.19,0.19,0,normal
2026-01-05 13:00:00,CMP-02,109.72,71.38,18.0,12.35,207.58,4.206,0.362,22.99,0,104.45,0.55,0,normal
2026-01-05 14:00:00,CMP-02,108.56,71.52,18.5,11.72,210.51,4.217,0.357,21.49,0,104.04,0.96,0,normal
2026-01-05 15:00:00,CMP-02,112.59,73.84,17.1,11.61,210.47,4.096,0.405,20.53,0,103.95,1.05,0,normal
2026-01-05 16:00:00,CMP-02,111.98,71.94,17.89,12.25,208.45,4.132,0.275,21.24,0,104.26,0.74,0,normal
2026-01-05 17:00:00,CMP-02,112.64,73.45,18.01,10.93,202.66,4.24,0.475,23.01,0,103.54,1.46,0,normal
2026-01-05 18:00:00,CMP-02,114.03,74.37,17.45,12.21,200.46,4.151,0.383,21.95,0,103.64,1.36,0,normal
2026-01-05 19:00:00,CMP-02,117.29,75.42,18.48,12.07,210.04,4.063,0.388,22.64,0,105.24,0.24,0,normal
2026-01-05 20:00:00,CMP-02,114.38,76.89,18.06,12.47,213.39,4.165,0.377,23.24,0,104.19,0.81,0,normal
2026-01-05 21:00:00,CMP-02,115.16,76.59,18.44,11.7,206.26,4.225,0.375,22.83,1,103.47,1.53,0,normal
2026-01-05 22:00:00,CMP-02,117.88,75.05,17.54,12.56,205.92,4.111,0.415,23.19,0,104.34,0.66,0,normal
2026-01-05 23:00:00,CMP-02,118.88,79.27,18.18,12.35,213.51,4.272,0.376,20.99,0,105.43,0.43,0,normal
2026-01-06 00:00:00,CMP-02,118.53,75.67,16.89,12.38,211.8,4.251,0.327,22.59,0,105.94,0.94,0,normal
2026-01-06 01:00:00,CMP-02,119.42,79.39,18.56,11.35,209.42,4.112,0.278,21.8,0,105.04,0.04,0,normal
2026-01-06 02:00:00,CMP-02,122.68,80.83,16.93,11.31,206.81,4.233,0.43,19.79,0,105.19,0.19,0,normal
2026-01-06 03:00:00,CMP-02,125.41,79.14,17.46,11.04,214.63,4.025,0.394,22.8,0,104.52,0.48,0,normal
2026-01-06 04:00:00,CMP-02,125.28,80.54,18.08,11.98,209.45,4.076,0.338,22.9,0,106.19,1.19,0,normal
2026-01-06 05:00:00,CMP-02,126.23,81.16,18.44,11.41,216.51,4.25,0.324,22.44,0,106.03,1.03,0,normal
2026-01-06 06:00:00,CMP-02,128.24,80.59,18.1,12.3,211.02,4.162,0.375,21.53,0,104.0,1.0,0,normal
2026-01-06 07:00:00,CMP-02,123.42,82.98,16.38,11.7,213.21,4.115,0.303,21.69,0,105.75,0.75,0,normal
2026-01-06 08:00:00,CMP-02,125.28,82.08,16.99,11.25,209.95,4.237,0.373,22.25,0,104.71,0.29,0,normal
2026-01-06 09:00:00,CMP-02,127.73,84.23,17.33,11.69,207.35,4.22,0.417,23.21,0,105.17,0.17,0,normal
2026-01-06 10:00:00,CMP-02,127.85,85.2,17.9,12.19,200.52,4.247,0.274,21.16,0,102.78,2.22,0,normal
2026-01-06 11:00:00,CMP-02,129.22,86.43,16.89,11.78,203.35,4.236,0.333,20.35,0,104.67,0.33,0,normal
2026-01-06 12:00:00,CMP-02,132.13,87.39,17.3,11.88,215.81,4.279,0.382,21.37,1,105.36,0.36,0,normal
2026-01-06 13:00:00,CMP-02,130.69,86.95,18.27,12.08,205.96,4.22,0.407,21.81,0,105.78,0.78,0,normal
2026-01-06 14:00:00,CMP-02,133.2,87.67,18.04,11.77,217.56,4.283,0.384,22.1,0,105.35,0.35,0,normal
2026-01-06 15:00:00,CMP-02,131.32,87.49,18.37,11.57,212.83,4.368,0.349,22.76,0,102.84,2.16,0,normal
2026-01-06 16:00:00,CMP-02,134.25,88.33,18.26,12.04,217.37,4.138,0.307,21.37,2,105.78,0.78,0,normal
2026-01-06 17:00:00,CMP-02,139.42,90.09,16.79,10.9,207.48,4.23,0.35,20.6,0,104.82,0.18,0,normal
2026-01-06 18:00:00,CMP-02,137.02,90.61,17.13,11.65,211.39,4.167,0.22,21.26,0,105.42,0.42,0,normal
2026-01-06 19:00:00,CMP-02,139.58,90.91,18.0,11.44,212.41,4.297,0.296,22.63,0,105.28,0.28,0,normal
2026-01-06 20:00:00,CMP-02,141.27,90.99,18.22,11.9,209.16,4.291,0.387,22.3,0,103.25,1.75,0,normal
2026-01-06 21:00:00,CMP-02,140.12,92.86,17.48,12.14,203.43,4.241,0.335,21.43,0,105.15,0.15,0,normal
2026-01-06 22:00:00,CMP-02,143.04,90.99,18.69,11.92,210.02,4.333,0.319,20.18,0,104.51,0.49,0,normal
2026-01-06 23:00:00,CMP-02,143.39,92.33,17.37,12.13,216.44,4.247,0.419,21.98,0,106.94,1.94,0,normal
2026-01-07 00:00:00,CMP-02,145.26,93.86,17.5,11.83,204.69,4.049,0.315,21.84,0,104.83,0.17,0,normal
2026-01-07 01:00:00,CMP-02,143.86,95.57,17.92,11.8,209.01,4.186,0.383,22.36,1,104.24,0.76,0,normal
2026-01-07 02:00:00,CMP-02,143.41,93.46,18.14,12.39,219.4,4.235,0.391,21.9,0,106.81,1.81,0,normal
2026-01-07 03:00:00,CMP-02,145.16,94.31,17.43,11.34,209.38,4.247,0.358,22.75,0,106.4,1.4,0,normal
2026-01-07 04:00:00,CMP-02,147.0,94.79,17.86,11.63,212.58,4.216,0.354,21.82,0,104.55,0.45,0,normal
2026-01-07 05:00:00,CMP-02,149.96,97.7,17.15,12.17,211.59,4.354,0.305,21.85,0,105.28,0.28,0,normal
2026-01-07 06:00:00,CMP-02,149.63,98.44,17.34,12.28,212.49,4.163,0.437,22.17,0,102.8,2.2,0,normal
2026-01-07 07:00:00,CMP-02,150.28,99.95,19.15,12.12,208.5,4.304,0.353,21.42,0,103.9,1.1,0,normal
2026-01-07 08:00:00,CMP-02,151.68,101.46,17.01,11.54,201.86,4.24,0.327,21.87,0,104.17,0.83,0,normal
2026-01-07 09:00:00,CMP-02,154.98,98.05,19.15,12.06,210.84,4.201,0.408,22.47,0,103.95,1.05,0,normal
2026-01-07 10:00:00,CMP-02,152.96,99.89,17.46,12.35,217.79,4.22,0.369,20.9,0,107.05,2.05,0,normal
2026-01-07 11:00:00,CMP-02,157.72,100.11,18.93,11.41,214.99,4.31,0.393,22.04,0,105.24,0.24,0,normal
2026-01-07 12:00:00,CMP-02,153.79,100.13,17.56,13.07,207.03,4.27,0.31,22.85,0,103.26,1.74,0,normal
2026-01-07 13:00:00,CMP-02,155.93,102.1,17.08,12.38,213.87,4.072,0.404,22.68,1,106.39,1.39,0,normal
2026-01-07 14:00:00,CMP-02,159.54,102.06,17.86,11.24,208.55,4.315,0.336,22.31,1,103.74,1.26,0,normal
2026-01-07 15:00:00,CMP-02,159.93,103.52,17.92,13.14,209.63,4.023,0.306,21.64,0,106.1,1.1,0,normal
2026-01-07 16:00:00,CMP-02,158.46,103.59,18.13,11.51,202.32,4.212,0.388,22.37,0,103.64,1.36,0,normal
2026-01-07 17:00:00,CMP-02,160.8,102.96,17.13,12.63,205.62,4.22,0.327,21.55,0,104.93,0.07,0,normal
2026-01-07 18:00:00,CMP-02,160.72,105.99,16.74,11.31,210.8,4.287,0.325,21.84,0,104.94,0.06,0,normal
2026-01-07 19:00:00,CMP-02,164.53,106.61,17.75,11.74,205.68,4.188,0.311,22.13,0,104.28,0.72,0,normal
2026-01-07 20:00:00,CMP-02,164.97,106.09,17.55,10.81,210.63,4.08,0.42,22.25,0,106.11,1.11,0,normal
2026-01-07 21:00:00,CMP-02,163.72,104.73,17.3,11.42,207.2,4.195,0.29,22.21,0,105.1,0.1,0,normal
2026-01-07 22:00:00,CMP-02,166.71,105.19,17.86,11.24,210.24,4.14,0.317,21.41,0,102.71,2.29,0,normal
2026-01-07 23:00:00,CMP-02,166.34,106.94,19.02,11.95,213.91,4.225,0.366,22.01,0,104.86,0.14,0,normal
2026-01-08 00:00:00,CMP-02,167.87,109.63,18.93,12.69,209.78,4.091,0.401,21.36,0,106.71,1.71,0,normal
2026-01-08 01:00:00,CMP-02,169.12,110.62,18.2,12.04,203.48,4.175,0.277,22.0,0,104.89,0.11,0,normal
2026-01-08 02:00:00,CMP-02,168.98,110.58,19.03,11.0,207.52,4.18,0.427,22.94,0,103.71,1.29,0,normal
2026-01-08 03:00:00,CMP-02,171.77,111.23,19.53,13.04,201.79,4.433,0.371,20.44,0,105.0,0.0,0,normal
2026-01-08 04:00:00,CMP-02,172.83,108.83,19.15,11.59,204.23,4.213,0.281,21.25,0,104.78,0.22,0,normal
2026-01-08 05:00:00,CMP-02,173.77,112.87,16.59,12.07,211.47,4.257,0.362,21.03,1,103.79,1.21,0,normal
2026-01-08 06:00:00,CMP-02,175.99,112.29,17.38,12.45,212.43,4.171,0.365,22.05,0,104.4,0.6,0,normal
2026-01-08 07:00:00,CMP-02,174.51,113.42,18.22,12.57,212.25,4.289,0.342,21.79,0,105.86,0.86,0,normal
2026-01-08 08:00:00,CMP-02,173.33,113.26,18.76,11.64,211.74,4.175,0.347,21.72,0,105.44,0.44,0,normal
2026-01-08 09:00:00,CMP-02,176.12,112.71,16.98,12.84,213.13,4.239,0.298,21.98,0,106.32,1.32,0,normal
2026-01-08 10:00:00,CMP-02,178.36,116.57,19.76,11.92,215.78,4.175,0.389,21.76,0,104.51,0.49,0,normal
2026-01-08 11:00:00,CMP-02,179.04,116.77,17.46,12.12,218.19,4.234,0.392,22.64,0,106.56,1.56,0,normal
2026-01-08 12:00:00,CMP-02,181.04,115.74,17.21,10.48,208.64,4.264,0.445,22.6,0,107.2,2.2,0,normal
2026-01-08 13:00:00,CMP-02,182.45,115.83,16.31,12.7,207.83,4.183,0.239,22.95,0,105.68,0.68,0,normal
2026-01-08 14:00:00,CMP-02,181.79,117.55,18.73,11.47,210.21,4.475,0.373,22.61,0,105.29,0.29,0,normal
2026-01-08 15:00:00,CMP-02,182.8,119.95,18.81,11.23,214.3,4.174,0.331,22.03,0,106.76,1.76,0,normal
2026-01-08 16:00:00,CMP-02,182.22,120.22,18.74,12.71,212.88,4.164,0.406,21.76,0,104.73,0.27,0,normal
2026-01-08 17:00:00,CMP-02,186.86,120.29,18.19,11.93,209.42,4.135,0.268,21.6,1,102.49,2.51,0,normal
2026-01-08 18:00:00,CMP-02,185.52,121.95,18.3,11.48,208.63,4.202,0.245,22.21,0,104.38,0.62,0,normal
2026-01-08 19:00:00,CMP-02,185.05,121.93,18.1,11.76,210.96,4.268,0.371,22.49,0,102.32,2.68,0,normal
2026-01-08 20:00:00,CMP-02,185.99,121.07,19.47,11.63,207.42,4.185,0.344,21.82,0,105.39,0.39,0,normal
2026-01-08 21:00:00,CMP-02,188.25,123.59,18.6,11.54,219.95,4.164,0.351,21.88,0,106.79,1.79,0,normal
2026-01-08 22:00:00,CMP-02,192.8,123.41,18.88,12.65,210.88,4.136,0.382,23.36,0,104.32,0.68,0,normal
2026-01-08 23:00:00,CMP-02,192.39,123.16,16.67,11.68,204.09,4.247,0.356,22.87,0,103.13,1.87,0,normal
2026-01-09 00:00:00,CMP-02,188.95,126.11,16.68,11.99,210.3,4.196,0.256,21.63,0,104.91,0.09,0,normal
2026-01-09 01:00:00,CMP-02,192.78,125.93,18.94,11.43,205.08,4.186,0.354,23.09,0,104.43,0.57,0,normal
2026-01-09 02:00:00,CMP-02,194.48,124.4,18.51,11.41,208.96,4.189,0.386,21.67,0,104.6,0.4,0,normal
2026-01-09 03:00:00,CMP-02,196.13,127.62,18.44,11.67,207.44,4.164,0.434,21.44,0,104.14,0.86,0,normal
2026-01-09 04:00:00,CMP-02,196.62,127.61,17.94,11.48,204.96,4.169,0.355,22.27,0,103.17,1.83,0,normal
2026-01-09 05:00:00,CMP-02,195.85,127.61,18.26,11.97,209.48,4.134,0.356,22.11,0,103.87,1.13,0,normal
2026-01-09 06:00:00,CMP-02,198.74,128.14,17.65,12.78,210.5,4.22,0.294,22.83,0,103.7,1.3,0,normal
2026-01-09 07:00:00,CMP-02,198.0,128.13,18.53,13.38,208.91,4.157,0.37,22.53,0,104.71,0.29,0,normal
2026-01-09 08:00:00,CMP-02,195.97,128.27,16.66,11.58,210.62,4.26,0.328,23.33,1,106.04,1.04,0,normal
2026-01-09 09:00:00,CMP-02,199.72,130.95,18.09,12.66,201.6,4.22,0.327,20.72,0,102.42,2.58,0,normal
2026-01-09 10:00:00,CMP-02,200.77,131.83,17.5,11.68,217.53,4.07,0.303,22.73,0,105.63,0.63,0,normal
2026-01-09 11:00:00,CMP-02,204.72,131.54,17.31,12.52,214.81,4.32,0.445,22.42,0,103.82,1.18,0,normal
2026-01-09 12:00:00,CMP-02,205.9,132.88,17.82,11.94,208.1,4.168,0.39,21.76,0,103.95,1.05,0,normal
2026-01-09 13:00:00,CMP-02,203.12,132.79,17.85,11.77,206.11,4.267,0.301,21.42,0,104.92,0.08,0,normal
2026-01-09 14:00:00,CMP-02,206.31,133.47,17.91,12.02,213.06,4.185,0.37,22.46,0,103.09,1.91,0,normal
2026-01-09 15:00:00,CMP-02,207.16,135.12,19.36,11.11,207.09,4.215,0.335,22.13,0,104.03,0.97,0,normal
2026-01-09 16:00:00,CMP-02,205.42,135.75,17.01,11.22,208.71,4.273,0.31,21.99,0,106.14,1.14,0,normal
2026-01-09 17:00:00,CMP-02,205.3,137.48,17.23,10.48,207.78,4.17,0.43,23.02,0,104.76,0.24,0,normal
2026-01-09 18:00:00,CMP-02,209.83,135.94,18.02,13.01,212.99,4.111,0.329,22.28,0,103.0,2.0,0,normal
2026-01-09 19:00:00,CMP-02,211.25,137.54,17.99,12.96,208.4,4.138,0.309,23.28,0,105.82,0.82,0,normal
2026-01-09 20:00:00,CMP-02,210.93,137.59,18.32,12.03,207.39,4.309,0.274,22.43,0,104.54,0.46,0,normal
2026-01-09 21:00:00,CMP-02,208.12,138.69,18.75,12.84,216.56,4.186,0.357,23.1,0,104.36,0.64,0,normal
2026-01-09 22:00:00,CMP-02,213.95,140.54,18.28,12.07,204.84,4.088,0.391,21.18,0,103.91,1.09,0,normal
2026-01-09 23:00:00,CMP-02,213.96,140.2,17.29,11.4,209.91,4.204,0.35,20.5,0,104.93,0.07,0,normal
2026-01-10 00:00:00,CMP-02,214.4,139.48,19.89,11.86,211.95,4.117,0.402,22.56,0,106.48,1.48,0,normal
2026-01-10 01:00:00,CMP-02,216.42,140.5,18.16,11.1,210.57,4.095,0.327,23.56,0,104.77,0.23,0,normal
2026-01-10 02:00:00,CMP-02,215.97,141.0,18.04,11.99,213.55,4.257,0.269,21.38,0,104.63,0.37,0,normal
2026-01-10 03:00:00,CMP-02,220.01,142.03,18.06,12.29,212.75,4.278,0.3,22.13,0,105.38,0.38,0,normal
2026-01-10 04:00:00,CMP-02,220.02,142.21,17.31,12.18,202.57,4.182,0.398,22.72,0,102.16,2.84,0,normal
2026-01-10 05:00:00,CMP-02,219.99,143.06,17.38,11.33,208.09,4.109,0.303,22.17,0,103.74,1.26,0,normal
2026-01-10 06:00:00,CMP-02,222.51,144.08,18.02,12.07,211.64,4.04,0.213,21.94,0,104.96,0.04,0,normal
2026-01-10 07:00:00,CMP-02,222.94,145.31,18.22,11.27,205.68,4.224,0.325,21.94,0,102.41,2.59,0,normal
2026-01-10 08:00:00,CMP-02,221.27,144.59,18.43,11.44,211.56,4.266,0.299,21.43,0,104.91,0.09,0,normal
2026-01-10 09:00:00,CMP-02,224.74,146.31,17.16,10.88,210.55,4.099,0.337,21.83,0,105.2,0.2,0,normal
2026-01-10 10:00:00,CMP-02,225.18,146.93,18.57,12.23,204.66,4.338,0.385,23.63,0,103.97,1.03,0,normal
2026-01-10 11:00:00,CMP-02,223.87,148.51,17.12,12.03,215.78,3.968,0.398,21.47,0,104.6,0.4,0,normal
2026-01-10 12:00:00,CMP-02,226.83,148.47,18.87,12.25,206.26,4.118,0.35,21.79,0,106.1,1.1,0,normal
2026-01-10 13:00:00,CMP-02,229.77,149.43,20.09,12.89,209.57,4.308,0.316,21.11,0,105.04,0.04,0,normal
2026-01-10 14:00:00,CMP-02,228.88,149.8,16.96,13.0,208.42,4.306,0.372,22.8,0,104.81,0.19,0,normal
2026-01-10 15:00:00,CMP-02,233.53,151.45,18.49,11.83,209.34,4.069,0.37,22.63,0,104.42,0.66,0,normal
2026-01-10 16:00:00,CMP-02,235.06,150.63,18.96,12.79,217.72,4.276,0.404,21.95,0,105.5,0.62,0,normal
2026-01-10 17:00:00,CMP-02,232.45,149.71,17.67,11.89,211.51,4.316,0.362,21.06,0,106.03,1.09,0,normal
2026-01-10 18:00:00,CMP-02,235.0,152.48,19.3,11.85,215.21,4.27,0.361,21.72,0,106.26,1.38,0,normal
2026-01-10 19:00:00,CMP-02,238.59,151.59,16.97,12.27,208.19,4.206,0.353,21.91,0,103.65,1.55,0,normal
2026-01-10 20:00:00,CMP-02,235.4,150.81,17.61,12.14,207.43,4.216,0.35,22.53,0,104.17,0.96,0,normal
2026-01-10 21:00:00,CMP-02,235.38,154.57,18.6,12.12,209.45,4.078,0.399,21.97,0,105.38,0.51,0,normal
2026-01-10 22:00:00,CMP-02,237.24,154.62,19.43,11.96,211.67,4.203,0.412,22.63,0,104.6,0.57,0,normal
2026-01-10 23:00:00,CMP-02,236.53,155.54,17.74,12.37,207.58,4.192,0.344,22.45,0,104.64,0.52,0,normal
2026-01-11 00:00:00,CMP-02,237.57,156.48,16.99,11.01,215.27,4.113,0.389,22.62,0,105.81,0.99,0,normal
2026-01-11 01:00:00,CMP-02,241.38,156.41,18.7,12.77,212.96,4.112,0.487,21.77,0,104.24,1.03,0,normal
2026-01-11 02:00:00,CMP-02,241.25,158.49,19.62,11.83,212.33,4.146,0.368,22.88,0,104.88,0.38,0,normal
2026-01-11 03:00:00,CMP-02,243.44,157.98,18.75,11.97,213.05,4.177,0.349,22.89,0,104.07,1.25,0,normal
2026-01-11 04:00:00,CMP-02,244.88,158.2,17.73,11.89,203.49,4.289,0.332,22.93,0,104.63,0.72,0,normal
2026-01-11 05:00:00,CMP-02,243.62,159.24,17.15,11.51,205.77,4.215,0.375,22.19,0,104.83,0.49,0,normal
2026-01-11 06:00:00,CMP-02,245.65,157.51,20.65,12.74,202.64,4.248,0.471,23.04,0,105.14,0.51,0,normal
2026-01-11 07:00:00,CMP-02,246.52,161.08,18.57,11.88,209.65,4.297,0.34,21.83,1,103.71,1.68,0,normal
2026-01-11 08:00:00,CMP-02,246.8,159.46,17.01,12.0,215.4,4.107,0.324,21.58,0,104.69,0.71,0,normal
2026-01-11 09:00:00,CMP-02,247.49,162.25,16.91,12.68,212.3,4.202,0.434,22.89,1,106.69,2.1,0,normal
2026-01-11 10:00:00,CMP-02,250.57,162.29,19.53,12.88,204.64,4.166,0.362,22.16,0,101.66,3.82,0,normal
2026-01-11 11:00:00,CMP-02,250.75,163.18,19.58,12.19,206.1,4.142,0.475,21.37,0,105.48,0.97,0,normal
2026-01-11 12:00:00,CMP-02,252.6,162.82,18.46,12.33,215.85,4.263,0.477,21.76,0,103.32,2.21,0,normal
2026-01-11 13:00:00,CMP-02,254.8,166.31,18.2,12.62,205.28,4.195,0.446,23.6,0,104.58,1.0,0,normal
2026-01-11 14:00:00,CMP-02,255.83,162.71,19.25,12.48,201.53,4.333,0.381,22.02,0,105.6,1.21,0,normal
2026-01-11 15:00:00,CMP-02,253.0,165.54,19.26,12.61,202.08,4.165,0.372,22.64,0,104.28,1.26,0,normal
2026-01-11 16:00:00,CMP-02,254.46,165.32,18.78,11.97,208.34,4.314,0.406,23.76,0,103.29,2.28,0,normal
2026-01-11 17:00:00,CMP-02,256.54,165.18,17.57,12.38,204.91,4.117,0.456,21.39,0,103.52,2.1,0,normal
2026-01-11 18:00:00,CMP-02,258.22,169.29,18.93,11.92,205.46,4.26,0.376,22.65,0,99.96,5.7,0,normal
2026-01-11 19:00:00,CMP-02,260.69,168.51,20.77,13.1,207.65,4.156,0.439,22.17,0,102.58,3.14,0,normal
2026-01-11 20:00:00,CMP-02,258.27,171.72,17.78,12.79,204.44,4.265,0.369,22.27,1,103.16,2.51,0,normal
2026-01-11 21:00:00,CMP-02,260.21,170.48,18.08,12.73,207.45,4.267,0.411,23.16,0,103.02,2.69,0,normal
2026-01-11 22:00:00,CMP-02,262.44,170.82,18.1,12.62,206.52,4.298,0.45,20.53,0,101.25,4.51,0,normal
2026-01-11 23:00:00,CMP-02,265.21,171.55,18.15,12.23,206.28,4.164,0.444,22.99,0,102.88,2.94,0,normal
2026-01-12 00:00:00,CMP-02,266.48,170.08,20.16,11.75,212.62,4.247,0.47,21.54,0,104.23,1.63,0,normal
2026-01-12 01:00:00,CMP-02,263.19,170.7,19.4,12.05,197.78,4.143,0.401,22.02,0,101.59,4.19,0,normal
2026-01-12 02:00:00,CMP-02,265.62,174.49,17.98,12.84,207.09,4.148,0.349,21.45,0,102.06,3.78,0,normal
2026-01-12 03:00:00,CMP-02,265.55,174.43,17.86,12.03,209.25,4.196,0.478,22.9,1,101.72,4.12,0,normal
2026-01-12 04:00:00,CMP-02,269.53,173.32,18.86,13.45,208.65,4.039,0.533,22.77,0,104.16,1.77,0,normal
2026-01-12 05:00:00,CMP-02,269.8,174.94,18.33,12.75,207.13,4.25,0.344,23.28,0,102.67,3.27,0,normal
2026-01-12 06:00:00,CMP-02,269.36,175.65,19.21,12.17,208.44,4.134,0.5,23.13,0,103.44,2.48,0,normal
2026-01-12 07:00:00,CMP-02,269.9,177.51,19.12,12.77,200.07,4.234,0.459,22.57,0,102.25,3.69,0,normal
2026-01-12 08:00:00,CMP-02,272.53,177.16,17.69,13.85,205.47,4.123,0.503,23.35,0,102.28,3.72,0,normal
2026-01-12 09:00:00,CMP-02,274.76,176.63,20.65,12.82,212.63,4.207,0.465,22.65,1,103.53,2.52,0,normal
2026-01-12 10:00:00,CMP-02,272.62,179.0,18.33,13.85,207.58,4.103,0.455,22.93,0,103.15,2.86,0,normal
2026-01-12 11:00:00,CMP-02,274.42,178.12,20.25,12.61,208.29,4.269,0.469,23.03,0,102.53,3.51,0,normal
2026-01-12 12:00:00,CMP-02,276.2,180.03,19.22,12.27,212.11,4.238,0.493,22.65,0,102.79,3.3,0,normal
2026-01-12 13:00:00,CMP-02,277.03,179.37,18.85,12.94,211.31,4.186,0.476,22.96,0,102.96,3.14,0,normal
2026-01-12 14:00:00,CMP-02,278.61,177.1,17.35,12.06,206.15,4.187,0.523,22.82,0,102.34,3.8,0,normal
2026-01-12 15:00:00,CMP-02,277.2,183.18,18.55,11.81,203.59,4.101,0.411,21.91,0,101.45,4.66,0,normal
2026-01-12 16:00:00,CMP-02,278.93,180.93,20.08,11.7,210.11,4.167,0.478,21.31,0,102.98,3.18,0,normal
2026-01-12 17:00:00,CMP-02,277.22,183.78,19.81,13.49,207.35,4.331,0.471,22.1,0,101.38,4.73,0,normal
2026-01-12 18:00:00,CMP-02,282.1,184.01,18.48,12.67,207.68,4.219,0.486,22.44,1,102.39,3.84,0,normal
2026-01-12 19:00:00,CMP-02,284.93,183.34,17.08,11.64,206.29,4.316,0.535,22.93,0,102.02,4.27,0,normal
2026-01-12 20:00:00,CMP-02,280.3,183.27,19.39,13.32,203.42,4.323,0.493,22.68,0,102.57,3.62,0,normal
2026-01-12 21:00:00,CMP-02,283.86,187.44,18.17,11.96,201.2,3.968,0.574,23.28,0,102.22,4.05,0,normal
2026-01-12 22:00:00,CMP-02,287.62,186.17,19.15,12.41,207.38,4.235,0.559,21.9,0,101.01,5.35,0,normal
2026-01-12 23:00:00,CMP-02,286.74,188.02,18.41,13.61,199.55,4.237,0.511,22.71,0,103.81,2.53,0,normal
2026-01-13 00:00:00,CMP-02,284.59,187.59,20.34,12.26,205.91,4.304,0.532,23.17,1,101.2,5.09,0,normal
2026-01-13 01:00:00,CMP-02,291.1,188.94,18.93,13.54,206.32,4.214,0.518,23.1,0,102.38,4.05,0,normal
2026-01-13 02:00:00,CMP-02,287.43,188.78,19.44,12.5,206.55,4.006,0.445,23.26,0,99.71,6.65,0,normal
2026-01-13 03:00:00,CMP-02,293.47,187.7,19.33,13.07,204.28,4.24,0.497,21.13,0,99.85,6.64,0,normal
2026-01-13 04:00:00,CMP-02,290.95,188.93,18.87,13.5,204.27,4.369,0.596,22.35,1,100.34,6.09,0,normal
2026-01-13 05:00:00,CMP-02,291.73,190.9,20.07,13.01,205.58,4.162,0.562,20.98,1,101.48,4.97,0,normal
2026-01-13 06:00:00,CMP-02,294.05,189.76,19.8,13.0,209.63,4.131,0.472,22.86,0,101.96,4.55,0,normal
2026-01-13 07:00:00,CMP-02,294.96,191.38,19.79,13.15,198.41,4.222,0.555,24.09,0,98.18,8.35,0,normal
2026-01-13 08:00:00,CMP-02,297.08,192.3,19.24,12.21,201.59,4.222,0.49,22.55,0,100.95,5.63,0,normal
2026-01-13 09:00:00,CMP-02,297.9,194.33,20.0,13.11,198.1,4.102,0.492,22.84,2,99.71,6.89,0,normal
2026-01-13 10:00:00,CMP-02,297.73,195.57,18.66,13.06,202.11,4.324,0.53,22.11,0,100.35,6.24,0,normal
2026-01-13 11:00:00,CMP-02,301.38,192.02,19.9,14.01,200.04,4.389,0.615,22.25,0,100.67,6.01,0,normal
2026-01-13 12:00:00,CMP-02,301.28,195.5,19.46,12.92,200.36,4.19,0.488,24.29,0,102.75,3.93,0,normal
2026-01-13 13:00:00,CMP-02,301.49,197.73,17.13,13.57,199.7,4.106,0.574,21.94,0,102.54,4.14,0,normal
2026-01-13 14:00:00,CMP-02,302.24,194.77,18.52,13.28,201.49,4.149,0.597,22.81,0,101.99,4.71,0,normal
2026-01-13 15:00:00,CMP-02,302.83,195.74,19.35,12.19,203.63,4.258,0.432,22.91,1,101.12,5.59,0,normal
2026-01-13 16:00:00,CMP-02,303.86,198.96,21.5,12.75,203.49,3.994,0.526,24.33,0,102.5,4.24,0,normal
2026-01-13 17:00:00,CMP-02,306.2,198.47,20.85,13.15,208.73,4.204,0.574,23.36,0,102.32,4.48,0,normal
2026-01-13 18:00:00,CMP-02,306.85,198.29,19.29,13.41,199.79,4.111,0.498,23.54,0,98.33,8.48,0,normal
2026-01-13 19:00:00,CMP-02,307.07,199.81,20.76,12.78,206.75,4.066,0.637,22.77,0,99.37,7.45,0,normal
2026-01-13 20:00:00,CMP-02,309.83,201.05,19.06,12.93,203.59,4.152,0.515,22.91,0,100.19,6.68,0,normal
2026-01-13 21:00:00,CMP-02,308.53,200.99,20.82,13.49,200.76,4.248,0.637,23.76,0,99.38,7.47,0,normal
2026-01-13 22:00:00,CMP-02,310.78,201.98,19.58,13.56,200.18,4.172,0.538,22.9,1,100.38,6.52,0,normal
2026-01-13 23:00:00,CMP-02,312.55,202.43,19.18,12.96,197.01,4.205,0.543,23.99,1,101.27,5.67,0,normal
2026-01-14 00:00:00,CMP-02,309.99,203.31,18.53,12.99,202.41,4.351,0.65,22.21,0,100.36,6.53,0,normal
2026-01-14 01:00:00,CMP-02,312.52,203.75,19.78,13.62,201.88,4.184,0.589,22.79,0,99.79,7.15,0,normal
2026-01-14 02:00:00,CMP-02,317.0,204.65,20.85,12.86,200.69,4.111,0.56,23.07,0,97.97,9.08,0,normal
2026-01-14 03:00:00,CMP-02,313.28,204.64,19.9,13.47,205.08,4.2,0.527,23.53,1,100.08,6.88,0,normal
2026-01-14 04:00:00,CMP-02,318.07,206.75,22.87,13.57,195.4,4.167,0.646,22.49,0,97.61,9.46,0,normal
2026-01-14 05:00:00,CMP-02,315.09,205.79,19.45,12.18,195.26,4.285,0.621,23.35,0,98.3,8.71,0,normal
2026-01-14 06:00:00,CMP-02,318.73,206.21,21.08,14.21,199.55,4.12,0.496,22.71,1,100.15,6.94,0,normal
2026-01-14 07:00:00,CMP-02,317.08,205.8,20.83,14.08,204.19,4.113,0.557,23.68,0,99.91,7.14,0,normal
2026-01-14 08:00:00,CMP-02,318.89,207.24,20.19,13.76,198.44,4.151,0.566,22.06,0,99.82,7.28,0,normal
2026-01-14 09:00:00,CMP-02,320.32,208.92,19.93,13.95,205.16,4.212,0.591,23.08,1,99.44,7.68,0,normal
2026-01-14 10:00:00,CMP-02,321.01,209.19,19.56,13.39,200.74,4.273,0.591,22.48,1,99.28,7.86,0,normal
2026-01-14 11:00:00,CMP-02,324.82,210.73,20.83,13.98,203.53,4.279,0.555,23.37,0,99.72,7.51,0,normal
2026-01-14 12:00:00,CMP-02,325.5,209.37,20.91,12.99,199.19,4.318,0.546,23.46,0,97.81,9.44,0,normal
2026-01-14 13:00:00,CMP-02,326.57,210.62,20.08,12.62,194.29,4.234,0.547,22.77,0,98.71,8.57,0,normal
2026-01-14 14:00:00,CMP-02,326.35,209.74,19.65,13.47,200.15,4.137,0.643,22.59,0,98.37,8.9,0,normal
2026-01-14 15:00:00,CMP-02,329.95,212.33,19.25,13.64,195.09,4.21,0.611,22.25,1,98.55,8.8,0,normal
2026-01-14 16:00:00,CMP-02,329.85,214.38,20.25,13.44,198.22,4.331,0.643,22.87,0,100.47,6.88,0,normal
2026-01-14 17:00:00,CMP-02,329.58,214.47,18.87,13.16,200.63,4.129,0.623,23.96,1,97.55,9.79,0,normal
2026-01-14 18:00:00,CMP-02,328.11,214.13,19.64,13.07,197.56,4.152,0.655,23.52,0,100.98,6.33,0,normal
2026-01-14 19:00:00,CMP-02,332.23,215.78,22.02,13.16,195.73,4.103,0.67,22.67,0,98.79,8.62,0,normal
2026-01-14 20:00:00,CMP-02,333.17,216.19,19.62,13.47,203.75,4.178,0.623,24.51,1,99.1,8.32,0,normal
2026-01-14 21:00:00,CMP-02,333.17,215.51,19.99,12.57,204.84,4.145,0.594,23.83,1,100.87,6.56,0,normal
2026-01-14 22:00:00,CMP-02,335.28,216.02,21.18,13.57,203.33,4.132,0.635,24.02,0,101.04,6.44,0,normal
2026-01-14 23:00:00,CMP-02,336.39,216.77,20.86,13.38,193.44,4.16,0.616,23.77,0,98.79,8.71,0,normal
2026-01-15 00:00:00,CMP-02,335.46,218.98,20.22,13.99,201.06,4.22,0.692,24.13,0,96.42,11.07,0,normal
2026-01-15 01:00:00,CMP-02,338.02,219.78,20.87,12.94,196.06,4.299,0.633,23.06,0,97.22,10.32,0,normal
2026-01-15 02:00:00,CMP-02,338.62,220.22,20.41,13.61,193.61,4.211,0.625,24.0,1,97.27,10.29,0,normal
2026-01-15 03:00:00,CMP-02,339.56,220.12,20.58,13.45,188.23,4.212,0.64,23.62,1,97.54,10.03,0,warning
2026-01-15 04:00:00,CMP-02,339.38,223.22,19.82,13.38,193.28,4.201,0.706,22.57,0,98.69,8.88,0,normal
2026-01-15 05:00:00,CMP-02,340.17,221.49,21.0,13.85,200.79,4.185,0.602,23.69,1,98.58,9.01,0,normal
2026-01-15 06:00:00,CMP-02,342.21,222.93,20.78,13.91,196.82,4.218,0.637,25.1,0,100.08,7.56,0,normal
2026-01-15 07:00:00,CMP-02,345.58,223.23,20.75,14.26,196.74,4.222,0.665,23.49,0,99.66,8.05,0,normal
2026-01-15 08:00:00,CMP-02,348.19,224.85,21.06,14.66,204.41,4.152,0.766,23.39,1,99.9,7.88,0,warning
2026-01-15 09:00:00,CMP-02,344.33,222.41,20.73,14.42,194.13,4.189,0.632,23.53,1,96.77,10.92,0,normal
2026-01-15 10:00:00,CMP-02,344.1,225.56,20.32,13.14,189.91,4.164,0.641,24.17,1,98.95,8.74,0,normal
2026-01-15 11:00:00,CMP-02,346.39,225.4,20.76,12.14,193.1,4.247,0.609,24.55,2,96.37,11.37,0,warning
2026-01-15 12:00:00,CMP-02,346.5,226.17,20.23,13.46,189.15,4.218,0.74,23.03,1,96.98,10.76,0,warning
2026-01-15 13:00:00,CMP-02,348.25,225.73,18.79,13.67,195.32,4.235,0.695,23.66,0,97.23,10.55,0,normal
2026-01-15 14:00:00,CMP-02,350.71,226.74,20.1,14.23,195.98,4.4,0.691,23.38,0,97.53,10.31,0,normal
2026-01-15 15:00:00,CMP-02,349.35,229.6,20.44,14.07,202.64,4.141,0.712,22.74,0,98.73,9.08,0,normal
2026-01-15 16:00:00,CMP-02,353.1,229.86,20.87,14.18,194.03,4.393,0.679,23.8,0,96.29,11.61,0,normal
2026-01-15 17:00:00,CMP-02,354.42,227.89,21.16,13.45,189.27,4.285,0.663,24.16,1,95.42,12.51,0,warning
2026-01-15 18:00:00,CMP-02,356.73,230.45,22.02,13.23,194.48,4.286,0.612,23.28,1,97.22,10.76,0,warning
2026-01-15 19:00:00,CMP-02,358.27,230.26,22.2,13.96,195.23,4.215,0.691,24.49,2,98.48,9.54,0,warning
2026-01-15 20:00:00,CMP-02,357.8,232.69,22.24,15.13,201.95,4.288,0.651,23.98,0,97.37,10.64,0,warning
2026-01-15 21:00:00,CMP-02,361.08,232.63,20.84,13.71,193.27,4.282,0.767,23.46,1,95.82,12.27,0,maintenance_needed
2026-01-15 22:00:00,CMP-02,357.1,233.64,21.8,13.09,194.05,4.272,0.66,23.76,0,95.86,12.13,0,warning
2026-01-15 23:00:00,CMP-02,359.5,233.35,19.19,14.24,197.05,4.011,0.655,23.76,0,94.71,13.33,0,warning
2026-01-16 00:00:00,CMP-02,360.31,234.12,20.06,13.89,183.77,4.108,0.65,25.15,1,95.27,12.8,0,maintenance_needed
2026-01-16 01:00:00,CMP-02,361.79,233.98,22.4,13.95,197.79,4.318,0.726,24.56,1,96.71,11.39,0,maintenance_needed
2026-01-16 02:00:00,CMP-02,363.84,233.66,20.97,14.49,198.96,4.326,0.796,24.2,0,95.48,12.67,0,maintenance_needed
2026-01-16 03:00:00,CMP-02,362.42,235.37,20.96,13.86,199.05,4.227,0.749,23.2,0,97.13,10.98,0,warning
2026-01-16 04:00:00,CMP-02,367.08,238.06,21.5,12.79,191.71,4.19,0.601,23.26,0,95.28,12.94,0,warning
2026-01-16 05:00:00,CMP-02,367.3,238.84,21.6,13.51,203.78,4.233,0.725,23.63,0,97.41,10.82,0,warning
2026-01-16 06:00:00,CMP-02,366.64,236.97,20.94,13.91,196.91,4.118,0.726,23.86,1,96.91,11.3,0,warning
2026-01-16 07:00:00,CMP-02,367.85,237.64,21.17,14.56,206.39,4.327,0.833,24.11,1,98.22,10.02,0,maintenance_needed
2026-01-16 08:00:00,CMP-02,366.27,238.4,19.99,13.69,197.99,4.219,0.735,24.22,0,97.31,10.89,0,warning
2026-01-16 09:00:00,CMP-02,364.54,239.01,21.4,14.28,195.95,4.213,0.637,23.64,1,95.48,12.68,0,warning
2026-01-16 10:00:00,CMP-02,369.85,239.21,21.98,14.7,199.14,4.277,0.689,23.73,2,97.55,10.74,0,maintenance_needed
2026-01-16 11:00:00,CMP-02,371.58,240.41,22.03,14.93,189.1,4.122,0.666,25.14,0,95.04,13.29,0,maintenance_needed
2026-01-16 12:00:00,CMP-02,372.42,242.58,21.46,13.67,196.56,4.175,0.765,23.56,0,98.2,10.15,0,warning
2026-01-16 13:00:00,CMP-02,371.04,243.31,20.82,14.11,186.95,4.268,0.774,23.66,0,95.08,13.23,0,maintenance_needed
2026-01-16 14:00:00,CMP-02,373.2,245.06,21.04,14.2,188.78,4.261,0.803,23.38,2,95.23,13.14,0,maintenance_needed
2026-01-16 15:00:00,CMP-02,378.17,243.59,20.79,14.04,198.17,4.271,0.796,23.19,0,98.02,10.46,0,warning
2026-01-16 16:00:00,CMP-02,377.33,241.98,20.26,15.08,191.62,4.179,0.69,24.26,0,95.09,13.38,0,maintenance_needed
2026-01-16 17:00:00,CMP-02,378.12,244.43,21.82,13.97,193.61,4.164,0.713,22.95,1,94.53,13.95,0,maintenance_needed
2026-01-16 18:00:00,CMP-02,377.46,244.5,20.88,14.78,195.99,4.219,0.744,23.26,0,95.09,13.38,0,maintenance_needed
2026-01-16 19:00:00,CMP-02,380.34,245.97,23.3,13.91,191.63,4.199,0.745,24.19,0,94.98,13.56,0,maintenance_needed
2026-01-16 20:00:00,CMP-02,382.33,246.17,21.78,14.68,194.46,4.302,0.764,24.31,1,94.7,13.88,0,maintenance_needed
2026-01-16 21:00:00,CMP-02,382.38,248.76,22.68,15.09,195.91,4.141,0.858,24.37,0,94.49,14.09,0,maintenance_needed
2026-01-16 22:00:00,CMP-02,381.29,247.35,20.27,15.06,193.54,4.234,0.719,24.51,1,96.17,12.39,0,maintenance_needed
2026-01-16 23:00:00,CMP-02,383.53,248.96,21.45,14.09,196.94,4.258,0.741,24.51,1,95.93,12.68,0,maintenance_needed
2026-01-17 00:00:00,CMP-02,382.44,251.64,22.27,14.09,201.9,4.412,0.734,24.12,0,95.09,13.5,0,maintenance_needed
2026-01-17 01:00:00,CMP-02,384.47,250.23,22.27,14.58,190.23,4.124,0.714,22.71,1,95.33,13.3,0,maintenance_needed
2026-01-17 02:00:00,CMP-02,387.08,249.02,21.98,14.98,188.69,4.301,0.702,24.18,0,94.99,13.71,0,maintenance_needed
2026-01-17 03:00:00,CMP-02,386.06,252.57,22.09,14.21,188.22,4.287,0.726,23.91,0,94.09,14.58,0,maintenance_needed
2026-01-17 04:00:00,CMP-02,387.61,252.73,21.05,14.86,193.58,4.195,0.695,23.6,0,93.68,15.03,0,maintenance_needed
2026-01-17 05:00:00,CMP-02,391.59,253.47,21.07,13.51,199.52,4.237,0.832,23.99,0,96.68,12.12,0,warning
2026-01-17 06:00:00,CMP-02,389.72,254.28,21.33,14.57,187.91,4.264,0.707,24.91,3,95.23,13.53,0,maintenance_needed
2026-01-17 07:00:00,CMP-02,392.4,253.07,20.62,14.77,187.74,4.19,0.734,24.32,0,95.55,13.27,0,maintenance_needed
2026-01-17 08:00:00,CMP-02,391.49,253.67,22.58,13.73,189.69,4.025,0.696,24.69,1,96.25,12.55,0,maintenance_needed
2026-01-17 09:00:00,CMP-02,390.99,255.62,20.86,14.34,194.66,4.199,0.784,23.81,0,93.2,15.59,0,maintenance_needed
2026-01-17 10:00:00,CMP-02,394.03,254.17,21.0,15.0,188.25,4.179,0.735,24.53,0,94.67,14.19,0,maintenance_needed
2026-01-17 11:00:00,CMP-02,394.38,255.79,21.66,13.55,188.26,4.106,0.839,23.74,3,94.72,14.15,0,maintenance_needed
2026-01-17 12:00:00,CMP-02,392.43,258.7,23.14,14.08,189.04,4.324,0.72,22.83,2,93.78,15.05,0,maintenance_needed
2026-01-17 13:00:00,CMP-02,394.88,256.6,22.07,13.55,188.75,4.097,0.812,24.9,0,95.58,13.3,0,maintenance_needed
2026-01-17 14:00:00,CMP-02,397.27,259.09,22.33,15.63,191.91,4.227,0.664,23.57,0,93.9,15.04,0,maintenance_needed
2026-01-17 15:00:00,CMP-02,401.66,260.55,22.1,13.61,193.0,4.156,0.766,23.08,2,95.81,13.23,0,maintenance_needed
2026-01-17 16:00:00,CMP-02,399.0,259.92,23.24,13.49,186.74,4.139,0.758,23.98,0,94.12,14.86,0,maintenance_needed
2026-01-17 17:00:00,CMP-02,400.97,260.13,22.5,14.92,188.2,4.176,0.787,23.16,1,95.97,13.05,0,maintenance_needed
2026-01-17 18:00:00,CMP-02,403.15,262.78,20.87,14.88,190.32,4.158,0.749,23.76,0,95.34,13.73,0,maintenance_needed
2026-01-17 19:00:00,CMP-02,403.55,260.39,21.08,13.94,193.09,4.055,0.831,23.82,0,94.58,14.5,0,maintenance_needed
2026-01-17 20:00:00,CMP-02,403.42,264.48,22.2,15.02,196.65,4.114,0.765,24.19,0,95.83,13.25,0,maintenance_needed
2026-01-17 21:00:00,CMP-02,408.07,262.23,22.39,15.28,192.06,4.119,0.812,23.43,1,94.77,14.42,0,maintenance_needed
2026-01-17 22:00:00,CMP-02,408.42,263.93,21.74,14.25,193.29,4.171,0.849,25.09,1,95.52,13.68,0,maintenance_needed
2026-01-17 23:00:00,CMP-02,402.67,263.29,22.31,15.02,184.93,4.296,0.811,24.47,0,93.52,15.54,0,maintenance_needed
2026-01-18 00:00:00,CMP-02,409.74,263.97,23.27,15.84,191.4,4.082,0.874,23.67,0,93.27,15.96,0,maintenance_needed
2026-01-18 01:00:00,CMP-02,410.0,266.96,21.81,14.54,190.06,4.097,0.806,23.99,2,93.89,15.34,0,maintenance_needed
2026-01-18 02:00:00,CMP-02,411.78,266.57,23.39,13.58,188.0,4.221,0.789,24.4,1,94.17,15.11,0,maintenance_needed
2026-01-18 03:00:00,CMP-02,411.19,267.73,23.38,14.43,192.04,4.189,0.857,24.58,1,95.73,13.53,0,maintenance_needed
2026-01-18 04:00:00,CMP-02,413.5,266.31,19.87,16.14,183.54,4.179,0.831,23.33,0,91.88,17.44,0,maintenance_needed
2026-01-18 05:00:00,CMP-02,416.47,268.04,21.85,13.32,189.03,4.266,0.811,23.15,0,94.16,15.23,0,maintenance_needed
2026-01-18 06:00:00,CMP-02,417.08,267.68,23.0,14.92,182.1,4.359,0.866,24.35,1,92.91,16.49,0,maintenance_needed
2026-01-18 07:00:00,CMP-02,418.22,269.71,22.33,14.4,189.11,4.254,0.875,24.12,0,94.22,15.21,0,maintenance_needed
2026-01-18 08:00:00,CMP-02,417.91,270.91,22.43,15.36,190.13,4.14,0.884,24.22,1,94.43,15.0,0,maintenance_needed
2026-01-18 09:00:00,CMP-02,418.68,271.61,23.16,14.66,194.34,4.2,0.893,23.68,1,93.19,16.25,0,maintenance_needed
2026-01-18 10:00:00,CMP-02,419.71,272.27,23.1,14.89,189.77,4.183,0.811,24.81,1,93.83,15.63,0,maintenance_needed
2026-01-18 11:00:00,CMP-02,417.03,271.6,21.8,14.37,186.28,4.19,0.833,24.59,0,92.78,16.62,0,maintenance_needed
2026-01-18 12:00:00,CMP-02,424.09,273.64,20.47,14.59,186.15,4.186,0.835,24.98,1,91.71,17.86,0,maintenance_needed
2026-01-18 13:00:00,CMP-02,0.45,-0.51,18.43,12.6,217.29,4.174,0.342,22.88,0,106.5,1.5,1,normal
2026-01-18 14:00:00,CMP-02,1.61,2.17,18.81,12.97,212.2,4.172,0.287,21.99,0,104.95,0.05,0,normal
2026-01-18 15:00:00,CMP-02,2.24,1.1,18.37,12.73,210.24,4.208,0.355,21.73,0,105.51,0.51,0,normal
2026-01-18 16:00:00,CMP-02,3.87,3.3,18.28,11.59,209.45,4.311,0.401,20.12,0,105.64,0.64,0,normal
2026-01-18 17:00:00,CMP-02,0.24,2.18,18.58,11.6,213.38,4.243,0.372,22.46,0,107.05,2.05,0,normal
2026-01-18 18:00:00,CMP-02,5.44,3.99,18.37,11.93,202.29,4.308,0.294,23.06,0,101.51,3.49,0,normal
2026-01-18 19:00:00,CMP-02,3.77,4.15,17.43,12.08,209.52,4.212,0.329,22.29,0,105.91,0.91,0,normal
2026-01-18 20:00:00,CMP-02,5.27,2.87,18.18,11.31,208.94,4.243,0.364,21.92,0,106.28,1.28,0,normal
2026-01-18 21:00:00,CMP-02,4.71,5.95,18.46,11.59,214.62,4.119,0.432,22.55,0,106.08,1.08,0,normal
2026-01-18 22:00:00,CMP-02,5.96,4.8,17.47,11.59,205.65,4.212,0.327,22.85,0,105.58,0.58,0,normal
2026-01-18 23:00:00,CMP-02,11.07,4.46,18.06,11.6,207.31,4.284,0.35,23.04,0,103.6,1.4,0,normal
2026-01-19 00:00:00,CMP-02,10.15,7.3,18.88,11.44,216.76,4.158,0.327,22.25,0,102.33,2.67,0,normal
2026-01-19 01:00:00,CMP-02,11.84,9.08,19.58,12.21,215.57,4.234,0.303,21.77,0,107.13,2.13,0,normal
2026-01-19 02:00:00,CMP-02,12.72,9.28,18.57,11.24,201.97,4.237,0.357,21.85,1,104.92,0.08,0,normal
2026-01-19 03:00:00,CMP-02,11.95,8.13,19.66,11.26,206.59,4.095,0.374,22.22,0,104.36,0.64,0,normal
2026-01-19 04:00:00,CMP-02,13.76,7.79,17.94,12.56,212.3,4.177,0.338,21.34,0,104.2,0.8,0,normal
2026-01-19 05:00:00,CMP-02,13.77,7.34,17.85,11.68,212.43,4.337,0.404,21.79,0,103.22,1.78,0,normal
2026-01-19 06:00:00,CMP-02,16.46,10.31,19.07,11.49,205.6,4.037,0.337,22.73,0,104.46,0.54,0,normal
2026-01-19 07:00:00,CMP-02,14.05,11.09,17.84,11.72,205.16,4.295,0.333,23.06,0,104.87,0.13,0,normal
2026-01-19 08:00:00,CMP-02,18.31,12.15,17.65,12.14,216.49,4.221,0.377,23.14,0,104.51,0.49,0,normal
2026-01-19 09:00:00,CMP-02,21.64,14.39,17.06,12.28,211.9,4.384,0.407,21.4,0,104.75,0.25,0,normal
2026-01-19 10:00:00,CMP-02,23.17,13.41,17.96,12.91,212.68,4.181,0.34,22.86,0,103.47,1.53,0,normal
2026-01-19 11:00:00,CMP-02,24.06,13.05,17.74,12.13,207.72,4.271,0.411,22.7,0,103.19,1.81,0,normal
2026-01-19 12:00:00,CMP-02,23.9,13.66,16.92,10.87,207.27,4.125,0.399,21.5,0,105.1,0.1,0,normal
2026-01-19 13:00:00,CMP-02,22.21,14.5,16.92,11.86,207.84,4.284,0.349,22.25,0,104.62,0.38,0,normal
2026-01-19 14:00:00,CMP-02,26.63,15.47,18.27,11.08,213.02,4.266,0.426,22.71,0,103.44,1.56,0,normal
2026-01-19 15:00:00,CMP-02,26.94,17.25,18.63,11.96,210.66,4.168,0.396,21.76,1,104.71,0.29,0,normal
2026-01-19 16:00:00,CMP-02,27.48,17.17,17.58,11.93,214.4,4.269,0.396,21.37,1,105.17,0.17,0,normal
2026-01-19 17:00:00,CMP-02,25.84,18.1,17.39,11.18,209.84,4.23,0.388,22.1,0,104.3,0.7,0,normal
2026-01-19 18:00:00,CMP-02,29.71,18.95,17.79,12.78,203.44,4.134,0.243,22.6,0,104.47,0.53,0,normal
2026-01-19 19:00:00,CMP-02,32.53,19.72,14.57,12.29,211.09,4.185,0.332,21.34,0,105.29,0.29,0,normal
2026-01-19 20:00:00,CMP-02,32.33,20.88,17.5,12.75,207.91,4.048,0.455,21.49,0,104.63,0.37,0,normal
2026-01-19 21:00:00,CMP-02,31.6,22.12,18.9,11.25,213.15,4.141,0.327,20.71,1,106.27,1.27,0,normal
2026-01-19 22:00:00,CMP-02,33.98,20.3,18.77,12.59,211.36,4.15,0.404,21.83,1,103.44,1.56,0,normal
2026-01-19 23:00:00,CMP-02,34.01,21.75,17.52,12.18,207.72,4.333,0.276,21.86,0,106.45,1.45,0,normal
2026-01-20 00:00:00,CMP-02,35.32,22.61,17.82,12.59,214.67,4.156,0.379,21.98,0,105.47,0.47,0,normal
2026-01-20 01:00:00,CMP-02,37.52,23.21,16.6,12.42,211.32,4.244,0.31,20.99,0,105.19,0.19,0,normal
2026-01-20 02:00:00,CMP-02,37.62,24.97,16.98,11.83,212.54,4.24,0.337,22.56,0,105.66,0.66,0,normal
2026-01-20 03:00:00,CMP-02,38.13,25.52,18.02,11.47,210.0,4.308,0.3,21.82,0,105.6,0.6,0,normal
2026-01-20 04:00:00,CMP-02,39.69,24.62,17.09,12.24,211.35,4.159,0.36,22.16,0,104.4,0.6,0,normal
2026-01-20 05:00:00,CMP-02,38.54,27.89,19.3,12.17,211.23,4.212,0.326,22.62,0,105.82,0.82,0,normal
2026-01-20 06:00:00,CMP-02,39.22,27.24,18.84,11.25,209.19,4.128,0.361,22.22,0,105.11,0.11,0,normal
2026-01-20 07:00:00,CMP-02,42.87,28.09,18.36,11.15,209.3,4.242,0.339,22.0,0,105.52,0.52,0,normal
2026-01-20 08:00:00,CMP-02,41.94,27.26,18.23,13.55,210.99,4.284,0.374,23.0,0,104.37,0.63,0,normal
2026-01-20 09:00:00,CMP-02,45.0,29.5,17.5,11.76,214.71,4.268,0.317,21.57,0,105.67,0.67,0,normal
2026-01-20 10:00:00,CMP-02,41.71,28.88,18.03,11.15,210.94,4.109,0.347,21.54,0,104.97,0.03,0,normal
2026-01-20 11:00:00,CMP-02,48.14,28.82,16.45,11.22,200.62,4.057,0.235,22.09,0,103.09,1.91,0,normal
2026-01-20 12:00:00,CMP-02,46.82,30.69,18.52,11.43,205.31,4.128,0.37,22.25,0,103.38,1.62,0,normal
2026-01-20 13:00:00,CMP-02,50.98,30.04,18.56,12.09,202.77,4.154,0.332,22.11,0,104.85,0.15,0,normal
2026-01-20 14:00:00,CMP-02,44.57,30.61,18.65,11.33,204.77,4.251,0.374,21.16,0,104.85,0.15,0,normal
2026-01-20 15:00:00,CMP-02,46.99,33.02,17.87,12.25,209.26,4.237,0.369,20.83,0,105.26,0.26,0,normal
2026-01-20 16:00:00,CMP-02,53.51,34.06,19.28,11.58,206.72,4.25,0.412,21.46,0,105.65,0.65,0,normal
2026-01-20 17:00:00,CMP-02,52.28,33.02,18.07,11.01,210.58,4.008,0.277,21.67,0,104.95,0.05,0,normal
2026-01-20 18:00:00,CMP-02,53.55,35.54,18.16,12.71,203.26,4.188,0.313,23.23,1,106.19,1.19,0,normal
2026-01-20 19:00:00,CMP-02,54.23,36.44,17.58,12.43,207.16,4.243,0.263,22.64,0,104.96,0.04,0,normal
2026-01-20 20:00:00,CMP-02,55.29,37.06,17.62,12.12,203.79,4.177,0.33,22.28,0,104.73,0.27,0,normal
2026-01-20 21:00:00,CMP-02,56.97,36.79,16.72,12.67,208.01,4.103,0.372,21.41,0,105.96,0.96,0,normal
2026-01-20 22:00:00,CMP-02,55.2,36.71,17.56,11.78,211.87,4.131,0.36,21.74,0,105.98,0.98,0,normal
2026-01-20 23:00:00,CMP-02,57.71,39.46,17.73,12.17,203.16,4.376,0.366,20.7,0,105.04,0.04,0,normal
2026-01-21 00:00:00,CMP-02,61.33,37.93,17.83,11.04,209.04,4.188,0.402,20.56,0,103.36,1.64,0,normal
2026-01-21 01:00:00,CMP-02,60.33,39.55,17.13,11.04,213.32,4.239,0.337,21.09,0,105.1,0.1,0,normal
2026-01-21 02:00:00,CMP-02,59.9,40.94,16.85,12.45,211.72,4.143,0.329,22.94,0,103.04,1.96,0,normal
2026-01-21 03:00:00,CMP-02,62.18,42.27,17.28,11.47,207.03,4.17,0.399,21.08,0,105.24,0.24,0,normal
2026-01-21 04:00:00,CMP-02,64.88,41.32,17.69,12.2,208.85,4.157,0.4,22.45,0,104.86,0.14,0,normal
2026-01-21 05:00:00,CMP-02,63.65,41.93,18.8,12.58,207.04,4.231,0.252,21.42,0,103.86,1.14,0,normal
2026-01-21 06:00:00,CMP-02,64.69,42.89,17.2,11.71,215.13,4.179,0.363,22.54,0,105.37,0.37,0,normal
2026-01-21 07:00:00,CMP-02,66.89,43.19,18.27,11.33,210.77,4.149,0.39,21.84,0,104.98,0.02,0,normal
2026-01-21 08:00:00,CMP-02,68.53,44.86,17.71,11.84,215.12,4.06,0.328,21.56,0,107.6,2.6,0,normal
2026-01-21 09:00:00,CMP-02,70.65,45.46,17.7,12.26,204.94,4.159,0.34,21.89,0,103.7,1.3,0,normal
2026-01-21 10:00:00,CMP-02,68.78,46.86,17.21,12.71,215.73,4.157,0.371,22.46,0,106.87,1.87,0,normal
2026-01-21 11:00:00,CMP-02,70.64,45.49,19.69,12.43,206.81,4.03,0.289,22.49,0,102.97,2.03,0,normal
2026-01-21 12:00:00,CMP-02,72.88,47.05,18.14,11.3,209.96,4.109,0.317,22.27,0,105.51,0.51,0,normal
2026-01-21 13:00:00,CMP-02,68.61,46.05,17.9,12.71,214.41,4.034,0.323,23.11,0,107.7,2.7,0,normal
2026-01-21 14:00:00,CMP-02,73.27,47.05,18.54,11.19,208.36,4.218,0.321,20.75,0,105.63,0.63,0,normal
2026-01-21 15:00:00,CMP-02,74.84,49.78,17.15,11.76,211.26,4.229,0.401,21.57,0,105.19,0.19,0,normal
2026-01-21 16:00:00,CMP-02,74.87,48.51,17.27,11.64,207.14,4.279,0.395,23.24,0,103.04,1.96,0,normal
2026-01-21 17:00:00,CMP-02,74.5,47.31,18.16,11.43,212.55,4.194,0.315,21.53,0,105.41,0.41,0,normal
2026-01-21 18:00:00,CMP-02,78.07,49.5,17.04,10.66,209.38,4.254,0.453,21.91,0,103.1,1.9,0,normal
2026-01-21 19:00:00,CMP-02,80.25,50.16,17.92,10.86,215.06,4.232,0.27,21.94,0,105.89,0.89,0,normal
2026-01-21 20:00:00,CMP-02,78.87,49.33,19.13,11.9,210.1,4.156,0.36,22.11,0,105.21,0.21,0,normal
2026-01-21 21:00:00,CMP-02,79.16,52.28,17.04,11.59,210.74,4.229,0.316,21.74,1,105.97,0.97,0,normal
2026-01-21 22:00:00,CMP-02,80.64,53.66,17.99,12.66,206.2,4.159,0.305,22.26,0,104.48,0.52,0,normal
2026-01-21 23:00:00,CMP-02,84.82,52.77,18.6,11.8,205.96,4.082,0.334,22.72,0,107.11,2.11,0,normal
2026-01-22 00:00:00,CMP-02,85.26,55.12,16.82,11.55,207.24,4.284,0.434,21.54,0,105.16,0.16,0,normal
2026-01-22 01:00:00,CMP-02,84.11,52.31,18.22,12.08,211.78,4.309,0.381,22.72,0,107.14,2.14,0,normal
2026-01-22 02:00:00,CMP-02,83.07,56.16,18.01,11.14,214.32,4.244,0.329,21.56,0,104.62,0.38,0,normal
2026-01-22 03:00:00,CMP-02,83.77,55.94,16.77,12.61,219.68,4.196,0.317,23.08,1,107.77,2.77,0,normal
2026-01-22 04:00:00,CMP-02,86.46,59.17,17.96,12.06,210.26,4.127,0.344,22.34,0,104.51,0.49,0,normal
2026-01-22 05:00:00,CMP-02,87.47,57.28,18.54,13.02,207.88,4.208,0.306,21.89,0,105.12,0.12,0,normal
2026-01-22 06:00:00,CMP-02,89.52,57.88,18.78,11.26,207.52,4.101,0.427,22.2,0,102.15,2.85,0,normal
2026-01-22 07:00:00,CMP-02,88.02,58.53,17.81,10.92,212.95,4.166,0.296,22.07,0,104.31,0.69,0,normal
2026-01-22 08:00:00,CMP-02,90.82,58.81,19.09,10.94,211.07,4.223,0.27,22.87,0,105.54,0.54,0,normal
2026-01-22 09:00:00,CMP-02,93.0,59.43,18.16,12.3,211.49,4.083,0.372,21.12,1,105.72,0.72,0,normal
2026-01-22 10:00:00,CMP-02,90.02,61.29,18.02,11.78,218.21,4.051,0.489,22.31,0,106.01,1.01,0,normal
2026-01-22 11:00:00,CMP-02,98.16,61.47,17.33,12.37,209.73,4.146,0.342,22.73,0,104.62,0.38,0,normal
2026-01-22 12:00:00,CMP-02,96.08,62.15,17.64,11.35,206.94,4.034,0.327,21.72,0,104.19,0.81,0,normal
2026-01-22 13:00:00,CMP-02,96.99,62.77,18.39,11.14,209.82,4.148,0.357,22.3,0,107.28,2.28,0,normal
2026-01-22 14:00:00,CMP-02,94.71,62.34,18.02,11.52,206.04,4.222,0.341,21.68,1,106.56,1.56,0,normal
2026-01-22 15:00:00,CMP-02,96.21,65.9,18.98,11.75,215.0,4.125,0.349,22.26,0,104.82,0.18,0,normal
2026-01-22 16:00:00,CMP-02,100.88,63.28,18.21,12.21,210.01,4.263,0.39,23.25,0,105.66,0.66,0,normal
2026-01-22 17:00:00,CMP-02,101.64,66.12,17.99,13.29,209.23,4.311,0.388,21.59,0,103.84,1.16,0,normal
2026-01-22 18:00:00,CMP-02,96.69,65.52,19.82,12.48,213.53,4.279,0.302,20.39,1,106.41,1.41,0,normal
2026-01-22 19:00:00,CMP-02,104.13,67.54,17.63,12.71,210.26,4.218,0.337,21.75,0,106.41,1.41,0,normal
2026-01-22 20:00:00,CMP-02,104.36,66.76,18.34,11.64,207.69,4.156,0.405,20.85,0,105.2,0.2,0,normal
2026-01-22 21:00:00,CMP-02,105.18,68.9,19.15,11.43,206.51,4.272,0.254,20.71,0,105.68,0.68,0,normal
2026-01-22 22:00:00,CMP-02,103.07,68.88,18.22,11.23,214.2,4.014,0.3,21.57,0,104.54,0.46,0,normal
2026-01-22 23:00:00,CMP-02,106.52,70.3,18.66,11.71,212.03,4.163,0.358,22.06,0,104.58,0.42,0,normal
2026-01-23 00:00:00,CMP-02,105.97,71.87,18.62,11.32,214.25,4.112,0.347,21.76,0,105.53,0.53,0,normal
2026-01-23 01:00:00,CMP-02,109.07,70.52,16.67,12.77,211.49,4.099,0.442,20.63,0,103.49,1.51,0,normal
2026-01-23 02:00:00,CMP-02,112.37,71.11,19.27,12.2,214.53,4.306,0.332,22.42,0,105.34,0.34,0,normal
2026-01-23 03:00:00,CMP-02,111.22,68.87,17.66,10.98,205.37,4.214,0.418,22.09,1,105.95,0.95,0,normal
2026-01-23 04:00:00,CMP-02,112.89,72.26,18.03,11.54,207.38,4.122,0.352,20.25,0,102.04,2.96,0,normal
2026-01-23 05:00:00,CMP-02,111.51,73.9,19.27,12.95,209.28,4.038,0.317,22.54,0,106.59,1.59,0,normal
2026-01-23 06:00:00,CMP-02,111.23,73.25,17.88,12.06,208.63,4.248,0.434,21.22,1,106.25,1.25,0,normal
2026-01-23 07:00:00,CMP-02,114.1,74.26,17.98,12.43,206.88,4.178,0.319,22.0,0,104.03,0.97,0,normal
2026-01-23 08:00:00,CMP-02,116.94,74.65,18.45,12.13,210.01,4.169,0.4,21.49,0,106.2,1.2,0,normal
2026-01-23 09:00:00,CMP-02,118.71,73.31,17.46,11.81,214.0,4.134,0.388,21.55,0,104.01,0.99,0,normal
2026-01-23 10:00:00,CMP-02,116.97,77.11,18.54,10.24,218.69,4.213,0.394,21.78,0,105.54,0.54,0,normal
2026-01-23 11:00:00,CMP-02,118.53,75.98,18.05,11.78,209.92,4.225,0.353,21.73,0,104.11,0.89,0,normal
2026-01-23 12:00:00,CMP-02,118.36,75.91,17.72,10.82,213.11,4.014,0.373,22.31,0,105.03,0.03,0,normal
2026-01-23 13:00:00,CMP-02,116.99,79.19,17.36,12.35,203.72,4.163,0.381,22.14,0,103.2,1.8,0,normal
2026-01-23 14:00:00,CMP-02,121.23,79.19,18.43,12.04,203.11,4.169,0.336,21.35,0,104.23,0.77,0,normal
2026-01-23 15:00:00,CMP-02,122.71,80.03,16.35,12.01,216.05,4.099,0.341,22.3,0,105.62,0.62,0,normal
2026-01-23 16:00:00,CMP-02,122.34,80.19,17.51,12.78,210.52,4.144,0.319,22.63,0,105.57,0.57,0,normal
2026-01-23 17:00:00,CMP-02,123.77,79.95,17.38,12.26,207.57,4.341,0.35,21.97,0,105.72,0.72,0,normal
2026-01-23 18:00:00,CMP-02,121.85,82.35,18.43,11.39,209.48,4.072,0.438,22.49,0,103.85,1.15,0,normal
2026-01-23 19:00:00,CMP-02,126.18,81.02,19.88,12.38,203.76,4.19,0.386,21.24,0,103.68,1.32,0,normal
2026-01-23 20:00:00,CMP-02,129.57,82.93,18.43,11.77,213.04,4.306,0.362,22.89,0,106.32,1.32,0,normal
2026-01-23 21:00:00,CMP-02,128.04,82.17,18.99,13.22,204.0,4.303,0.297,21.94,0,104.6,0.4,0,normal
2026-01-23 22:00:00,CMP-02,130.15,82.71,17.02,11.51,211.19,4.29,0.337,21.89,0,106.85,1.85,0,normal
2026-01-23 23:00:00,CMP-02,130.88,85.51,18.98,12.09,210.78,4.198,0.296,21.31,0,105.43,0.43,0,normal
2026-01-24 00:00:00,CMP-02,129.72,84.37,17.14,11.66,208.26,4.232,0.329,22.8,0,105.15,0.15,0,normal
2026-01-24 01:00:00,CMP-02,132.46,87.69,17.46,11.93,213.01,4.391,0.354,21.9,0,103.53,1.47,0,normal
2026-01-24 02:00:00,CMP-02,131.61,85.09,17.77,12.16,204.17,4.066,0.288,23.05,0,103.52,1.48,0,normal
2026-01-24 03:00:00,CMP-02,139.33,88.4,16.91,12.35,210.28,3.999,0.311,21.43,0,104.63,0.37,0,normal
2026-01-24 04:00:00,CMP-02,135.45,87.52,18.5,11.2,215.13,4.129,0.368,22.28,1,105.27,0.27,0,normal
2026-01-24 05:00:00,CMP-02,134.13,89.37,18.77,11.59,210.84,4.183,0.346,21.53,0,105.51,0.51,0,normal
2026-01-24 06:00:00,CMP-02,134.33,89.94,18.56,12.33,212.63,4.263,0.324,21.72,0,104.8,0.2,0,normal
2026-01-24 07:00:00,CMP-02,140.76,87.76,16.8,12.04,209.89,4.113,0.387,22.02,0,102.75,2.25,0,normal
2026-01-24 08:00:00,CMP-02,140.19,91.14,16.46,11.94,210.98,4.079,0.386,22.16,0,105.58,0.58,0,normal
2026-01-24 09:00:00,CMP-02,140.8,90.75,17.63,11.19,209.12,4.137,0.231,21.54,0,104.62,0.38,0,normal
2026-01-24 10:00:00,CMP-02,138.64,90.7,19.36,12.46,203.71,4.206,0.33,20.89,0,103.49,1.51,0,normal
2026-01-24 11:00:00,CMP-02,141.07,93.58,16.41,11.07,206.59,4.164,0.443,21.9,0,106.28,1.28,0,normal
2026-01-24 12:00:00,CMP-02,140.9,93.47,17.11,12.7,211.15,4.172,0.344,21.25,0,105.08,0.08,0,normal
2026-01-24 13:00:00,CMP-02,146.06,94.17,19.18,10.97,210.21,4.263,0.272,23.03,0,106.56,1.56,0,normal
2026-01-24 14:00:00,CMP-02,144.14,95.93,18.6,12.94,212.27,4.107,0.28,22.16,0,103.86,1.14,0,normal
2026-01-24 15:00:00,CMP-02,149.54,96.15,18.7,11.78,208.43,4.107,0.295,22.48,0,102.44,2.56,0,normal
2026-01-24 16:00:00,CMP-02,148.01,95.77,18.08,11.53,212.3,4.188,0.392,21.74,0,105.69,0.69,0,normal
2026-01-24 17:00:00,CMP-02,147.5,95.4,18.23,12.58,216.33,4.229,0.38,21.91,0,104.71,0.29,0,normal
2026-01-24 18:00:00,CMP-02,151.49,98.61,18.13,11.56,208.39,4.329,0.339,23.44,0,106.11,1.11,0,normal
2026-01-24 19:00:00,CMP-02,146.31,96.88,17.78,12.23,209.76,4.191,0.311,21.8,0,103.62,1.38,0,normal
2026-01-24 20:00:00,CMP-02,149.59,96.46,16.25,12.13,212.42,4.269,0.288,21.54,1,104.84,0.16,0,normal
2026-01-24 21:00:00,CMP-02,151.36,101.06,17.77,11.8,215.49,4.358,0.389,20.74,0,105.29,0.29,0,normal
2026-01-24 22:00:00,CMP-02,155.0,101.9,18.9,11.54,211.31,4.331,0.401,22.61,0,106.54,1.54,0,normal
2026-01-24 23:00:00,CMP-02,156.02,98.38,17.23,11.92,212.83,4.162,0.282,22.9,0,105.23,0.23,0,normal
2026-01-25 00:00:00,CMP-02,155.72,101.29,18.59,11.25,210.1,4.245,0.477,21.84,0,105.07,0.07,0,normal
2026-01-25 01:00:00,CMP-02,152.89,99.92,17.86,11.96,211.41,4.048,0.402,22.47,0,104.82,0.18,0,normal
2026-01-25 02:00:00,CMP-02,156.13,102.88,17.48,12.48,214.06,4.168,0.372,22.46,0,105.72,0.72,0,normal
2026-01-25 03:00:00,CMP-02,156.1,102.31,18.81,11.52,210.79,4.241,0.164,21.01,0,105.93,0.93,0,normal
2026-01-25 04:00:00,CMP-02,161.32,101.9,17.82,12.07,213.52,4.327,0.404,22.88,0,105.6,0.6,0,normal
2026-01-25 05:00:00,CMP-02,159.29,105.19,16.86,11.94,211.3,4.217,0.358,21.92,0,105.72,0.72,0,normal
2026-01-25 06:00:00,CMP-02,162.14,103.79,16.86,11.3,206.02,4.334,0.404,22.78,1,100.96,4.04,0,normal
2026-01-25 07:00:00,CMP-02,165.42,105.86,18.85,12.1,208.61,4.258,0.318,22.66,0,104.03,0.97,0,normal
2026-01-25 08:00:00,CMP-02,162.95,105.32,18.25,14.03,207.93,4.257,0.276,21.75,0,106.29,1.29,0,normal
2026-01-25 09:00:00,CMP-02,165.34,108.63,17.21,11.41,211.58,4.263,0.324,23.42,0,106.97,1.97,0,normal
2026-01-25 10:00:00,CMP-02,164.39,108.58,18.44,11.44,208.74,4.064,0.438,21.89,1,105.36,0.36,0,normal
2026-01-25 11:00:00,CMP-02,166.17,107.52,17.86,12.95,208.03,4.278,0.35,21.28,0,106.68,1.68,0,normal
2026-01-25 12:00:00,CMP-02,167.16,106.26,19.27,13.06,213.27,4.194,0.357,23.12,0,104.22,0.78,0,normal
2026-01-25 13:00:00,CMP-02,168.11,109.73,17.37,12.57,213.43,4.243,0.316,22.0,0,104.43,0.57,0,normal
2026-01-25 14:00:00,CMP-02,169.2,108.91,16.95,12.05,209.29,4.241,0.377,21.34,0,105.56,0.56,0,normal
2026-01-25 15:00:00,CMP-02,169.37,111.95,16.91,11.96,215.89,4.147,0.472,20.72,0,104.96,0.04,0,normal
2026-01-25 16:00:00,CMP-02,174.44,113.03,17.23,11.94,219.24,4.141,0.331,22.71,0,104.86,0.14,0,normal
2026-01-25 17:00:00,CMP-02,170.91,111.93,17.46,12.31,212.84,4.204,0.327,21.62,0,106.23,1.23,0,normal
2026-01-25 18:00:00,CMP-02,173.52,113.58,17.38,11.44,207.43,4.141,0.258,21.84,0,105.77,0.77,0,normal
2026-01-25 19:00:00,CMP-02,173.55,111.74,17.53,11.82,208.36,4.199,0.363,22.3,0,104.68,0.32,0,normal
2026-01-25 20:00:00,CMP-02,171.01,114.51,17.14,11.03,215.83,4.211,0.36,23.06,0,103.3,1.7,0,normal
2026-01-25 21:00:00,CMP-02,177.83,116.35,18.64,12.09,212.34,4.137,0.258,20.37,0,105.9,0.9,0,normal
2026-01-25 22:00:00,CMP-02,177.49,113.61,18.92,10.72,207.33,4.154,0.369,21.46,0,104.93,0.07,0,normal
2026-01-25 23:00:00,CMP-02,175.6,116.63,17.11,12.28,210.49,4.13,0.301,21.82,0,103.51,1.49,0,normal
2026-01-26 00:00:00,CMP-02,177.76,116.72,19.15,11.46,212.64,4.23,0.419,21.82,0,103.66,1.34,0,normal
2026-01-26 01:00:00,CMP-02,177.17,118.07,18.83,11.77,214.16,4.153,0.389,21.55,0,106.33,1.33,0,normal
2026-01-26 02:00:00,CMP-02,181.58,117.81,19.01,13.43,211.78,4.267,0.351,22.61,1,106.57,1.57,0,normal
2026-01-26 03:00:00,CMP-02,184.88,118.3,17.53,11.43,208.48,4.126,0.285,21.67,0,104.89,0.11,0,normal
2026-01-26 04:00:00,CMP-02,185.26,120.38,17.16,11.45,212.73,4.224,0.348,22.27,0,105.66,0.66,0,normal
2026-01-26 05:00:00,CMP-02,181.74,119.72,19.02,12.23,203.36,4.212,0.31,22.31,0,106.14,1.14,0,normal
2026-01-26 06:00:00,CMP-02,181.97,120.86,16.21,12.01,213.18,4.05,0.442,21.15,0,105.56,0.56,0,normal
2026-01-26 07:00:00,CMP-02,187.01,119.45,17.71,12.53,204.33,4.183,0.393,22.71,0,104.74,0.26,0,normal
2026-01-26 08:00:00,CMP-02,190.09,122.07,17.57,12.29,206.55,4.393,0.365,22.06,0,105.21,0.21,0,normal
2026-01-26 09:00:00,CMP-02,188.15,123.05,17.52,12.32,205.14,4.236,0.322,22.23,0,104.83,0.17,0,normal
2026-01-26 10:00:00,CMP-02,190.95,122.76,17.32,12.84,210.09,4.173,0.358,22.08,0,104.58,0.42,0,normal
2026-01-26 11:00:00,CMP-02,187.55,123.52,17.81,11.68,202.31,4.23,0.325,20.9,0,105.94,0.94,0,normal
2026-01-26 12:00:00,CMP-02,190.86,121.98,17.79,11.86,202.75,4.112,0.455,21.66,0,103.73,1.27,0,normal
2026-01-26 13:00:00,CMP-02,192.85,123.7,18.16,12.42,214.58,4.153,0.374,23.17,1,106.55,1.55,0,normal
2026-01-26 14:00:00,CMP-02,192.31,125.22,17.2,12.08,208.99,4.285,0.296,21.96,0,104.86,0.14,0,normal
2026-01-26 15:00:00,CMP-02,193.64,125.81,17.89,11.47,216.45,4.244,0.29,21.42,0,106.59,1.59,0,normal
2026-01-26 16:00:00,CMP-02,196.28,129.26,18.39,10.48,205.11,4.159,0.422,20.68,0,102.51,2.49,0,normal
2026-01-26 17:00:00,CMP-02,194.93,128.34,18.04,12.3,203.17,4.167,0.355,22.03,0,106.79,1.79,0,normal
2026-01-26 18:00:00,CMP-02,195.26,126.78,17.17,11.99,203.99,4.156,0.341,22.0,0,105.77,0.77,0,normal
2026-01-26 19:00:00,CMP-02,199.39,131.32,17.48,11.43,212.17,4.231,0.257,21.66,0,105.75,0.75,0,normal
2026-01-26 20:00:00,CMP-02,199.48,127.84,18.39,12.09,214.52,4.272,0.384,22.17,0,105.07,0.07,0,normal
2026-01-26 21:00:00,CMP-02,198.25,128.77,17.79,12.72,209.86,4.158,0.278,21.19,0,103.46,1.54,0,normal
2026-01-26 22:00:00,CMP-02,201.82,129.72,17.78,11.46,211.31,4.132,0.373,20.67,0,105.85,0.85,0,normal
2026-01-26 23:00:00,CMP-02,201.03,131.3,17.86,12.25,215.3,4.087,0.371,21.46,0,107.42,2.42,0,normal
2026-01-27 00:00:00,CMP-02,204.19,134.92,18.6,11.67,217.88,4.084,0.389,21.72,0,105.07,0.07,0,normal
2026-01-27 01:00:00,CMP-02,204.03,132.37,18.33,11.82,207.54,4.284,0.364,22.91,0,104.65,0.35,0,normal
2026-01-27 02:00:00,CMP-02,204.52,133.93,20.69,11.51,205.46,4.164,0.353,20.84,0,104.75,0.25,0,normal
2026-01-27 03:00:00,CMP-02,204.65,132.32,19.17,11.72,216.26,3.999,0.248,21.88,0,106.21,1.21,0,normal
2026-01-27 04:00:00,CMP-02,207.4,134.11,18.52,12.18,212.7,4.288,0.337,23.64,0,106.52,1.52,0,normal
2026-01-27 05:00:00,CMP-02,207.96,138.16,18.67,12.06,210.88,4.266,0.432,22.82,0,104.92,0.08,0,normal
2026-01-27 06:00:00,CMP-02,212.44,137.39,17.56,12.27,209.77,4.176,0.361,22.17,0,104.08,0.92,0,normal
2026-01-27 07:00:00,CMP-02,209.96,137.61,18.06,12.15,207.95,4.329,0.396,21.89,1,107.51,2.51,0,normal
2026-01-27 08:00:00,CMP-02,208.61,138.95,18.63,12.48,202.67,4.251,0.352,22.17,0,103.27,1.73,0,normal
2026-01-27 09:00:00,CMP-02,215.76,138.52,19.13,12.73,206.31,4.085,0.327,22.48,0,103.8,1.2,0,normal
2026-01-27 10:00:00,CMP-02,209.37,139.13,17.95,12.13,211.47,4.175,0.364,22.5,0,104.58,0.42,0,normal
2026-01-27 11:00:00,CMP-02,217.01,137.96,17.59,12.39,211.02,4.186,0.284,21.89,0,104.36,0.64,0,normal
2026-01-27 12:00:00,CMP-02,213.48,138.12,18.2,12.39,207.79,4.237,0.365,20.79,0,105.35,0.35,0,normal
2026-01-27 13:00:00,CMP-02,218.53,139.72,17.74,12.33,204.46,4.141,0.295,20.64,0,103.38,1.62,0,normal
2026-01-27 14:00:00,CMP-02,216.7,140.75,17.71,11.91,211.03,4.037,0.4,20.81,0,106.33,1.33,0,normal
2026-01-27 15:00:00,CMP-02,219.01,140.86,18.39,11.92,207.97,4.203,0.313,22.25,0,103.72,1.28,0,normal
2026-01-27 16:00:00,CMP-02,219.09,143.24,19.04,11.79,209.22,4.293,0.342,21.39,0,104.14,0.86,0,normal
2026-01-27 17:00:00,CMP-02,219.83,145.16,17.53,12.67,211.39,4.035,0.328,22.07,0,106.89,1.89,0,normal
2026-01-27 18:00:00,CMP-02,221.97,143.71,19.4,12.21,211.22,4.132,0.28,21.24,0,105.0,0.0,0,normal
2026-01-27 19:00:00,CMP-02,220.87,142.6,17.98,12.19,212.86,4.028,0.334,22.41,0,106.08,1.08,0,normal
2026-01-27 20:00:00,CMP-02,223.89,143.62,16.81,11.61,207.3,4.12,0.367,21.92,0,104.72,0.28,0,normal
2026-01-27 21:00:00,CMP-02,222.08,146.87,18.39,12.2,211.05,4.17,0.366,21.34,0,105.82,0.82,0,normal
2026-01-27 22:00:00,CMP-02,223.71,147.23,18.18,12.53,210.73,4.089,0.32,21.0,0,104.91,0.09,0,normal
2026-01-27 23:00:00,CMP-02,225.11,147.25,18.42,11.17,212.12,4.197,0.26,22.72,0,107.47,2.47,0,normal
2026-01-28 00:00:00,CMP-02,226.85,148.37,16.75,12.15,210.28,4.054,0.366,20.78,0,103.7,1.3,0,normal
2026-01-28 01:00:00,CMP-02,230.21,149.57,18.51,12.95,210.84,4.138,0.472,22.77,0,104.76,0.24,0,normal
2026-01-28 02:00:00,CMP-02,227.52,148.99,18.74,11.33,206.26,4.223,0.411,21.53,0,104.51,0.49,0,normal
2026-01-28 03:00:00,CMP-02,228.47,149.93,17.12,11.7,202.06,4.2,0.329,22.2,1,106.32,1.32,0,normal
2026-01-28 04:00:00,CMP-02,229.0,149.84,17.2,12.52,206.82,4.319,0.355,21.88,0,103.58,1.42,0,normal
2026-01-28 05:00:00,CMP-02,231.29,148.62,18.77,13.31,204.15,4.122,0.38,21.68,0,103.3,1.73,0,normal
2026-01-28 06:00:00,CMP-02,234.03,151.65,19.87,11.93,210.12,4.276,0.347,21.61,0,106.47,1.57,0,normal
2026-01-28 07:00:00,CMP-02,232.67,152.13,19.38,12.54,210.35,4.181,0.394,22.29,0,105.58,0.64,0,normal
2026-01-28 08:00:00,CMP-02,234.49,153.28,17.02,11.04,216.55,4.085,0.411,21.93,0,105.23,0.33,0,normal
2026-01-28 09:00:00,CMP-02,234.95,152.84,19.48,11.22,207.42,4.19,0.354,22.12,0,104.38,0.74,0,normal
2026-01-28 10:00:00,CMP-02,237.16,154.59,17.27,11.99,209.53,4.26,0.377,22.41,0,104.4,0.76,0,normal
2026-01-28 11:00:00,CMP-02,234.39,155.21,18.01,12.27,208.62,4.175,0.479,22.41,0,105.05,0.15,0,normal
2026-01-28 12:00:00,CMP-02,240.08,154.93,18.02,11.69,200.86,4.205,0.35,22.56,0,104.23,1.0,0,normal
2026-01-28 13:00:00,CMP-02,241.68,154.91,19.32,12.9,212.88,4.236,0.373,21.84,0,104.98,0.29,0,normal
2026-01-28 14:00:00,CMP-02,239.51,155.92,19.2,12.13,211.22,4.029,0.327,21.08,0,104.59,0.63,0,normal
2026-01-28 15:00:00,CMP-02,241.89,157.75,18.25,10.95,201.49,4.215,0.414,21.64,0,102.72,2.56,0,normal
2026-01-28 16:00:00,CMP-02,241.37,159.0,18.63,12.47,213.76,4.238,0.352,22.91,0,103.49,1.78,0,normal
2026-01-28 17:00:00,CMP-02,245.81,160.75,17.67,12.49,203.63,4.175,0.342,21.34,0,103.14,2.23,0,normal
2026-01-28 18:00:00,CMP-02,246.15,159.2,18.51,12.53,213.28,4.271,0.408,22.34,1,104.83,0.55,0,normal
2026-01-28 19:00:00,CMP-02,251.23,160.54,19.68,11.27,206.1,4.209,0.392,22.76,0,105.9,1.4,0,normal
2026-01-28 20:00:00,CMP-02,246.64,161.99,18.55,11.57,203.2,4.072,0.364,22.14,0,103.27,2.12,0,normal
2026-01-28 21:00:00,CMP-02,246.44,160.11,17.99,12.32,202.93,4.117,0.456,22.56,0,102.31,3.08,0,normal
2026-01-28 22:00:00,CMP-02,248.15,162.63,19.48,11.88,211.26,4.163,0.461,23.22,0,104.65,0.77,0,normal
2026-01-28 23:00:00,CMP-02,247.75,162.03,18.15,13.26,210.18,4.148,0.382,22.84,0,103.51,1.91,0,normal
2026-01-29 00:00:00,CMP-02,251.39,162.78,18.69,11.61,207.86,4.276,0.37,23.49,1,104.87,0.63,0,normal
2026-01-29 01:00:00,CMP-02,252.58,164.74,18.82,11.58,206.28,4.259,0.432,22.61,0,104.27,1.26,0,normal
2026-01-29 02:00:00,CMP-02,254.69,164.24,18.8,13.08,213.5,4.048,0.487,22.02,0,104.92,0.66,0,normal
2026-01-29 03:00:00,CMP-02,254.75,165.54,18.19,13.79,199.65,4.234,0.383,22.14,0,103.25,2.33,0,normal
2026-01-29 04:00:00,CMP-02,254.28,164.53,18.54,13.46,202.68,4.344,0.398,21.3,0,102.99,2.58,0,normal
2026-01-29 05:00:00,CMP-02,258.36,166.39,18.44,11.67,205.8,4.317,0.382,21.53,0,104.02,1.65,0,normal
2026-01-29 06:00:00,CMP-02,258.07,166.1,18.53,12.76,206.79,4.183,0.374,22.84,0,104.6,1.06,0,normal
2026-01-29 07:00:00,CMP-02,259.53,167.4,16.95,11.35,207.26,4.14,0.364,22.51,0,102.68,3.01,0,normal
2026-01-29 08:00:00,CMP-02,256.93,171.7,18.32,13.31,210.57,4.023,0.391,22.41,0,103.28,2.35,0,normal
2026-01-29 09:00:00,CMP-02,258.53,169.09,18.4,11.85,207.67,4.197,0.346,22.5,0,102.38,3.29,0,normal
2026-01-29 10:00:00,CMP-02,259.88,169.46,19.76,12.32,205.91,4.232,0.405,22.17,1,101.32,4.38,0,normal
2026-01-29 11:00:00,CMP-02,261.33,169.9,19.66,11.72,209.46,4.131,0.352,21.69,0,102.26,3.48,0,normal
2026-01-29 12:00:00,CMP-02,259.11,170.12,17.41,13.4,206.95,4.165,0.403,23.11,0,101.06,4.62,0,normal
2026-01-29 13:00:00,CMP-02,266.21,173.76,17.88,11.43,199.9,4.307,0.38,22.09,0,101.67,4.19,0,normal
2026-01-29 14:00:00,CMP-02,264.67,171.51,19.32,12.73,207.53,4.196,0.379,21.89,0,104.33,1.49,0,normal
2026-01-29 15:00:00,CMP-02,267.57,175.74,18.96,12.8,200.02,4.272,0.367,22.22,0,102.08,3.81,0,normal
2026-01-29 16:00:00,CMP-02,268.44,173.36,18.37,12.87,202.31,4.198,0.447,22.65,0,103.63,2.27,0,normal
2026-01-29 17:00:00,CMP-02,270.75,175.7,18.22,12.17,206.38,4.077,0.544,23.27,0,102.73,3.23,0,normal
2026-01-29 18:00:00,CMP-02,270.09,175.05,18.55,12.03,200.19,4.262,0.539,21.99,0,104.89,1.06,0,normal
2026-01-29 19:00:00,CMP-02,270.74,174.82,18.53,12.51,207.49,4.209,0.483,22.57,0,102.8,3.16,0,normal
2026-01-29 20:00:00,CMP-02,269.73,176.0,17.93,12.54,210.3,4.257,0.454,23.15,0,102.82,3.12,0,normal
2026-01-29 21:00:00,CMP-02,272.29,178.41,19.36,12.71,209.96,4.163,0.41,22.26,0,101.93,4.07,0,normal
2026-01-29 22:00:00,CMP-02,276.23,177.32,20.26,12.56,205.94,4.15,0.546,23.71,0,102.28,3.8,0,normal
2026-01-29 23:00:00,CMP-02,270.91,175.91,18.85,12.24,207.25,4.206,0.414,22.43,0,102.36,3.6,0,normal
2026-01-30 00:00:00,CMP-02,273.81,181.01,19.24,12.11,207.83,4.328,0.561,22.64,0,103.11,2.92,0,normal
2026-01-30 01:00:00,CMP-02,276.58,178.64,17.49,12.66,207.01,4.254,0.51,21.87,0,101.36,4.74,0,normal
2026-01-30 02:00:00,CMP-02,280.0,179.73,18.35,13.07,204.86,4.253,0.504,23.34,0,101.41,4.76,0,normal
2026-01-30 03:00:00,CMP-02,276.12,182.48,17.74,11.97,206.78,4.148,0.49,23.11,1,101.4,4.69,0,normal
2026-01-30 04:00:00,CMP-02,278.29,179.44,19.62,12.58,203.01,4.329,0.526,22.65,0,101.83,4.31,0,normal
2026-01-30 05:00:00,CMP-02,280.38,181.47,19.97,13.2,205.39,4.225,0.343,22.09,0,102.92,3.26,0,normal
2026-01-30 06:00:00,CMP-02,286.7,183.46,18.46,12.53,209.82,4.28,0.482,22.84,1,102.25,4.09,0,normal
2026-01-30 07:00:00,CMP-02,280.55,184.1,18.76,12.81,202.44,4.299,0.576,22.56,0,102.32,3.87,0,normal
2026-01-30 08:00:00,CMP-02,282.84,184.69,18.44,12.49,204.34,4.131,0.499,22.11,0,102.78,3.46,0,normal
2026-01-30 09:00:00,CMP-02,285.46,183.54,18.95,12.58,199.76,4.183,0.505,22.99,1,101.73,4.58,0,normal
2026-01-30 10:00:00,CMP-02,283.86,186.41,18.12,12.73,198.31,4.226,0.429,21.78,0,102.46,3.81,0,normal
2026-01-30 11:00:00,CMP-02,286.82,185.43,19.97,12.02,206.33,4.238,0.509,21.1,0,103.35,2.98,0,normal
2026-01-30 12:00:00,CMP-02,287.88,186.83,18.71,12.4,195.38,4.126,0.546,23.85,0,99.37,6.99,0,normal
2026-01-30 13:00:00,CMP-02,287.49,186.17,18.45,11.84,208.07,4.147,0.469,22.87,0,100.48,5.87,0,normal
2026-01-30 14:00:00,CMP-02,289.77,189.96,18.56,12.51,200.74,4.042,0.451,21.82,0,100.78,5.63,0,normal
2026-01-30 15:00:00,CMP-02,293.24,188.13,19.19,13.47,205.88,4.081,0.493,22.4,0,100.93,5.55,0,normal
2026-01-30 16:00:00,CMP-02,291.37,189.13,20.4,12.79,201.85,4.212,0.476,23.2,0,101.52,4.93,0,normal
2026-01-30 17:00:00,CMP-02,291.38,189.22,19.64,13.89,202.07,4.334,0.529,22.4,0,99.97,6.47,0,normal
2026-01-30 18:00:00,CMP-02,291.81,190.98,19.54,13.15,205.79,4.216,0.484,23.1,0,102.09,4.37,0,normal
2026-01-30 19:00:00,CMP-02,294.57,189.59,18.98,12.06,201.24,4.235,0.548,21.21,0,101.65,4.87,0,normal
2026-01-30 20:00:00,CMP-02,297.03,191.71,18.86,13.4,204.37,4.369,0.651,22.72,1,101.54,5.04,0,normal
2026-01-30 21:00:00,CMP-02,296.42,192.21,19.77,13.01,193.73,4.153,0.61,22.74,0,100.61,5.95,0,normal
2026-01-30 22:00:00,CMP-02,297.72,195.04,20.28,13.27,195.16,4.097,0.557,21.95,0,101.23,5.36,0,normal
2026-01-30 23:00:00,CMP-02,302.93,193.38,20.61,13.31,206.3,4.337,0.55,23.67,0,99.95,6.77,0,normal
2026-01-31 00:00:00,CMP-02,297.79,194.21,19.59,12.68,199.06,4.233,0.538,23.52,0,99.45,7.14,0,normal
2026-01-31 01:00:00,CMP-02,298.22,195.25,18.64,12.57,202.24,4.205,0.511,22.41,2,99.48,7.12,0,normal
2026-01-31 02:00:00,CMP-02,301.66,196.95,19.18,12.8,210.1,4.199,0.592,22.0,1,101.48,5.21,0,normal
2026-01-31 03:00:00,CMP-02,301.78,198.79,19.65,12.78,196.26,4.307,0.522,21.99,0,100.42,6.27,0,normal
2026-01-31 04:00:00,CMP-02,304.2,197.56,19.99,13.75,202.06,4.161,0.46,23.81,1,98.29,8.46,0,normal
2026-01-31 05:00:00,CMP-02,306.4,198.3,19.88,13.37,198.72,4.272,0.639,22.53,0,97.69,9.11,0,normal
2026-01-31 06:00:00,CMP-02,305.81,200.28,20.6,13.12,205.57,4.124,0.527,22.13,0,100.68,6.11,0,normal
2026-01-31 07:00:00,CMP-02,305.81,199.08,20.25,12.55,204.15,4.07,0.496,21.72,3,98.94,7.84,0,normal
2026-01-31 08:00:00,CMP-02,308.1,200.16,20.39,14.01,199.97,4.207,0.558,24.25,2,98.36,8.47,0,normal
2026-01-31 09:00:00,CMP-02,309.04,199.6,20.8,13.65,208.32,4.213,0.569,24.07,0,101.37,5.49,0,normal
2026-01-31 10:00:00,CMP-02,309.0,200.78,20.09,14.09,203.73,4.222,0.594,22.78,1,100.97,5.89,0,normal
2026-01-31 11:00:00,CMP-02,309.13,200.68,20.85,12.92,196.86,4.123,0.54,23.02,1,99.38,7.48,0,normal
2026-01-31 12:00:00,CMP-02,312.37,204.86,19.7,14.71,205.72,4.103,0.6,23.82,0,98.85,8.08,0,normal
2026-01-31 13:00:00,CMP-02,311.81,203.84,19.58,13.66,197.45,4.182,0.58,23.31,0,101.08,5.84,0,normal
2026-01-31 14:00:00,CMP-02,311.11,204.39,21.23,13.71,206.96,4.292,0.58,21.95,1,102.9,4.01,0,normal
2026-01-31 15:00:00,CMP-02,315.39,203.01,20.0,13.8,207.93,4.256,0.587,23.14,1,102.94,4.07,0,normal
2026-01-31 16:00:00,CMP-02,314.23,204.99,21.73,13.38,195.81,4.227,0.593,22.52,0,100.01,6.97,0,normal
2026-01-31 17:00:00,CMP-02,315.19,204.68,18.45,12.41,202.48,4.239,0.591,23.25,1,99.95,7.06,0,normal
2026-01-31 18:00:00,CMP-02,318.33,205.33,20.35,12.42,197.57,4.287,0.508,23.18,1,99.69,7.39,0,normal
2026-01-31 19:00:00,CMP-02,316.75,205.18,20.49,14.05,197.64,4.101,0.509,22.8,0,99.51,7.53,0,normal
2026-01-31 20:00:00,CMP-02,318.84,206.67,21.96,14.02,200.61,4.202,0.526,22.25,1,97.95,9.14,0,normal
2026-01-31 21:00:00,CMP-02,318.39,211.25,20.94,12.82,202.16,4.264,0.61,23.74,0,99.24,7.84,0,normal
2026-01-31 22:00:00,CMP-02,318.41,208.03,19.78,13.02,208.4,4.285,0.578,23.38,1,101.36,5.72,0,normal
2026-01-31 23:00:00,CMP-02,322.68,210.22,20.43,14.13,199.96,4.281,0.546,22.28,0,100.53,6.65,0,normal
2026-02-01 00:00:00,CMP-02,325.95,211.2,19.69,13.39,200.68,4.223,0.629,23.26,0,98.33,8.92,0,normal
2026-02-01 01:00:00,CMP-02,322.58,211.27,19.69,13.1,192.97,4.098,0.683,22.66,1,99.36,7.81,0,normal
2026-02-01 02:00:00,CMP-02,327.24,212.27,20.77,12.88,202.25,4.191,0.629,23.14,1,97.78,9.51,0,normal
2026-02-01 03:00:00,CMP-02,328.06,210.82,20.56,12.17,201.11,4.267,0.576,22.92,1,100.19,7.12,0,normal
2026-02-01 04:00:00,CMP-02,329.85,214.51,21.85,13.19,198.83,4.132,0.706,23.46,0,97.92,9.43,0,normal
2026-02-01 05:00:00,CMP-02,326.22,215.83,18.14,13.39,200.01,4.111,0.554,23.64,1,99.85,7.41,0,normal
2026-02-01 06:00:00,CMP-02,327.97,214.01,20.22,13.28,191.99,4.064,0.642,22.5,0,98.97,8.34,0,normal
2026-02-01 07:00:00,CMP-02,333.1,213.77,21.06,13.83,201.77,4.22,0.68,23.2,1,99.88,7.54,0,normal
2026-02-01 08:00:00,CMP-02,331.05,214.26,21.49,12.68,199.27,4.193,0.66,23.05,2,97.7,9.68,0,normal
2026-02-01 09:00:00,CMP-02,332.13,214.31,20.59,14.37,198.54,4.218,0.622,22.87,0,96.14,11.26,0,normal
2026-02-01 10:00:00,CMP-02,334.43,217.28,20.55,14.23,200.44,4.379,0.613,23.04,0,98.51,8.94,0,normal
2026-02-01 11:00:00,CMP-02,335.25,218.21,20.96,12.72,197.5,4.281,0.637,22.85,1,98.4,9.08,0,normal
2026-02-01 12:00:00,CMP-02,334.17,219.89,22.83,12.24,198.77,4.239,0.631,24.24,0,98.32,9.13,0,normal
2026-02-01 13:00:00,CMP-02,335.78,216.94,21.17,13.24,197.54,4.332,0.642,22.89,0,96.32,11.17,0,normal
2026-02-01 14:00:00,CMP-02,338.31,220.17,19.78,13.28,203.48,4.204,0.63,23.43,1,98.07,9.48,0,normal
2026-02-01 15:00:00,CMP-02,338.65,220.63,19.97,14.44,193.68,4.246,0.736,23.29,0,98.75,8.8,0,normal
2026-02-01 16:00:00,CMP-02,337.86,220.14,20.9,13.23,202.6,4.198,0.529,23.71,1,98.92,8.62,0,normal
2026-02-01 17:00:00,CMP-02,342.46,220.05,20.05,13.5,205.34,4.236,0.749,23.3,0,97.94,9.71,0,normal
2026-02-01 18:00:00,CMP-02,342.7,222.1,21.33,12.72,198.3,4.106,0.621,22.68,0,98.64,9.01,0,normal
2026-02-01 19:00:00,CMP-02,341.6,225.04,20.8,12.92,199.8,4.168,0.656,22.9,0,98.4,9.23,0,normal
2026-02-01 20:00:00,CMP-02,342.18,221.51,20.58,14.15,203.83,4.131,0.704,22.85,0,99.98,7.66,0,normal
2026-02-01 21:00:00,CMP-02,345.83,222.98,20.97,12.37,195.22,4.045,0.595,23.75,1,98.67,9.05,0,normal
2026-02-01 22:00:00,CMP-02,340.84,223.7,19.55,13.25,196.28,4.059,0.707,23.16,0,97.39,10.21,0,warning
2026-02-01 23:00:00,CMP-02,346.37,224.81,20.18,13.22,195.44,4.064,0.648,23.55,1,97.93,9.81,0,normal
2026-02-02 00:00:00,CMP-02,346.12,226.95,20.54,14.52,200.65,4.058,0.64,23.41,1,98.08,9.65,0,normal
2026-02-02 01:00:00,CMP-02,346.97,225.71,20.79,15.53,202.16,4.285,0.651,22.83,0,98.64,9.11,0,normal
2026-02-02 02:00:00,CMP-02,350.77,224.2,20.95,14.2,201.9,4.33,0.743,25.03,2,99.36,8.48,0,warning
2026-02-02 03:00:00,CMP-02,350.74,226.06,20.96,12.43,198.38,4.325,0.658,23.8,0,98.3,9.54,0,normal
2026-02-02 04:00:00,CMP-02,356.68,226.69,22.7,14.05,194.83,4.225,0.752,24.16,0,97.59,10.39,0,warning
2026-02-02 05:00:00,CMP-02,351.81,229.18,19.59,14.54,196.21,4.175,0.652,23.05,0,96.36,11.51,0,warning
2026-02-02 06:00:00,CMP-02,353.86,229.71,21.97,13.34,199.94,4.08,0.696,23.77,0,96.77,11.14,0,normal
2026-02-02 07:00:00,CMP-02,351.69,228.79,21.32,14.38,192.64,4.128,0.725,23.38,1,98.33,9.53,0,normal
2026-02-02 08:00:00,CMP-02,357.02,231.68,20.42,14.2,192.8,4.395,0.784,22.14,0,97.74,10.25,0,warning
2026-02-02 09:00:00,CMP-02,355.14,229.27,21.08,13.73,192.06,4.149,0.66,23.77,1,96.39,11.55,0,normal
2026-02-02 10:00:00,CMP-02,357.61,231.89,20.56,12.36,194.98,4.109,0.7,22.95,0,96.81,11.19,0,normal
2026-02-02 11:00:00,CMP-02,360.54,234.33,20.89,13.19,192.05,4.223,0.716,23.12,0,96.02,12.05,0,warning
2026-02-02 12:00:00,CMP-02,361.34,231.52,21.38,14.75,197.87,4.089,0.689,24.65,0,98.69,9.4,0,warning
2026-02-02 13:00:00,CMP-02,361.1,234.78,21.53,14.78,201.38,4.283,0.63,23.67,0,96.89,11.19,0,warning
2026-02-02 14:00:00,CMP-02,363.52,235.95,21.34,13.34,191.39,4.079,0.779,23.44,0,95.02,13.13,0,maintenance_needed
2026-02-02 15:00:00,CMP-02,361.43,234.81,21.93,14.31,199.35,4.218,0.79,23.52,0,96.02,12.07,0,warning
2026-02-02 16:00:00,CMP-02,361.55,236.2,20.05,12.9,198.05,4.111,0.639,23.29,1,97.58,10.52,0,warning
2026-02-02 17:00:00,CMP-02,361.49,234.87,22.15,13.68,197.29,4.182,0.753,23.14,1,96.04,12.06,0,maintenance_needed
2026-02-02 18:00:00,CMP-02,366.22,237.71,21.4,14.88,196.38,4.226,0.707,24.03,0,97.99,10.22,0,maintenance_needed
2026-02-02 19:00:00,CMP-02,369.75,236.51,20.53,14.51,189.31,4.278,0.675,23.99,0,96.39,11.9,0,maintenance_needed
2026-02-02 20:00:00,CMP-02,366.64,237.93,22.2,13.9,193.77,4.311,0.784,23.96,0,97.4,10.81,0,maintenance_needed
2026-02-02 21:00:00,CMP-02,368.24,239.76,21.44,13.95,189.56,4.287,0.723,21.92,0,95.93,12.32,0,maintenance_needed
2026-02-02 22:00:00,CMP-02,368.65,239.44,21.07,15.54,196.54,4.262,0.795,23.5,0,97.42,10.84,0,maintenance_needed
2026-02-02 23:00:00,CMP-02,371.09,239.22,21.24,14.22,192.81,4.276,0.74,24.15,2,98.01,10.31,0,maintenance_needed
2026-02-03 00:00:00,CMP-02,367.94,241.14,20.86,14.13,195.69,4.289,0.782,21.95,0,95.78,12.46,0,maintenance_needed
2026-02-03 01:00:00,CMP-02,373.75,241.51,20.2,14.09,184.29,4.275,0.809,24.29,0,94.86,13.52,0,maintenance_needed
2026-02-03 02:00:00,CMP-02,375.16,241.51,21.46,14.55,193.38,4.32,0.737,23.86,1,95.42,13.0,0,maintenance_needed
2026-02-03 03:00:00,CMP-02,372.99,240.75,21.67,14.2,194.15,4.163,0.713,23.59,1,95.07,13.29,0,maintenance_needed
2026-02-03 04:00:00,CMP-02,373.4,243.53,20.93,14.15,191.99,4.213,0.779,23.91,0,97.96,10.42,0,warning
2026-02-03 05:00:00,CMP-02,374.63,245.48,21.28,14.53,197.53,4.19,0.745,23.6,1,96.59,11.82,0,maintenance_needed
2026-02-03 06:00:00,CMP-02,378.21,244.33,19.45,14.01,195.05,4.272,0.695,24.58,0,96.74,11.75,0,warning
2026-02-03 07:00:00,CMP-02,380.81,245.05,22.42,14.26,193.41,4.144,0.677,23.89,0,95.04,13.51,0,maintenance_needed
2026-02-03 08:00:00,CMP-02,377.42,245.79,20.89,14.7,195.51,4.131,0.71,24.54,2,94.63,13.84,0,maintenance_needed
2026-02-03 09:00:00,CMP-02,377.44,247.5,20.56,14.43,193.83,4.171,0.615,23.79,1,93.4,15.07,0,warning
2026-02-03 10:00:00,CMP-02,381.39,245.85,22.09,13.56,196.99,4.121,0.749,22.14,1,95.96,12.61,0,maintenance_needed
2026-02-03 11:00:00,CMP-02,382.69,249.22,22.49,14.46,186.99,4.233,0.704,23.38,0,93.97,14.62,0,maintenance_needed
2026-02-03 12:00:00,CMP-02,384.48,251.42,21.92,13.63,187.97,4.249,0.661,23.71,0,95.1,13.54,0,maintenance_needed
2026-02-03 13:00:00,CMP-02,382.96,250.18,22.3,14.0,191.02,4.145,0.758,23.04,0,95.25,13.35,0,maintenance_needed
2026-02-03 14:00:00,CMP-02,386.52,250.34,21.71,13.45,197.4,4.342,0.768,23.21,0,95.75,12.93,0,maintenance_needed
2026-02-03 15:00:00,CMP-02,388.17,251.45,21.37,14.05,195.53,4.262,0.752,22.61,1,97.8,10.93,0,warning
2026-02-03 16:00:00,CMP-02,384.25,252.15,22.83,14.74,199.79,4.255,0.788,24.68,0,95.19,13.44,0,maintenance_needed
2026-02-03 17:00:00,CMP-02,387.66,251.81,19.79,14.46,199.77,4.199,0.734,24.49,0,95.85,12.86,0,maintenance_needed
2026-02-03 18:00:00,CMP-02,390.29,252.72,20.79,14.09,188.23,4.239,0.752,24.34,0,94.53,14.24,0,maintenance_needed
2026-02-03 19:00:00,CMP-02,391.56,253.27,21.65,14.83,192.81,4.361,0.776,23.02,0,93.76,15.05,0,maintenance_needed
2026-02-03 20:00:00,CMP-02,390.19,254.81,22.47,14.97,191.6,4.187,0.75,22.92,0,94.78,13.99,0,maintenance_needed
2026-02-03 21:00:00,CMP-02,388.68,257.07,22.03,13.96,192.91,4.251,0.762,22.67,1,95.24,13.5,0,maintenance_needed
2026-02-03 22:00:00,CMP-02,391.77,255.64,21.68,13.07,193.2,4.201,0.806,25.63,0,93.67,15.14,0,maintenance_needed
2026-02-03 23:00:00,CMP-02,391.61,258.55,21.69,13.87,192.7,4.086,0.747,24.74,0,95.39,13.42,0,maintenance_needed
2026-02-04 00:00:00,CMP-02,394.22,255.74,22.43,14.28,191.83,4.069,0.789,24.95,1,94.02,14.84,0,maintenance_needed
2026-02-04 01:00:00,CMP-02,398.01,258.32,21.73,14.25,192.63,4.118,0.869,23.69,0,94.91,14.05,0,maintenance_needed
2026-02-04 02:00:00,CMP-02,396.02,257.22,22.06,14.04,189.58,4.119,0.808,24.58,0,95.42,13.48,0,maintenance_needed
2026-02-04 03:00:00,CMP-02,398.3,258.88,22.2,15.03,196.39,4.305,0.837,23.92,0,95.89,13.07,0,maintenance_needed
2026-02-04 04:00:00,CMP-02,396.97,259.27,21.03,14.43,191.25,4.161,0.757,23.4,0,97.02,11.91,0,warning
2026-02-04 05:00:00,CMP-02,401.82,257.76,21.39,15.3,192.92,4.231,0.84,23.16,0,94.43,14.61,0,maintenance_needed
2026-02-04 06:00:00,CMP-02,400.02,260.39,21.69,15.31,192.38,4.178,0.77,23.49,1,93.57,15.43,0,maintenance_needed
2026-02-04 07:00:00,CMP-02,400.27,261.81,22.25,14.28,187.84,4.211,0.744,24.21,1,95.17,13.84,0,maintenance_needed
2026-02-04 08:00:00,CMP-02,406.5,262.34,23.04,14.93,189.29,4.211,0.715,25.03,1,94.7,14.45,0,maintenance_needed
2026-02-04 09:00:00,CMP-02,404.74,260.87,21.51,15.15,194.01,4.019,0.732,23.31,0,94.11,15.0,0,maintenance_needed
2026-02-04 10:00:00,CMP-02,406.37,261.56,20.66,15.0,198.48,4.148,0.87,23.88,0,93.97,15.18,0,maintenance_needed
2026-02-04 11:00:00,CMP-02,402.55,264.66,22.95,14.64,190.48,4.029,0.837,23.8,0,92.71,16.35,0,maintenance_needed
2026-02-04 12:00:00,CMP-02,409.7,263.37,21.12,14.78,190.67,4.19,0.813,22.82,1,93.4,15.83,0,maintenance_needed
2026-02-04 13:00:00,CMP-02,411.22,267.68,23.1,14.57,189.15,4.303,0.821,24.49,0,93.36,15.9,0,maintenance_needed
2026-02-04 14:00:00,CMP-02,408.89,266.25,21.6,15.94,183.36,4.165,0.806,25.47,0,93.51,15.7,0,maintenance_needed
2026-02-04 15:00:00,CMP-02,409.59,266.93,21.67,15.04,189.34,4.199,0.831,23.1,0,95.1,14.13,0,maintenance_needed
2026-02-04 16:00:00,CMP-02,410.08,266.97,22.14,15.66,189.36,4.239,0.802,23.26,0,92.82,16.42,0,maintenance_needed
2026-02-04 17:00:00,CMP-02,414.06,266.89,21.59,14.98,196.87,4.132,0.839,24.66,0,92.0,17.33,0,maintenance_needed
2026-02-04 18:00:00,CMP-02,410.31,268.81,22.93,14.51,193.29,4.267,0.855,22.54,0,94.77,14.47,0,maintenance_needed
2026-02-04 19:00:00,CMP-02,414.71,268.87,22.87,14.36,191.01,4.132,0.82,23.97,2,94.52,14.82,0,maintenance_needed
2026-02-04 20:00:00,CMP-02,418.71,271.59,20.43,14.85,188.12,4.308,0.87,24.03,1,93.22,16.22,0,maintenance_needed
2026-02-04 21:00:00,CMP-02,416.37,270.63,22.31,13.56,188.62,4.224,0.913,24.33,0,92.22,17.17,0,maintenance_needed
2026-02-04 22:00:00,CMP-02,420.67,271.38,21.3,14.58,190.64,4.104,0.869,23.31,1,92.4,17.09,0,maintenance_needed
2026-02-04 23:00:00,CMP-02,418.17,273.01,22.52,14.63,188.75,4.125,0.957,24.63,0,92.12,17.31,0,maintenance_needed
2026-02-05 00:00:00,CMP-02,418.58,273.56,22.85,14.06,191.87,4.295,0.893,24.72,1,95.1,14.33,0,maintenance_needed
2026-02-05 01:00:00,CMP-02,421.76,270.61,21.88,15.47,194.52,4.024,0.855,24.6,0,91.33,18.18,0,maintenance_needed
2026-02-05 02:00:00,CMP-02,420.99,276.05,22.53,13.98,182.19,4.107,0.832,23.67,0,92.21,17.28,0,maintenance_needed
2026-02-05 03:00:00,CMP-02,422.3,272.51,22.47,15.18,190.43,4.183,0.817,23.34,2,93.81,15.71,0,maintenance_needed
2026-02-05 04:00:00,CMP-02,422.39,273.77,22.86,14.61,196.7,4.244,0.783,24.0,1,93.83,15.69,0,maintenance_needed
2026-02-05 05:00:00,CMP-02,421.95,275.28,22.49,14.94,181.3,4.121,0.807,24.6,0,92.16,17.36,0,maintenance_needed
2026-02-05 06:00:00,CMP-02,424.57,275.33,21.86,15.01,193.71,4.09,0.85,23.19,1,93.86,15.72,0,maintenance_needed
2026-02-05 07:00:00,CMP-02,427.39,279.12,23.13,14.78,196.32,4.331,0.86,24.74,1,93.46,16.18,0,maintenance_needed
2026-02-05 08:00:00,CMP-02,429.06,277.63,22.96,14.01,193.32,4.14,0.859,24.52,0,92.02,17.67,0,maintenance_needed
2026-02-05 09:00:00,CMP-02,427.99,276.88,21.17,14.99,186.43,4.095,0.969,25.05,0,93.18,16.48,0,maintenance_needed
2026-02-05 10:00:00,CMP-02,429.67,278.44,22.39,14.08,190.17,4.33,0.828,24.12,1,92.82,16.88,0,maintenance_needed
2026-02-05 11:00:00,CMP-02,428.45,278.59,21.9,15.15,189.01,4.138,0.927,22.83,0,91.34,18.33,0,maintenance_needed
2026-02-05 12:00:00,CMP-02,430.8,279.37,22.58,15.06,185.85,4.176,0.84,23.66,0,93.18,16.54,0,maintenance_needed
2026-02-05 13:00:00,CMP-02,431.84,281.31,20.7,14.07,189.17,4.195,0.768,22.33,1,93.75,16.0,0,maintenance_needed
2026-02-05 14:00:00,CMP-02,432.88,282.14,22.3,14.71,192.5,4.219,0.845,24.7,1,91.85,17.93,0,maintenance_needed
2026-02-05 15:00:00,CMP-02,434.23,281.95,24.31,14.72,192.06,4.238,0.962,24.26,1,91.38,18.42,0,maintenance_needed
2026-02-05 16:00:00,CMP-02,435.76,281.21,21.71,15.61,190.47,4.218,0.896,25.15,1,94.77,15.07,0,maintenance_needed
2026-02-05 17:00:00,CMP-02,438.32,282.68,22.89,14.08,186.81,4.215,0.841,24.97,0,92.04,17.86,0,maintenance_needed
2026-02-05 18:00:00,CMP-02,438.51,285.2,24.38,14.87,185.61,4.22,0.987,23.4,0,91.57,18.33,0,maintenance_needed
2026-02-05 19:00:00,CMP-02,1.05,0.68,18.31,11.96,217.14,4.264,0.286,21.3,0,104.88,0.12,1,normal
2026-02-05 20:00:00,CMP-02,-1.06,0.32,18.8,12.94,200.38,4.27,0.449,22.5,0,105.27,0.27,0,normal
2026-02-05 21:00:00,CMP-02,0.68,2.25,17.85,12.75,207.13,4.119,0.36,20.85,0,104.46,0.54,0,normal
2026-02-05 22:00:00,CMP-02,3.21,-0.24,16.89,12.56,200.68,4.188,0.412,21.73,0,103.37,1.63,0,normal
2026-02-05 23:00:00,CMP-02,4.31,1.81,17.19,11.46,204.73,4.308,0.372,21.08,0,104.61,0.39,0,normal
2026-02-06 00:00:00,CMP-02,6.44,3.34,18.38,12.29,207.72,4.18,0.312,22.13,1,104.96,0.04,0,normal
2026-02-06 01:00:00,CMP-02,2.97,4.31,17.3,12.12,206.8,4.254,0.384,21.5,0,104.41,0.59,0,normal
2026-02-06 02:00:00,CMP-02,7.45,5.86,17.82,12.2,212.69,4.187,0.318,22.24,0,106.28,1.28,0,normal
2026-02-06 03:00:00,CMP-02,8.36,5.35,17.39,12.04,209.47,4.13,0.333,22.55,0,104.4,0.6,0,normal
2026-02-06 04:00:00,CMP-02,8.53,6.25,16.55,12.19,209.61,4.157,0.351,21.86,0,105.65,0.65,0,normal
2026-02-06 05:00:00,CMP-02,8.71,6.73,15.75,11.96,211.39,4.209,0.4,21.95,0,105.56,0.56,0,normal
2026-02-06 06:00:00,CMP-02,11.54,5.92,18.63,12.26,220.48,4.307,0.286,21.62,0,104.76,0.24,0,normal
2026-02-06 07:00:00,CMP-02,11.85,7.62,16.84,13.1,208.07,4.243,0.316,21.82,0,104.42,0.58,0,normal
2026-02-06 08:00:00,CMP-02,13.98,10.21,17.05,12.25,207.4,4.144,0.397,21.95,0,103.8,1.2,0,normal
2026-02-06 09:00:00,CMP-02,10.54,10.01,18.0,12.71,210.4,4.272,0.367,22.11,0,104.6,0.4,0,normal
2026-02-06 10:00:00,CMP-02,13.52,9.43,17.83,12.51,206.84,4.217,0.3,21.48,0,105.15,0.15,0,normal
2026-02-06 11:00:00,CMP-02,18.87,10.47,17.66,11.52,202.88,4.031,0.298,21.17,0,105.63,0.63,0,normal
2026-02-06 12:00:00,CMP-02,17.55,13.17,18.3,12.35,207.95,4.32,0.333,22.79,0,103.49,1.51,0,normal
2026-02-06 13:00:00,CMP-02,16.76,13.65,18.4,12.2,218.55,4.301,0.324,22.9,0,105.68,0.68,0,normal
2026-02-06 14:00:00,CMP-02,18.57,14.65,17.7,12.22,212.53,4.286,0.386,21.31,0,103.14,1.86,0,normal
2026-02-06 15:00:00,CMP-02,17.82,14.61,17.28,11.13,208.96,4.297,0.404,21.07,0,105.48,0.48,0,normal
2026-02-06 16:00:00,CMP-02,23.7,13.54,18.73,11.67,203.16,4.108,0.33,22.26,0,103.87,1.13,0,normal
2026-02-06 17:00:00,CMP-02,24.71,14.13,17.93,11.84,215.8,4.208,0.346,21.68,0,103.7,1.3,0,normal
2026-02-06 18:00:00,CMP-02,24.73,13.08,17.57,11.49,212.44,4.331,0.369,22.62,0,103.64,1.36,0,normal
2026-02-06 19:00:00,CMP-02,26.31,17.2,17.76,11.26,209.8,4.206,0.402,21.78,0,104.61,0.39,0,normal
2026-02-06 20:00:00,CMP-02,25.99,17.79,18.93,12.23,213.75,4.142,0.292,20.93,0,104.07,0.93,0,normal
2026-02-06 21:00:00,CMP-02,28.52,19.64,19.72,11.59,208.57,4.112,0.323,21.57,0,106.54,1.54,0,normal
2026-02-06 22:00:00,CMP-02,28.3,16.7,17.84,11.24,207.93,4.172,0.355,21.49,0,105.55,0.55,0,normal
2026-02-06 23:00:00,CMP-02,30.69,20.34,17.71,11.77,211.46,4.117,0.366,21.98,0,103.53,1.47,0,normal
2026-02-07 00:00:00,CMP-02,29.12,19.59,18.49,12.08,206.34,4.126,0.377,22.2,0,103.91,1.09,0,normal
2026-02-07 01:00:00,CMP-02,30.01,19.75,18.45,11.49,210.19,4.108,0.409,21.73,0,106.79,1.79,0,normal
2026-02-07 02:00:00,CMP-02,30.17,20.56,18.83,11.57,209.5,4.26,0.301,20.87,0,105.17,0.17,0,normal
2026-02-07 03:00:00,CMP-02,31.33,19.52,18.01,11.33,209.2,4.116,0.349,21.43,0,103.69,1.31,0,normal
2026-02-07 04:00:00,CMP-02,30.36,21.46,17.34,11.93,215.26,4.272,0.365,21.77,0,105.51,0.51,0,normal
2026-02-07 05:00:00,CMP-02,36.55,21.02,18.96,12.3,203.03,4.159,0.35,22.68,0,104.22,0.78,0,normal
2026-02-07 06:00:00,CMP-02,37.68,22.27,17.38,12.86,207.24,4.289,0.4,21.76,0,105.48,0.48,0,normal
2026-02-07 07:00:00,CMP-02,37.49,23.76,17.53,12.19,210.65,4.136,0.37,22.36,1,105.68,0.68,0,normal
2026-02-07 08:00:00,CMP-02,38.96,23.59,17.37,11.32,212.77,4.156,0.354,21.98,0,105.23,0.23,0,normal
2026-02-07 09:00:00,CMP-02,38.59,25.66,18.18,11.82,215.26,4.319,0.344,22.81,0,106.14,1.14,0,normal
2026-02-07 10:00:00,CMP-02,40.06,24.62,16.85,11.86,213.14,4.123,0.377,21.57,0,106.49,1.49,0,normal
2026-02-07 11:00:00,CMP-02,37.77,25.45,17.35,13.86,215.5,4.228,0.377,19.96,0,106.5,1.5,0,normal
2026-02-07 12:00:00,CMP-02,41.05,26.07,19.43,13.17,214.15,4.359,0.331,23.35,0,106.99,1.99,0,normal
2026-02-07 13:00:00,CMP-02,38.95,27.66,18.76,11.71,210.61,4.158,0.328,23.63,0,103.52,1.48,0,normal
2026-02-07 14:00:00,CMP-02,41.97,28.37,18.72,11.74,209.96,4.258,0.341,22.38,0,103.64,1.36,0,normal
2026-02-07 15:00:00,CMP-02,43.67,29.91,18.78,10.51,207.93,4.146,0.389,21.64,0,105.01,0.01,0,normal
2026-02-07 16:00:00,CMP-02,44.62,29.0,19.58,11.77,208.21,4.147,0.311,22.14,0,104.68,0.32,0,normal
2026-02-07 17:00:00,CMP-02,44.28,29.23,17.44,12.73,207.55,4.152,0.381,21.78,0,105.6,0.6,0,normal
2026-02-07 18:00:00,CMP-02,49.47,31.02,18.06,11.53,216.35,4.247,0.276,21.15,0,104.44,0.56,0,normal
2026-02-07 19:00:00,CMP-02,49.95,33.48,18.74,12.16,210.76,4.219,0.391,22.3,1,104.54,0.46,0,normal
2026-02-07 20:00:00,CMP-02,48.24,33.04,17.74,11.92,205.61,4.166,0.448,22.5,0,106.52,1.52,0,normal
2026-02-07 21:00:00,CMP-02,47.99,30.39,18.32,12.99,207.32,4.149,0.366,23.09,0,105.76,0.76,0,normal
2026-02-07 22:00:00,CMP-02,50.3,33.42,17.6,13.01,207.28,4.209,0.358,20.42,0,106.09,1.09,0,normal
2026-02-07 23:00:00,CMP-02,53.85,33.47,18.27,12.49,214.6,4.252,0.396,21.43,0,105.06,0.06,0,normal
2026-02-08 00:00:00,CMP-02,49.77,34.36,18.41,11.62,209.24,4.229,0.339,21.45,0,105.72,0.72,0,normal
2026-02-08 01:00:00,CMP-02,55.61,36.24,18.7,11.41,205.02,4.188,0.391,21.16,0,103.32,1.68,0,normal
2026-02-08 02:00:00,CMP-02,54.94,35.96,18.63,11.66,210.1,4.275,0.27,22.3,0,105.75,0.75,0,normal
2026-02-08 03:00:00,CMP-02,55.46,36.43,18.44,13.53,207.27,4.412,0.392,21.98,0,106.12,1.12,0,normal
2026-02-08 04:00:00,CMP-02,58.99,35.29,16.26,12.19,205.47,4.343,0.343,21.74,0,103.97,1.03,0,normal
2026-02-08 05:00:00,CMP-02,58.2,37.72,18.21,12.51,215.15,4.362,0.29,22.6,1,105.59,0.59,0,normal
2026-02-08 06:00:00,CMP-02,58.54,37.61,17.95,10.67,212.81,4.187,0.419,23.27,0,105.48,0.48,0,normal
2026-02-08 07:00:00,CMP-02,62.38,39.44,17.98,11.68,215.0,4.137,0.33,21.87,0,105.15,0.15,0,normal
2026-02-08 08:00:00,CMP-02,58.33,41.09,17.32,12.38,206.69,4.212,0.271,21.67,0,104.39,0.61,0,normal
2026-02-08 09:00:00,CMP-02,65.05,39.41,18.59,12.49,209.56,4.202,0.439,20.95,0,102.9,2.1,0,normal
2026-02-08 10:00:00,CMP-02,61.66,40.83,18.16,12.86,211.09,4.214,0.4,21.41,0,104.58,0.42,0,normal
2026-02-08 11:00:00,CMP-02,62.68,42.48,17.7,12.49,204.93,4.279,0.464,21.86,0,104.83,0.17,0,normal
2026-02-08 12:00:00,CMP-02,68.0,40.45,18.1,13.92,207.33,4.208,0.36,22.08,0,104.55,0.45,0,normal
2026-02-08 13:00:00,CMP-02,72.1,42.21,18.46,12.67,210.76,4.233,0.375,21.59,0,106.57,1.57,0,normal
2026-02-08 14:00:00,CMP-02,69.37,41.96,17.25,13.26,208.89,4.261,0.301,21.66,0,101.43,3.57,0,normal
2026-02-08 15:00:00,CMP-02,66.68,43.6,18.75,11.78,213.09,4.161,0.348,22.05,0,105.51,0.51,0,normal
2026-02-08 16:00:00,CMP-02,65.29,44.87,18.21,12.47,212.14,4.248,0.302,20.69,0,102.74,2.26,0,normal
2026-02-08 17:00:00,CMP-02,70.61,45.23,18.59,11.79,207.89,4.252,0.354,22.91,0,104.24,0.76,0,normal
2026-02-08 18:00:00,CMP-02,71.18,48.0,17.64,12.55,210.33,4.15,0.421,20.99,0,104.82,0.18,0,normal
2026-02-08 19:00:00,CMP-02,71.13,47.88,17.7,10.4,211.27,4.182,0.329,22.84,0,104.28,0.72,0,normal
2026-02-08 20:00:00,CMP-02,72.95,47.82,17.22,11.38,210.89,4.323,0.303,21.49,0,104.18,0.82,0,normal
2026-02-08 21:00:00,CMP-02,72.97,49.59,17.5,11.96,212.36,4.175,0.342,21.57,0,104.04,0.96,0,normal
2026-02-08 22:00:00,CMP-02,76.68,51.19,18.26,11.85,212.91,4.178,0.353,22.48,0,102.9,2.1,0,normal
2026-02-08 23:00:00,CMP-02,76.02,49.1,18.04,12.29,202.74,4.171,0.321,22.15,0,104.75,0.25,0,normal
2026-02-09 00:00:00,CMP-02,76.8,49.99,18.23,11.79,204.22,4.191,0.352,21.15,1,104.42,0.58,0,normal
2026-02-09 01:00:00,CMP-02,74.25,51.26,16.87,11.82,201.64,4.18,0.383,20.91,0,102.7,2.3,0,normal
2026-02-09 02:00:00,CMP-02,79.62,52.77,17.93,11.73,213.31,4.273,0.318,22.42,0,105.91,0.91,0,normal
2026-02-09 03:00:00,CMP-02,77.58,49.75,19.01,13.12,208.74,4.28,0.308,22.87,0,102.54,2.46,0,normal
2026-02-09 04:00:00,CMP-02,82.48,52.73,17.83,11.25,215.97,4.228,0.354,21.92,0,107.27,2.27,0,normal
2026-02-09 05:00:00,CMP-02,82.1,56.67,18.35,12.14,212.64,4.248,0.287,22.51,0,103.63,1.37,0,normal
2026-02-09 06:00:00,CMP-02,79.55,54.15,17.6,12.65,207.49,4.28,0.255,22.47,0,105.07,0.07,0,normal
2026-02-09 07:00:00,CMP-02,83.56,57.08,18.76,11.52,214.3,4.169,0.244,22.46,1,105.17,0.17,0,normal
2026-02-09 08:00:00,CMP-02,83.03,58.39,17.97,11.3,206.55,4.161,0.4,22.23,0,104.17,0.83,0,normal
2026-02-09 09:00:00,CMP-02,87.15,57.01,18.31,12.84,208.28,4.286,0.317,22.06,0,103.28,1.72,0,normal
2026-02-09 10:00:00,CMP-02,87.96,59.5,18.14,12.11,204.53,4.309,0.454,22.76,0,105.27,0.27,0,normal
2026-02-09 11:00:00,CMP-02,90.04,57.44,19.78,11.33,212.53,4.108,0.375,21.75,0,105.62,0.62,0,normal
2026-02-09 12:00:00,CMP-02,87.78,55.93,17.68,13.23,203.17,4.282,0.351,22.09,1,103.88,1.12,0,normal
2026-02-09 13:00:00,CMP-02,91.03,58.12,19.43,11.87,215.42,4.221,0.429,22.66,0,107.95,2.95,0,normal
2026-02-09 14:00:00,CMP-02,88.7,61.11,16.94,12.09,215.5,4.317,0.407,22.91,0,104.78,0.22,0,normal
2026-02-09 15:00:00,CMP-02,92.73,63.22,18.19,12.93,216.71,4.235,0.321,22.15,0,104.59,0.41,0,normal
2026-02-09 16:00:00,CMP-02,92.73,61.36,18.67,11.3,208.47,4.113,0.367,22.77,0,102.68,2.32,0,normal
2026-02-09 17:00:00,CMP-02,94.57,59.35,17.72,11.95,211.05,4.119,0.382,22.83,0,104.92,0.08,0,normal
2026-02-09 18:00:00,CMP-02,95.12,61.96,18.84,11.79,206.0,4.229,0.311,22.72,1,104.72,0.28,0,normal
2026-02-09 19:00:00,CMP-02,97.96,60.19,19.23,12.67,212.71,4.288,0.349,21.4,0,104.89,0.11,0,normal
2026-02-09 20:00:00,CMP-02,96.53,63.35,17.96,11.22,204.24,4.125,0.384,21.93,0,105.95,0.95,0,normal
2026-02-09 21:00:00,CMP-02,97.81,65.86,18.03,12.45,208.41,4.086,0.329,22.19,0,103.68,1.32,0,normal
2026-02-09 22:00:00,CMP-02,101.63,63.44,17.7,12.31,203.24,4.214,0.318,23.11,0,104.83,0.17,0,normal
2026-02-09 23:00:00,CMP-02,100.02,64.14,16.82,12.38,211.58,4.196,0.327,21.69,0,105.72,0.72,0,normal
2026-02-10 00:00:00,CMP-02,100.19,65.28,17.63,11.3,206.79,4.423,0.411,21.6,0,104.87,0.13,0,normal
2026-02-10 01:00:00,CMP-02,100.53,66.08,18.29,10.85,207.06,4.136,0.361,21.24,0,104.4,0.6,0,normal
2026-02-10 02:00:00,CMP-02,103.16,67.86,18.57,12.31,210.07,4.156,0.332,21.54,0,104.6,0.4,0,normal
2026-02-10 03:00:00,CMP-02,104.07,68.22,17.91,12.87,209.11,4.12,0.358,21.79,0,106.01,1.01,0,normal
2026-02-10 04:00:00,CMP-02,106.28,69.36,17.57,12.77,207.71,4.141,0.339,23.06,0,105.3,0.3,0,normal
2026-02-10 05:00:00,CMP-02,105.83,67.88,17.82,12.15,204.62,4.178,0.35,21.84,0,103.8,1.2,0,normal
2026-02-10 06:00:00,CMP-02,108.36,71.21,17.71,12.67,215.29,4.275,0.348,20.03,0,104.83,0.17,0,normal
2026-02-10 07:00:00,CMP-02,107.66,71.19,18.77,13.19,211.44,4.246,0.343,22.74,0,105.16,0.16,0,normal
2026-02-10 08:00:00,CMP-02,111.98,69.99,18.27,12.14,212.01,4.266,0.309,21.41,0,103.82,1.18,0,normal
2026-02-10 09:00:00,CMP-02,110.05,71.06,16.24,12.44,210.18,4.126,0.369,21.8,0,105.35,0.35,0,normal
2026-02-10 10:00:00,CMP-02,112.35,71.57,17.95,11.51,211.0,4.159,0.419,22.22,0,107.27,2.27,0,normal
2026-02-10 11:00:00,CMP-02,112.82,70.91,18.56,13.7,210.29,4.248,0.308,22.29,0,104.95,0.05,0,normal
2026-02-10 12:00:00,CMP-02,110.79,76.0,16.15,11.53,210.09,4.209,0.355,23.15,0,105.39,0.39,0,normal
2026-02-10 13:00:00,CMP-02,115.97,75.06,18.35,12.44,213.75,4.156,0.326,20.89,0,105.9,0.9,0,normal
2026-02-10 14:00:00,CMP-02,114.38,75.03,17.9,11.96,205.78,4.19,0.314,23.24,0,103.59,1.41,0,normal
2026-02-10 15:00:00,CMP-02,117.77,77.0,18.85,12.84,207.51,4.278,0.32,22.55,0,106.22,1.22,0,normal
2026-02-10 16:00:00,CMP-02,113.57,76.06,17.56,11.39,201.79,4.303,0.362,21.85,0,103.57,1.43,0,normal
2026-02-10 17:00:00,CMP-02,114.83,76.71,17.73,10.9,215.5,4.336,0.387,22.59,0,104.98,0.02,0,normal
2026-02-10 18:00:00,CMP-02,115.56,79.14,17.68,12.49,208.32,4.216,0.338,23.04,0,103.19,1.81,0,normal
2026-02-10 19:00:00,CMP-02,116.92,76.95,18.11,11.26,207.54,4.375,0.335,21.86,1,102.77,2.23,0,normal
2026-02-10 20:00:00,CMP-02,120.42,77.79,18.86,12.65,209.6,4.205,0.351,20.49,0,107.75,2.75,0,normal
2026-02-10 21:00:00,CMP-02,122.05,77.45,18.26,12.13,207.09,4.244,0.289,23.01,0,105.17,0.17,0,normal
2026-02-10 22:00:00,CMP-02,121.36,79.3,18.86,12.26,209.75,4.282,0.373,22.68,0,106.28,1.28,0,normal
2026-02-10 23:00:00,CMP-02,123.49,82.05,17.83,11.32,211.11,4.154,0.289,22.09,0,106.28,1.28,0,normal
2026-02-11 00:00:00,CMP-02,123.88,80.8,18.02,12.16,208.13,4.217,0.272,22.35,0,102.76,2.24,0,normal
2026-02-11 01:00:00,CMP-02,127.42,83.94,18.27,12.0,205.2,4.178,0.408,20.93,0,104.07,0.93,0,normal
2026-02-11 02:00:00,CMP-02,128.36,82.09,18.57,12.56,209.56,4.356,0.372,22.17,0,104.91,0.09,0,normal
2026-02-11 03:00:00,CMP-02,128.63,83.64,18.51,12.12,211.58,4.284,0.36,20.52,0,103.76,1.24,0,normal
2026-02-11 04:00:00,CMP-02,130.25,82.72,19.31,12.13,213.28,4.095,0.417,22.02,0,107.26,2.26,0,normal
2026-02-11 05:00:00,CMP-02,133.15,85.55,17.42,12.61,207.13,4.229,0.363,21.56,0,105.07,0.07,0,normal
2026-02-11 06:00:00,CMP-02,132.25,87.78,17.82,13.08,202.11,4.278,0.428,22.2,0,104.6,0.4,0,normal
2026-02-11 07:00:00,CMP-02,129.38,85.61,18.32,11.21,207.67,4.358,0.272,20.55,0,102.39,2.61,0,normal
2026-02-11 08:00:00,CMP-02,132.72,84.68,19.1,11.8,212.91,4.216,0.318,22.5,1,105.65,0.65,0,normal
2026-02-11 09:00:00,CMP-02,133.56,87.15,18.29,12.41,208.11,4.013,0.375,21.21,0,103.47,1.53,0,normal
2026-02-11 10:00:00,CMP-02,136.55,88.79,17.39,11.82,210.85,4.214,0.304,21.39,0,105.81,0.81,0,normal
2026-02-11 11:00:00,CMP-02,136.94,87.55,18.78,11.36,210.2,4.316,0.342,21.61,0,105.06,0.06,0,normal
2026-02-11 12:00:00,CMP-02,138.63,91.57,17.59,11.54,206.68,4.234,0.276,21.79,0,107.38,2.38,0,normal
2026-02-11 13:00:00,CMP-02,135.34,88.29,17.82,11.94,215.56,4.129,0.387,21.2,0,107.6,2.6,0,normal
2026-02-11 14:00:00,CMP-02,141.58,91.21,19.03,11.99,217.83,4.172,0.294,21.2,0,104.46,0.54,0,normal
2026-02-11 15:00:00,CMP-02,139.82,92.9,18.88,11.81,208.2,4.172,0.325,22.89,0,104.51,0.49,0,normal
2026-02-11 16:00:00,CMP-02,142.8,92.17,16.97,12.6,209.19,4.359,0.271,21.79,0,107.29,2.29,0,normal
2026-02-11 17:00:00,CMP-02,142.94,94.02,19.36,12.63,210.85,4.216,0.301,21.48,0,105.52,0.52,0,normal
2026-02-11 18:00:00,CMP-02,141.51,93.71,18.28,12.28,212.12,4.109,0.355,22.51,0,106.31,1.31,0,normal
2026-02-11 19:00:00,CMP-02,142.62,93.25,18.41,11.36,209.3,4.159,0.334,20.48,0,103.61,1.39,0,normal
2026-02-11 20:00:00,CMP-02,146.15,93.83,15.48,12.42,204.01,4.33,0.367,22.38,0,104.34,0.66,0,normal
2026-02-11 21:00:00,CMP-02,148.1,97.29,17.42,11.29,215.82,3.966,0.386,21.73,0,105.72,0.72,0,normal
2026-02-11 22:00:00,CMP-02,145.45,93.54,17.87,13.29,209.08,4.044,0.22,22.14,0,105.03,0.03,0,normal
2026-02-11 23:00:00,CMP-02,146.03,96.64,17.4,11.5,209.74,4.131,0.265,22.68,0,104.71,0.29,0,normal
2026-02-12 00:00:00,CMP-02,145.4,96.01,17.48,11.41,217.2,4.191,0.285,22.63,0,104.75,0.25,0,normal
2026-02-12 01:00:00,CMP-02,148.39,97.09,17.97,11.88,211.36,4.064,0.427,21.97,0,103.81,1.19,0,normal
2026-02-12 02:00:00,CMP-02,149.72,99.32,18.2,11.76,209.99,4.303,0.336,23.13,0,105.3,0.3,0,normal
2026-02-12 03:00:00,CMP-02,151.52,97.87,18.28,11.02,209.77,4.148,0.292,20.93,0,106.67,1.67,0,normal
2026-02-12 04:00:00,CMP-02,154.11,97.67,16.95,11.87,213.11,4.092,0.308,21.88,0,106.14,1.14,0,normal
2026-02-12 05:00:00,CMP-02,153.16,101.69,17.96,12.59,211.08,4.157,0.397,21.92,0,103.86,1.14,0,normal
2026-02-12 06:00:00,CMP-02,153.04,102.41,17.58,11.34,211.66,4.019,0.333,22.57,0,104.65,0.35,0,normal
2026-02-12 07:00:00,CMP-02,155.34,101.56,20.02,11.97,213.72,4.151,0.365,22.39,0,106.72,1.72,0,normal
2026-02-12 08:00:00,CMP-02,156.88,101.06,18.19,11.5,210.44,4.341,0.319,22.16,0,106.34,1.34,0,normal
2026-02-12 09:00:00,CMP-02,158.28,101.58,17.44,12.59,209.4,4.103,0.363,22.1,1,105.56,0.56,0,normal
2026-02-12 10:00:00,CMP-02,159.25,103.84,17.84,11.92,202.43,4.197,0.293,21.6,0,103.51,1.49,0,normal
2026-02-12 11:00:00,CMP-02,159.69,104.62,16.63,11.4,223.05,4.19,0.338,21.9,0,105.63,0.63,0,normal
2026-02-12 12:00:00,CMP-02,161.98,105.34,17.96,11.26,209.72,4.15,0.278,21.92,0,105.0,0.0,0,normal
2026-02-12 13:00:00,CMP-02,161.48,106.2,18.82,12.06,208.68,4.309,0.42,22.18,0,105.03,0.03,0,normal
2026-02-12 14:00:00,CMP-02,161.14,106.02,18.87,11.97,211.11,4.446,0.367,23.0,0,106.85,1.85,0,normal
2026-02-12 15:00:00,CMP-02,163.69,107.43,19.66,13.04,209.82,4.074,0.292,22.58,0,104.63,0.37,0,normal
2026-02-12 16:00:00,CMP-02,168.3,107.29,17.62,11.55,213.68,4.192,0.385,20.71,0,104.36,0.64,0,normal
2026-02-12 17:00:00,CMP-02,164.54,108.43,17.09,12.32,206.91,4.129,0.348,21.38,0,102.85,2.15,0,normal
2026-02-12 18:00:00,CMP-02,171.35,108.34,17.97,11.74,207.93,4.176,0.361,21.85,0,106.18,1.18,0,normal
2026-02-12 19:00:00,CMP-02,167.1,109.63,18.2,11.26,207.19,4.273,0.343,21.06,0,105.36,0.36,0,normal
2026-02-12 20:00:00,CMP-02,170.27,108.78,17.93,11.65,213.86,4.464,0.26,21.53,0,104.24,0.76,0,normal
2026-02-12 21:00:00,CMP-02,167.14,110.3,18.97,12.59,209.26,4.217,0.364,21.34,0,105.59,0.59,0,normal
2026-02-12 22:00:00,CMP-02,170.82,109.81,17.71,11.51,215.52,4.198,0.345,21.88,0,105.11,0.11,0,normal
2026-02-12 23:00:00,CMP-02,174.55,112.55,18.16,12.28,214.38,4.102,0.337,22.05,0,106.33,1.33,0,normal
2026-02-13 00:00:00,CMP-02,170.92,111.78,18.82,12.61,205.01,4.164,0.329,24.31,0,105.46,0.46,0,normal
2026-02-13 01:00:00,CMP-02,172.71,112.32,18.21,12.3,206.65,4.291,0.287,21.16,0,102.7,2.3,0,normal
2026-02-13 02:00:00,CMP-02,175.56,113.01,19.11,12.15,207.17,4.169,0.365,22.33,0,105.04,0.04,0,normal
2026-02-13 03:00:00,CMP-02,176.62,113.41,19.53,12.82,208.44,4.101,0.356,20.9,0,105.24,0.24,0,normal
2026-02-13 04:00:00,CMP-02,174.37,113.92,18.41,12.86,210.79,4.129,0.377,21.02,0,105.97,0.97,0,normal
2026-02-13 05:00:00,CMP-02,175.77,116.45,17.25,11.03,205.54,4.058,0.346,22.66,0,103.73,1.27,0,normal
2026-02-13 06:00:00,CMP-02,179.51,117.01,19.22,12.01,209.72,4.136,0.379,20.85,0,104.36,0.64,0,normal
2026-02-13 07:00:00,CMP-02,180.52,118.14,17.34,11.62,209.15,4.277,0.239,22.8,0,105.33,0.33,0,normal
2026-02-13 08:00:00,CMP-02,182.3,116.95,17.86,11.7,208.57,4.314,0.284,21.92,0,104.27,0.73,0,normal
2026-02-13 09:00:00,CMP-02,181.71,118.65,16.93,11.38,207.5,4.331,0.368,20.44,0,104.02,0.98,0,normal
2026-02-13 10:00:00,CMP-02,184.11,116.6,17.4,11.69,212.7,4.165,0.381,21.24,0,104.17,0.83,0,normal
2026-02-13 11:00:00,CMP-02,186.14,120.72,17.1,13.25,206.47,4.145,0.388,20.83,0,104.2,0.8,0,normal
2026-02-13 12:00:00,CMP-02,182.84,119.05,17.99,11.46,209.43,4.313,0.284,22.36,0,103.5,1.5,0,normal
2026-02-13 13:00:00,CMP-02,187.8,122.48,16.84,12.53,204.22,4.067,0.423,22.23,0,105.44,0.44,0,normal
2026-02-13 14:00:00,CMP-02,188.34,122.44,17.25,12.38,215.35,4.294,0.374,22.05,0,104.05,0.95,0,normal
2026-02-13 15:00:00,CMP-02,190.28,124.8,17.75,10.81,208.54,4.291,0.331,21.11,0,105.4,0.4,0,normal
2026-02-13 16:00:00,CMP-02,188.32,123.52,19.12,12.52,215.27,4.169,0.256,22.53,0,106.32,1.32,0,normal
2026-02-13 17:00:00,CMP-02,189.95,122.75,17.69,12.72,207.0,4.178,0.345,24.03,0,103.89,1.11,0,normal
2026-02-13 18:00:00,CMP-02,191.15,126.86,16.87,13.1,212.98,4.489,0.308,22.66,0,104.77,0.23,0,normal
2026-02-13 19:00:00,CMP-02,191.16,126.44,17.27,12.33,202.94,4.228,0.311,21.8,0,105.1,0.1,0,normal
2026-02-13 20:00:00,CMP-02,194.79,126.92,19.9,13.04,214.34,4.214,0.359,22.08,0,104.25,0.75,0,normal
2026-02-13 21:00:00,CMP-02,194.41,128.35,17.0,12.17,210.91,4.372,0.346,21.89,0,105.85,0.85,0,normal
2026-02-13 22:00:00,CMP-02,193.25,126.79,16.85,12.68,205.42,4.209,0.347,23.0,0,105.43,0.43,0,normal
2026-02-13 23:00:00,CMP-02,196.47,124.64,18.17,11.39,205.28,4.127,0.342,22.24,0,105.33,0.33,0,normal
2026-02-14 00:00:00,CMP-02,195.13,127.88,18.19,11.57,209.24,4.235,0.411,21.51,1,105.16,0.16,0,normal
2026-02-14 01:00:00,CMP-02,195.25,128.08,18.54,12.43,210.26,4.28,0.385,22.2,0,103.42,1.58,0,normal
2026-02-14 02:00:00,CMP-02,197.17,130.22,16.78,11.04,205.31,4.197,0.307,21.51,0,103.76,1.24,0,normal
2026-02-14 03:00:00,CMP-02,200.04,129.61,17.91,11.07,212.7,4.255,0.4,22.9,0,106.52,1.52,0,normal
2026-02-14 04:00:00,CMP-02,201.21,131.44,17.67,12.48,212.26,4.332,0.254,22.6,0,104.28,0.72,0,normal
2026-02-14 05:00:00,CMP-02,201.82,130.36,19.19,11.97,211.72,4.172,0.192,21.75,0,105.08,0.08,0,normal
2026-02-14 06:00:00,CMP-02,203.96,133.43,18.93,11.42,213.6,4.17,0.312,22.5,0,105.06,0.06,0,normal
2026-02-14 07:00:00,CMP-02,207.4,133.47,16.47,11.74,202.46,4.238,0.512,21.79,0,101.87,3.13,0,normal
2026-02-14 08:00:00,CMP-02,203.02,132.48,18.78,11.57,215.61,4.292,0.343,23.0,1,106.72,1.72,0,normal
2026-02-14 09:00:00,CMP-02,206.76,135.68,17.64,11.54,206.65,4.087,0.439,22.55,0,105.17,0.17,0,normal
2026-02-14 10:00:00,CMP-02,207.49,136.53,17.87,11.6,208.43,4.285,0.346,21.59,0,106.5,1.5,0,normal
2026-02-14 11:00:00,CMP-02,205.91,136.05,17.64,11.65,208.33,3.988,0.39,21.92,0,104.56,0.44,0,normal
2026-02-14 12:00:00,CMP-02,208.12,135.24,16.57,10.97,212.99,4.258,0.213,22.19,0,105.16,0.16,0,normal
2026-02-14 13:00:00,CMP-02,210.37,137.04,17.77,11.13,211.79,4.068,0.376,21.85,0,104.21,0.79,0,normal
2026-02-14 14:00:00,CMP-02,211.06,137.39,17.06,12.13,208.8,4.24,0.353,21.98,1,103.34,1.66,0,normal
2026-02-14 15:00:00,CMP-02,210.54,137.37,18.15,11.95,212.21,4.274,0.395,22.74,0,105.77,0.77,0,normal
2026-02-14 16:00:00,CMP-02,214.36,138.47,17.56,11.32,207.79,4.09,0.373,22.32,0,104.27,0.73,0,normal
2026-02-14 17:00:00,CMP-02,214.43,139.02,18.13,11.96,204.08,4.098,0.288,23.64,0,103.48,1.52,0,normal
2026-02-14 18:00:00,CMP-02,216.13,138.14,17.14,12.26,211.63,4.234,0.403,20.73,0,104.72,0.28,0,normal
2026-02-14 19:00:00,CMP-02,218.8,140.43,16.87,12.24,211.75,4.242,0.383,22.39,0,104.99,0.01,0,normal
2026-02-14 20:00:00,CMP-02,214.78,139.84,18.57,11.67,213.47,4.222,0.433,21.53,0,105.2,0.2,0,normal
2026-02-14 21:00:00,CMP-02,219.74,141.75,16.64,12.11,208.3,4.111,0.312,21.92,0,103.56,1.44,0,normal
2026-02-14 22:00:00,CMP-02,219.84,142.19,18.75,12.47,217.24,4.213,0.24,22.51,0,105.09,0.09,0,normal
2026-02-14 23:00:00,CMP-02,218.47,144.11,18.63,12.22,205.11,4.195,0.283,22.07,0,104.1,0.9,0,normal
2026-01-01 00:00:00,CMP-03,-1.87,-0.18,17.24,11.49,210.4,4.259,0.317,21.57,0,105.7,0.7,0,normal
2026-01-01 01:00:00,CMP-03,2.35,1.17,19.04,12.16,204.02,4.094,0.333,21.43,0,106.68,1.68,0,normal
2026-01-01 02:00:00,CMP-03,3.69,1.37,18.51,12.15,210.47,4.2,0.436,21.75,1,104.9,0.1,0,normal
2026-01-01 03:00:00,CMP-03,-0.51,2.08,18.48,12.29,206.27,4.219,0.383,21.66,0,104.66,0.34,0,normal
2026-01-01 04:00:00,CMP-03,1.66,2.11,19.0,12.2,208.23,4.292,0.322,20.98,0,106.54,1.54,0,normal
2026-01-01 05:00:00,CMP-03,5.23,1.57,20.25,11.49,214.18,4.073,0.347,21.54,0,104.73,0.27,0,normal
2026-01-01 06:00:00,CMP-03,5.43,2.05,16.63,11.19,211.89,4.202,0.349,22.19,0,103.69,1.31,0,normal
2026-01-01 07:00:00,CMP-03,6.97,5.33,17.41,12.52,212.27,4.113,0.312,22.89,0,105.46,0.46,0,normal
2026-01-01 08:00:00,CMP-03,6.46,4.87,17.51,12.11,202.92,4.24,0.312,22.39,0,105.62,0.62,0,normal
2026-01-01 09:00:00,CMP-03,10.58,5.13,17.32,12.69,217.35,4.262,0.401,20.18,1,105.98,0.98,0,normal
2026-01-01 10:00:00,CMP-03,11.4,6.51,17.14,11.97,205.23,4.303,0.329,22.45,0,104.51,0.49,0,normal
2026-01-01 11:00:00,CMP-03,11.12,8.1,17.76,11.16,216.11,4.157,0.295,21.61,0,103.9,1.1,0,normal
2026-01-01 12:00:00,CMP-03,14.03,8.02,17.03,12.58,214.09,4.274,0.348,22.32,0,105.26,0.26,0,normal
2026-01-01 13:00:00,CMP-03,13.84,7.66,18.27,11.78,212.31,4.309,0.356,21.99,0,106.54,1.54,0,normal
2026-01-01 14:00:00,CMP-03,12.45,10.57,18.04,12.21,206.58,4.069,0.251,21.87,0,103.37,1.63,0,normal
2026-01-01 15:00:00,CMP-03,15.66,11.65,18.38,11.61,210.61,4.249,0.348,21.93,0,104.78,0.22,0,normal
2026-01-01 16:00:00,CMP-03,14.27,10.99,18.41,12.99,208.12,4.277,0.393,21.98,0,104.42,0.58,0,normal
2026-01-01 17:00:00,CMP-03,18.58,12.22,18.48,11.47,210.12,4.179,0.373,22.94,0,104.24,0.76,0,normal
2026-01-01 18:00:00,CMP-03,17.91,13.19,17.7,11.8,209.0,4.103,0.461,21.99,0,105.19,0.19,0,normal
2026-01-01 19:00:00,CMP-03,18.67,13.71,19.7,12.06,201.85,4.275,0.413,22.76,0,104.84,0.16,0,normal
2026-01-01 20:00:00,CMP-03,18.77,13.74,18.19,11.34,214.49,4.104,0.422,22.66,0,105.84,0.84,0,normal
2026-01-01 21:00:00,CMP-03,23.2,14.37,16.51,12.2,209.68,4.186,0.49,22.47,0,103.9,1.1,0,normal
2026-01-01 22:00:00,CMP-03,21.72,14.92,17.2,12.97,208.06,4.197,0.388,20.75,0,103.03,1.97,0,normal
2026-01-01 23:00:00,CMP-03,22.23,13.63,16.61,11.71,207.76,4.257,0.358,22.78,0,105.11,0.11,0,normal
2026-01-02 00:00:00,CMP-03,23.37,16.44,18.01,12.24,211.43,4.15,0.399,21.68,0,104.56,0.44,0,normal
2026-01-02 01:00:00,CMP-03,25.96,14.62,17.9,10.35,206.42,4.145,0.322,22.5,0,106.74,1.74,0,normal
2026-01-02 02:00:00,CMP-03,26.66,15.95,17.63,11.98,200.98,4.208,0.355,21.32,0,106.35,1.35,0,normal
2026-01-02 03:00:00,CMP-03,27.74,19.11,19.61,11.81,211.63,4.281,0.318,21.17,0,107.32,2.32,0,normal
2026-01-02 04:00:00,CMP-03,28.78,19.21,18.44,11.51,212.08,4.383,0.37,23.38,0,104.13,0.87,0,normal
2026-01-02 05:00:00,CMP-03,32.85,20.63,18.58,12.65,209.2,4.079,0.317,21.33,0,105.56,0.56,0,normal
2026-01-02 06:00:00,CMP-03,29.27,19.17,17.26,11.8,205.41,4.225,0.316,22.8,0,105.59,0.59,0,normal
2026-01-02 07:00:00,CMP-03,30.08,18.77,17.2,11.89,210.36,4.113,0.371,22.08,0,105.86,0.86,0,normal
2026-01-02 08:00:00,CMP-03,30.54,20.51,18.03,11.77,204.14,4.282,0.343,21.71,1,104.14,0.86,0,normal
2026-01-02 09:00:00,CMP-03,34.11,21.57,18.14,10.85,205.89,4.125,0.254,21.97,0,106.08,1.08,0,normal
2026-01-02 10:00:00,CMP-03,36.03,22.19,16.51,11.32,207.0,4.146,0.277,21.09,0,104.76,0.24,0,normal
2026-01-02 11:00:00,CMP-03,34.79,24.11,17.86,12.58,213.38,4.153,0.293,21.99,0,105.41,0.41,0,normal
2026-01-02 12:00:00,CMP-03,34.49,22.97,18.01,10.73,208.55,4.194,0.306,21.24,0,103.19,1.81,0,normal
2026-01-02 13:00:00,CMP-03,35.52,24.47,17.83,11.54,208.21,4.226,0.371,21.72,0,105.57,0.57,0,normal
2026-01-02 14:00:00,CMP-03,39.17,23.51,17.35,11.76,217.82,4.239,0.361,22.65,0,105.34,0.34,0,normal
2026-01-02 15:00:00,CMP-03,40.34,25.89,17.57,13.05,211.41,4.2,0.403,22.18,0,105.62,0.62,0,normal
2026-01-02 16:00:00,CMP-03,40.98,26.0,17.86,12.46,211.36,4.094,0.388,20.96,0,105.37,0.37,0,normal
2026-01-02 17:00:00,CMP-03,39.8,25.75,18.07,11.67,208.52,4.258,0.404,22.6,0,105.08,0.08,0,normal
2026-01-02 18:00:00,CMP-03,42.42,27.02,18.48,12.78,207.61,4.196,0.38,22.0,0,104.76,0.24,0,normal
2026-01-02 19:00:00,CMP-03,43.21,27.73,18.86,11.56,201.25,4.293,0.36,21.62,0,105.17,0.17,0,normal
2026-01-02 20:00:00,CMP-03,44.39,28.28,17.76,12.61,213.87,4.143,0.405,22.52,0,105.09,0.09,0,normal
2026-01-02 21:00:00,CMP-03,46.57,31.38,17.64,11.18,211.79,4.072,0.396,21.88,0,103.54,1.46,0,normal
2026-01-02 22:00:00,CMP-03,46.4,29.78,18.35,12.64,209.28,4.197,0.369,21.18,0,105.57,0.57,0,normal
2026-01-02 23:00:00,CMP-03,48.22,30.26,18.49,11.76,209.45,4.304,0.414,23.29,0,104.07,0.93,0,normal
2026-01-03 00:00:00,CMP-03,48.12,28.68,17.65,11.38,212.94,4.213,0.233,21.99,0,103.78,1.22,0,normal
2026-01-03 01:00:00,CMP-03,49.52,30.78,18.63,11.87,203.78,4.184,0.335,21.94,0,103.38,1.62,0,normal
2026-01-03 02:00:00,CMP-03,51.14,32.18,18.78,12.17,207.64,4.13,0.335,21.72,0,105.12,0.12,0,normal
2026-01-03 03:00:00,CMP-03,48.38,32.33,19.03,11.7,205.45,4.341,0.408,22.83,0,104.53,0.47,0,normal
2026-01-03 04:00:00,CMP-03,51.42,35.46,19.42,12.33,217.09,4.118,0.429,21.63,0,103.22,1.78,0,normal
2026-01-03 05:00:00,CMP-03,52.15,34.25,17.31,11.65,213.5,4.142,0.277,20.92,0,104.86,0.14,0,normal
2026-01-03 06:00:00,CMP-03,52.85,36.65,18.01,12.37,201.19,4.246,0.421,21.52,1,105.58,0.58,0,normal
2026-01-03 07:00:00,CMP-03,54.5,35.82,18.01,12.27,203.94,4.052,0.291,22.93,0,104.02,0.98,0,normal
2026-01-03 08:00:00,CMP-03,58.69,36.44,17.92,11.96,209.47,4.302,0.293,22.58,0,104.78,0.22,0,normal
2026-01-03 09:00:00,CMP-03,55.44,36.94,17.48,11.74,208.11,4.25,0.338,21.82,0,106.0,1.0,0,normal
2026-01-03 10:00:00,CMP-03,59.74,37.7,16.81,12.09,204.7,4.272,0.334,22.96,0,105.45,0.45,0,normal
2026-01-03 11:00:00,CMP-03,55.97,40.41,18.07,12.33,217.78,4.245,0.272,22.52,0,106.75,1.75,0,normal
2026-01-03 12:00:00,CMP-03,59.4,36.22,17.39,13.24,211.25,4.187,0.382,21.81,0,102.05,2.95,0,normal
2026-01-03 13:00:00,CMP-03,61.29,37.25,18.07,12.56,211.9,4.115,0.384,21.88,0,107.06,2.06,0,normal
2026-01-03 14:00:00,CMP-03,63.06,39.65,17.36,12.59,207.23,4.189,0.403,22.23,0,105.48,0.48,0,normal
2026-01-03 15:00:00,CMP-03,64.28,40.97,17.12,13.85,212.89,4.122,0.328,21.42,0,107.94,2.94,0,normal
2026-01-03 16:00:00,CMP-03,65.43,42.43,18.19,12.31,208.48,4.239,0.348,22.0,0,104.02,0.98,0,normal
2026-01-03 17:00:00,CMP-03,64.37,42.82,18.12,12.29,208.87,4.265,0.348,22.22,0,102.97,2.03,0,normal
2026-01-03 18:00:00,CMP-03,65.17,42.44,18.46,12.42,212.44,4.318,0.434,20.82,0,105.2,0.2,0,normal
2026-01-03 19:00:00,CMP-03,68.54,44.77,19.75,11.39,203.48,4.23,0.208,21.87,0,104.18,0.82,0,normal
2026-01-03 20:00:00,CMP-03,67.66,45.44,18.22,11.73,216.39,4.274,0.302,21.79,0,106.23,1.23,0,normal
2026-01-03 21:00:00,CMP-03,66.7,45.07,18.39,11.7,210.73,4.176,0.35,22.72,0,106.24,1.24,0,normal
2026-01-03 22:00:00,CMP-03,67.96,46.66,17.14,12.39,215.12,4.162,0.296,20.71,0,105.31,0.31,0,normal
2026-01-03 23:00:00,CMP-03,69.34,46.48,16.97,11.9,205.7,4.238,0.337,21.73,0,104.39,0.61,0,normal
2026-01-04 00:00:00,CMP-03,72.89,46.13,19.27,12.08,206.31,4.169,0.344,21.66,0,105.28,0.28,0,normal
2026-01-04 01:00:00,CMP-03,73.26,48.29,17.26,12.65,205.35,4.222,0.317,22.67,0,104.35,0.65,0,normal
2026-01-04 02:00:00,CMP-03,75.24,48.23,17.16,12.52,211.0,4.115,0.353,21.97,0,104.71,0.29,0,normal
2026-01-04 03:00:00,CMP-03,74.23,48.75,17.97,11.9,210.26,4.129,0.381,23.26,0,106.16,1.16,0,normal
2026-01-04 04:00:00,CMP-03,76.29,51.17,17.93,11.6,208.14,4.251,0.338,22.46,1,106.24,1.24,0,normal
2026-01-04 05:00:00,CMP-03,78.13,47.11,17.28,12.68,205.94,4.271,0.327,21.71,0,105.87,0.87,0,normal
2026-01-04 06:00:00,CMP-03,77.44,49.0,17.76,12.46,204.93,4.121,0.342,22.17,0,104.41,0.59,0,normal
2026-01-04 07:00:00,CMP-03,79.82,49.93,18.98,11.04,209.81,4.254,0.35,21.75,0,102.63,2.37,0,normal
2026-01-04 08:00:00,CMP-03,78.81,51.56,17.36,11.81,208.14,4.157,0.263,22.6,0,104.69,0.31,0,normal
2026-01-04 09:00:00,CMP-03,80.35,52.34,16.89,12.1,207.26,4.201,0.373,21.07,1,103.95,1.05,0,normal
2026-01-04 10:00:00,CMP-03,81.31,51.49,18.75,12.47,216.19,4.313,0.327,21.42,1,105.35,0.35,0,normal
2026-01-04 11:00:00,CMP-03,80.85,52.77,18.39,12.55,209.67,4.265,0.413,22.32,0,104.24,0.76,0,normal
2026-01-04 12:00:00,CMP-03,84.88,53.57,17.5,12.17,215.08,4.264,0.38,22.86,0,105.38,0.38,0,normal
2026-01-04 13:00:00,CMP-03,84.16,58.2,16.73,12.35,207.87,4.353,0.409,20.46,1,103.69,1.31,0,normal
2026-01-04 14:00:00,CMP-03,86.02,58.06,17.4,12.04,210.98,4.144,0.299,22.96,0,103.67,1.33,0,normal
2026-01-04 15:00:00,CMP-03,87.87,56.06,17.96,11.6,209.78,4.121,0.331,21.9,0,106.33,1.33,0,normal
2026-01-04 16:00:00,CMP-03,88.8,56.76,18.93,11.84,203.21,4.142,0.288,20.68,0,103.39,1.61,0,normal
2026-01-04 17:00:00,CMP-03,90.2,56.47,17.17,12.01,215.71,4.18,0.315,19.9,0,105.46,0.46,0,normal
2026-01-04 18:00:00,CMP-03,89.82,56.21,17.93,11.98,209.46,4.012,0.413,20.93,0,106.01,1.01,0,normal
2026-01-04 19:00:00,CMP-03,90.24,59.01,18.54,10.87,212.99,4.183,0.424,21.99,0,106.24,1.24,0,normal
2026-01-04 20:00:00,CMP-03,91.86,58.6,16.09,11.76,206.99,4.156,0.293,21.95,0,105.63,0.63,0,normal
2026-01-04 21:00:00,CMP-03,89.96,60.35,18.83,12.03,209.34,4.263,0.327,22.44,0,105.28,0.28,0,normal
2026-01-04 22:00:00,CMP-03,91.4,59.18,17.05,11.83,206.53,4.228,0.346,21.62,0,105.52,0.52,0,normal
2026-01-04 23:00:00,CMP-03,92.62,60.84,18.27,11.85,214.94,4.152,0.379,21.22,0,106.91,1.91,0,normal
2026-01-05 00:00:00,CMP-03,94.2,62.58,18.2,12.29,211.25,4.247,0.262,21.71,0,105.57,0.57,0,normal
2026-01-05 01:00:00,CMP-03,97.72,63.49,18.87,11.35,211.47,4.258,0.27,22.02,0,103.1,1.9,0,normal
2026-01-05 02:00:00,CMP-03,96.37,64.2,18.44,11.02,215.43,4.139,0.374,22.16,1,104.85,0.15,0,normal
2026-01-05 03:00:00,CMP-03,98.32,62.77,16.1,11.79,214.63,4.161,0.253,21.45,0,106.14,1.14,0,normal
2026-01-05 04:00:00,CMP-03,102.34,66.03,17.37,12.46,213.06,4.022,0.328,22.63,0,104.56,0.44,0,normal
2026-01-05 05:00:00,CMP-03,100.36,64.69,18.11,13.01,204.31,4.113,0.358,21.57,0,106.33,1.33,0,normal
2026-01-05 06:00:00,CMP-03,103.33,67.06,17.84,12.47,207.22,4.141,0.371,21.39,0,104.71,0.29,0,normal
2026-01-05 07:00:00,CMP-03,101.32,66.94,18.38,11.12,205.98,4.206,0.343,21.62,0,104.77,0.23,0,normal
2026-01-05 08:00:00,CMP-03,103.63,65.95,18.63,11.86,212.91,4.124,0.332,22.75,0,106.47,1.47,0,normal
2026-01-05 09:00:00,CMP-03,103.29,67.87,18.49,12.15,210.68,4.159,0.392,21.91,0,104.85,0.15,0,normal
2026-01-05 10:00:00,CMP-03,105.39,69.34,17.83,12.11,204.44,4.102,0.364,21.51,0,104.75,0.25,0,normal
2026-01-05 11:00:00,CMP-03,108.51,70.29,16.52,12.32,209.25,4.214,0.318,22.65,0,105.93,0.93,0,normal
2026-01-05 12:00:00,CMP-03,104.89,70.03,17.64,11.45,204.02,4.234,0.352,23.5,0,102.9,2.1,0,normal
2026-01-05 13:00:00,CMP-03,109.78,72.69,18.33,12.04,209.79,4.232,0.369,22.15,0,104.67,0.33,0,normal
2026-01-05 14:00:00,CMP-03,110.43,72.71,17.13,12.25,203.38,4.201,0.436,22.86,0,105.38,0.38,0,normal
2026-01-05 15:00:00,CMP-03,109.93,71.84,18.51,12.5,212.12,4.077,0.389,22.73,0,105.24,0.24,0,normal
2026-01-05 16:00:00,CMP-03,109.4,73.7,18.73,11.52,211.51,4.15,0.411,21.58,0,106.74,1.74,0,normal
2026-01-05 17:00:00,CMP-03,113.13,75.77,18.1,11.79,217.63,4.167,0.319,22.02,0,103.88,1.12,0,normal
2026-01-05 18:00:00,CMP-03,113.05,76.45,15.55,10.38,213.39,4.168,0.324,21.1,0,103.41,1.59,0,normal
2026-01-05 19:00:00,CMP-03,115.42,73.28,16.98,11.63,208.31,4.206,0.338,21.86,0,105.71,0.71,0,normal
2026-01-05 20:00:00,CMP-03,116.04,74.29,19.51,11.69,213.27,4.314,0.343,21.56,0,106.21,1.21,0,normal
2026-01-05 21:00:00,CMP-03,119.88,77.83,17.56,11.39,204.41,4.265,0.3,21.72,0,104.34,0.66,0,normal
2026-01-05 22:00:00,CMP-03,117.57,75.43,16.41,12.1,206.15,4.121,0.413,21.48,0,105.13,0.13,0,normal
2026-01-05 23:00:00,CMP-03,117.16,75.76,18.99,11.97,211.33,4.254,0.394,21.8,0,105.93,0.93,0,normal
2026-01-06 00:00:00,CMP-03,120.32,77.42,18.01,10.64,201.37,4.251,0.335,22.37,0,103.41,1.59,0,normal
2026-01-06 01:00:00,CMP-03,121.4,79.15,18.88,12.13,209.85,4.136,0.382,21.92,0,104.21,0.79,0,normal
2026-01-06 02:00:00,CMP-03,124.45,79.18,18.22,11.44,205.92,4.268,0.361,20.69,0,104.88,0.12,0,normal
2026-01-06 03:00:00,CMP-03,124.5,79.17,18.37,12.29,210.41,4.187,0.386,21.48,0,106.03,1.03,0,normal
2026-01-06 04:00:00,CMP-03,124.64,79.79,18.29,11.23,205.69,4.087,0.283,20.94,0,103.37,1.63,0,normal
2026-01-06 05:00:00,CMP-03,127.63,80.4,18.56,12.02,211.7,4.236,0.343,22.17,0,104.92,0.08,0,normal
2026-01-06 06:00:00,CMP-03,123.86,80.84,19.82,11.83,210.08,4.217,0.347,22.35,0,104.74,0.26,0,normal
2026-01-06 07:00:00,CMP-03,125.85,85.29,18.78,12.18,215.6,4.182,0.381,22.18,0,105.91,0.91,0,normal
2026-01-06 08:00:00,CMP-03,126.33,83.56,16.74,12.07,210.03,4.197,0.319,21.45,0,104.99,0.01,0,normal
2026-01-06 09:00:00,CMP-03,128.3,84.91,18.36,11.85,206.93,4.142,0.225,22.17,0,104.15,0.85,0,normal
2026-01-06 10:00:00,CMP-03,127.52,83.91,18.91,11.08,209.01,4.249,0.296,21.67,0,106.29,1.29,0,normal
2026-01-06 11:00:00,CMP-03,132.14,84.93,18.96,11.11,204.62,4.197,0.347,21.2,1,103.98,1.02,0,normal
2026-01-06 12:00:00,CMP-03,131.6,84.94,17.66,11.65,211.62,4.213,0.353,22.52,0,104.81,0.19,0,normal
2026-01-06 13:00:00,CMP-03,130.35,83.27,18.93,12.0,212.36,4.229,0.434,22.57,0,103.44,1.56,0,normal
2026-01-06 14:00:00,CMP-03,132.17,85.45,18.74,11.64,219.88,4.108,0.379,22.66,0,105.01,0.01,0,normal
2026-01-06 15:00:00,CMP-03,135.56,85.58,20.06,12.38,207.51,4.128,0.354,21.57,0,105.37,0.37,0,normal
2026-01-06 16:00:00,CMP-03,137.51,85.7,17.4,11.83,208.93,4.023,0.348,22.83,0,105.27,0.27,0,normal
2026-01-06 17:00:00,CMP-03,140.59,87.62,17.59,11.42,207.7,4.245,0.405,21.65,0,105.48,0.48,0,normal
2026-01-06 18:00:00,CMP-03,143.24,91.29,17.76,11.83,210.85,4.103,0.32,22.46,1,105.67,0.67,0,normal
2026-01-06 19:00:00,CMP-03,139.75,90.3,17.61,12.14,211.53,4.211,0.343,21.64,0,107.42,2.42,0,normal
2026-01-06 20:00:00,CMP-03,138.22,92.55,17.29,12.19,209.79,4.23,0.296,21.84,1,104.16,0.84,0,normal
2026-01-06 21:00:00,CMP-03,137.16,92.14,15.79,13.13,214.35,4.248,0.421,20.31,0,103.57,1.43,0,normal
2026-01-06 22:00:00,CMP-03,142.48,93.24,17.65,11.6,207.53,4.104,0.37,21.79,0,103.65,1.35,0,normal
2026-01-06 23:00:00,CMP-03,141.54,91.87,18.3,11.96,213.94,4.195,0.315,22.06,0,104.54,0.46,0,normal
2026-01-07 00:00:00,CMP-03,143.25,94.23,17.61,12.26,212.15,4.334,0.344,21.71,0,104.1,0.9,0,normal
2026-01-07 01:00:00,CMP-03,143.9,95.12,19.55,11.99,209.95,4.337,0.375,23.23,0,105.1,0.1,0,normal
2026-01-07 02:00:00,CMP-03,145.75,94.21,18.01,11.7,208.74,4.279,0.337,21.19,0,106.28,1.28,0,normal
2026-01-07 03:00:00,CMP-03,148.92,96.22,19.03,11.07,219.71,4.227,0.323,21.61,0,107.47,2.47,0,normal
2026-01-07 04:00:00,CMP-03,148.28,96.88,18.21,11.69,206.73,4.12,0.317,21.37,0,105.29,0.29,0,normal
2026-01-07 05:00:00,CMP-03,148.71,96.19,18.66,11.36,211.19,4.257,0.367,21.61,0,107.45,2.45,0,normal
2026-01-07 06:00:00,CMP-03,148.14,96.15,18.22,10.96,207.0,4.187,0.332,22.72,0,104.37,0.63,0,normal
2026-01-07 07:00:00,CMP-03,147.99,96.73,19.1,11.52,217.14,4.245,0.327,23.03,0,103.78,1.22,0,normal
2026-01-07 08:00:00,CMP-03,151.12,98.9,18.04,11.37,213.55,4.149,0.283,21.51,0,106.44,1.44,0,normal
2026-01-07 09:00:00,CMP-03,152.9,99.84,18.4,12.35,207.29,4.186,0.354,21.49,0,102.76,2.24,0,normal
2026-01-07 10:00:00,CMP-03,157.18,99.15,18.29,12.36,212.05,4.213,0.341,21.19,0,104.33,0.67,0,normal
2026-01-07 11:00:00,CMP-03,155.23,100.78,17.77,11.46,211.03,4.22,0.334,22.91,1,105.65,0.65,0,normal
2026-01-07 12:00:00,CMP-03,157.77,102.08,18.32,11.84,207.93,4.239,0.36,22.78,0,104.72,0.28,0,normal
2026-01-07 13:00:00,CMP-03,156.1,102.79,19.79,10.89,213.03,4.154,0.387,21.93,0,105.03,0.03,0,normal
2026-01-07 14:00:00,CMP-03,155.87,104.56,17.78,11.7,211.56,4.093,0.385,21.02,0,103.83,1.17,0,normal
2026-01-07 15:00:00,CMP-03,157.26,104.88,18.34,12.24,210.86,4.33,0.378,21.09,0,105.06,0.06,0,normal
2026-01-07 16:00:00,CMP-03,158.69,102.8,19.01,12.49,209.83,4.399,0.338,22.12,0,106.09,1.09,0,normal
2026-01-07 17:00:00,CMP-03,164.83,106.67,18.91,11.57,211.72,4.236,0.322,22.38,1,105.16,0.16,0,normal
2026-01-07 18:00:00,CMP-03,160.52,104.66,18.01,12.63,210.92,4.094,0.298,20.55,0,104.16,0.84,0,normal
2026-01-07 19:00:00,CMP-03,164.51,107.2,16.09,11.09,210.24,4.138,0.32,21.78,0,103.65,1.35,0,normal
2026-01-07 20:00:00,CMP-03,162.37,106.68,18.41,11.25,207.44,4.241,0.351,23.13,0,103.9,1.1,0,normal
2026-01-07 21:00:00,CMP-03,166.68,106.76,16.22,12.43,216.78,4.307,0.311,21.85,0,105.97,0.97,0,normal
2026-01-07 22:00:00,CMP-03,166.69,105.73,19.18,13.0,205.8,4.103,0.355,23.04,0,105.04,0.04,0,normal
2026-01-07 23:00:00,CMP-03,166.72,108.34,18.14,12.3,211.71,4.19,0.302,22.45,0,104.26,0.74,0,normal
2026-01-08 00:00:00,CMP-03,167.93,107.33,18.8,11.98,208.72,4.216,0.267,21.24,0,102.47,2.53,0,normal
2026-01-08 01:00:00,CMP-03,167.82,111.01,17.28,10.68,217.04,4.269,0.391,21.8,0,106.03,1.03,0,normal
2026-01-08 02:00:00,CMP-03,170.8,112.32,16.76,10.79,206.39,4.173,0.326,21.91,0,103.72,1.28,0,normal
2026-01-08 03:00:00,CMP-03,170.18,110.19,18.21,12.08,207.06,4.075,0.308,21.33,0,105.52,0.52,0,normal
2026-01-08 04:00:00,CMP-03,169.79,112.16,17.97,11.79,206.12,4.25,0.295,21.32,0,103.86,1.14,0,normal
2026-01-08 05:00:00,CMP-03,170.7,111.58,17.61,11.34,211.29,4.29,0.371,23.05,0,104.02,0.98,0,normal
2026-01-08 06:00:00,CMP-03,174.31,112.35,18.07,12.04,204.51,4.193,0.419,21.32,0,104.73,0.27,0,normal
2026-01-08 07:00:00,CMP-03,177.84,114.68,20.21,12.07,208.09,4.232,0.33,22.75,0,107.44,2.44,0,normal
2026-01-08 08:00:00,CMP-03,176.29,114.35,18.67,12.57,201.39,4.162,0.339,21.69,0,105.14,0.14,0,normal
2026-01-08 09:00:00,CMP-03,176.79,117.14,18.84,12.08,210.96,4.132,0.404,21.98,0,105.23,0.23,0,normal
2026-01-08 10:00:00,CMP-03,178.51,115.12,18.68,12.74,208.0,4.282,0.259,22.39,0,105.23,0.23,0,normal
2026-01-08 11:00:00,CMP-03,181.35,117.55,19.18,12.0,204.05,4.231,0.448,21.58,0,102.6,2.4,0,normal
2026-01-08 12:00:00,CMP-03,180.39,117.12,17.85,11.93,214.34,4.239,0.472,22.4,0,104.11,0.89,0,normal
2026-01-08 13:00:00,CMP-03,180.26,118.6,16.36,12.64,204.77,4.32,0.215,20.57,0,101.82,3.18,0,normal
2026-01-08 14:00:00,CMP-03,183.99,117.76,17.85,11.41,213.19,4.116,0.345,22.31,0,107.16,2.16,0,normal
2026-01-08 15:00:00,CMP-03,183.77,118.89,18.65,13.69,207.2,4.156,0.314,20.27,0,106.46,1.46,0,normal
2026-01-08 16:00:00,CMP-03,186.76,119.46,17.22,12.23,216.41,4.213,0.337,21.84,0,105.94,0.94,0,normal
2026-01-08 17:00:00,CMP-03,185.33,119.25,17.86,12.23,213.0,4.155,0.329,22.6,0,105.39,0.39,0,normal
2026-01-08 18:00:00,CMP-03,183.8,121.69,17.45,12.32,205.97,4.263,0.391,22.44,0,102.97,2.03,0,normal
2026-01-08 19:00:00,CMP-03,184.54,122.33,19.2,13.13,206.33,4.185,0.344,21.09,1,104.47,0.53,0,normal
2026-01-08 20:00:00,CMP-03,190.97,122.91,18.6,12.48,212.42,4.121,0.304,21.18,0,107.17,2.17,0,normal
2026-01-08 21:00:00,CMP-03,192.1,124.69,18.52,11.04,208.95,4.205,0.341,21.52,0,105.06,0.06,0,normal
2026-01-08 22:00:00,CMP-03,189.68,125.24,18.5,12.84,209.32,4.214,0.376,22.13,0,104.32,0.68,0,normal
2026-01-08 23:00:00,CMP-03,190.31,123.7,17.97,11.8,215.09,4.275,0.291,20.58,0,103.47,1.53,0,normal
2026-01-09 00:00:00,CMP-03,194.63,125.25,18.16,12.06,207.01,4.231,0.268,21.99,0,106.28,1.28,0,normal
2026-01-09 01:00:00,CMP-03,191.01,124.7,17.05,11.23,210.37,4.237,0.45,22.22,1,104.95,0.05,0,normal
2026-01-09 02:00:00,CMP-03,192.39,126.13,16.25,12.32,213.82,4.226,0.318,21.8,1,103.37,1.63,0,normal
2026-01-09 03:00:00,CMP-03,196.16,126.03,18.12,11.61,213.24,4.185,0.343,22.37,0,104.24,0.76,0,normal
2026-01-09 04:00:00,CMP-03,195.29,129.34,18.26,12.06,209.36,4.143,0.33,22.16,0,103.54,1.46,0,normal
2026-01-09 05:00:00,CMP-03,196.99,128.49,18.97,11.83,208.84,4.223,0.377,21.62,0,104.76,0.24,0,normal
2026-01-09 06:00:00,CMP-03,197.71,128.44,19.26,13.16,203.04,4.173,0.439,20.64,0,104.67,0.33,0,normal
2026-01-09 07:00:00,CMP-03,199.61,130.78,19.26,13.19,205.78,4.335,0.379,22.09,0,104.11,0.89,0,normal
2026-01-09 08:00:00,CMP-03,202.53,127.4,17.2,12.03,211.27,4.307,0.274,21.33,0,105.96,0.96,0,normal
2026-01-09 09:00:00,CMP-03,201.16,128.23,17.72,12.04,209.45,4.251,0.281,21.6,0,105.04,0.04,0,normal
2026-01-09 10:00:00,CMP-03,203.16,132.26,18.38,11.78,210.3,4.23,0.33,22.34,0,106.19,1.19,0,normal
2026-01-09 11:00:00,CMP-03,199.31,132.02,20.03,12.66,214.16,4.193,0.337,22.99,0,104.94,0.06,0,normal
2026-01-09 12:00:00,CMP-03,203.91,132.9,19.18,11.8,205.25,4.099,0.264,21.97,0,107.97,2.97,0,normal
2026-01-09 13:00:00,CMP-03,203.48,131.66,18.9,11.75,209.06,4.183,0.391,22.39,0,104.3,0.7,0,normal
2026-01-09 14:00:00,CMP-03,203.81,133.87,17.69,12.59,210.75,4.208,0.296,20.99,0,104.07,0.93,0,normal
2026-01-09 15:00:00,CMP-03,205.42,136.95,17.29,11.68,207.18,4.218,0.425,22.17,0,103.65,1.35,0,normal
2026-01-09 16:00:00,CMP-03,207.4,136.19,18.63,11.98,215.73,4.238,0.441,21.96,0,105.23,0.23,0,normal
2026-01-09 17:00:00,CMP-03,210.65,136.05,17.12,11.05,213.63,4.274,0.338,22.86,0,103.4,1.6,0,normal
2026-01-09 18:00:00,CMP-03,207.61,135.97,17.81,12.42,211.16,4.145,0.372,21.62,0,105.42,0.42,0,normal
2026-01-09 19:00:00,CMP-03,211.06,136.68,17.91,13.16,217.18,4.145,0.288,21.83,0,103.48,1.52,0,normal
2026-01-09 20:00:00,CMP-03,211.13,135.24,19.27,12.43,204.0,4.316,0.381,22.74,0,104.7,0.3,0,normal
2026-01-09 21:00:00,CMP-03,212.41,138.76,17.72,12.88,209.97,4.262,0.325,21.94,0,103.51,1.49,0,normal
2026-01-09 22:00:00,CMP-03,215.8,140.11,16.05,11.49,211.47,4.169,0.296,21.22,0,104.7,0.3,0,normal
2026-01-09 23:00:00,CMP-03,215.97,137.86,18.4,12.14,206.34,4.191,0.336,23.79,0,105.37,0.37,0,normal
2026-01-10 00:00:00,CMP-03,218.41,139.61,17.44,11.43,211.2,4.192,0.327,21.24,0,107.63,2.63,0,normal
2026-01-10 01:00:00,CMP-03,216.72,139.66,18.03,11.86,205.57,4.203,0.334,21.95,0,103.46,1.54,0,normal
2026-01-10 02:00:00,CMP-03,216.75,140.54,17.93,12.46,212.76,4.238,0.397,22.24,0,105.06,0.06,0,normal
2026-01-10 03:00:00,CMP-03,218.6,142.41,17.78,12.06,214.23,4.403,0.311,22.19,0,104.54,0.46,0,normal
2026-01-10 04:00:00,CMP-03,220.44,140.5,18.63,11.15,211.09,4.215,0.437,21.87,0,104.13,0.87,0,normal
2026-01-10 05:00:00,CMP-03,221.32,144.39,16.77,11.21,202.59,4.253,0.284,21.87,0,103.62,1.38,0,normal
2026-01-10 06:00:00,CMP-03,220.05,145.2,17.59,11.17,206.13,4.065,0.431,21.84,0,105.6,0.6,0,normal
2026-01-10 07:00:00,CMP-03,223.16,144.65,18.55,12.29,212.26,4.161,0.299,21.22,0,104.64,0.36,0,normal
2026-01-10 08:00:00,CMP-03,224.41,142.62,17.51,13.24,210.08,4.298,0.35,23.51,0,107.48,2.48,0,normal
2026-01-10 09:00:00,CMP-03,229.53,145.05,16.71,12.82,199.22,4.232,0.325,21.85,0,104.6,0.4,0,normal
2026-01-10 10:00:00,CMP-03,229.38,148.38,18.53,10.86,214.97,3.849,0.333,22.42,0,104.29,0.71,0,normal
2026-01-10 11:00:00,CMP-03,225.46,144.22,18.9,12.85,210.55,4.254,0.39,21.77,0,104.64,0.36,0,normal
2026-01-10 12:00:00,CMP-03,227.48,147.78,17.96,12.56,206.72,4.353,0.425,21.75,0,103.86,1.14,0,normal
2026-01-10 13:00:00,CMP-03,226.37,147.43,16.43,11.07,213.98,4.04,0.41,21.68,0,106.2,1.2,0,normal
2026-01-10 14:00:00,CMP-03,228.94,150.47,18.56,11.82,207.29,4.322,0.33,20.92,0,102.98,2.02,0,normal
2026-01-10 15:00:00,CMP-03,231.57,149.34,16.71,12.68,207.08,3.978,0.363,21.91,0,103.21,1.83,0,normal
2026-01-10 16:00:00,CMP-03,234.17,151.28,18.35,12.39,210.99,4.275,0.322,21.76,0,104.21,0.89,0,normal
2026-01-10 17:00:00,CMP-03,231.69,152.13,17.33,11.24,216.95,4.199,0.305,22.84,0,106.22,1.26,0,normal
2026-01-10 18:00:00,CMP-03,232.82,154.3,17.14,12.41,216.2,4.012,0.3,21.2,0,106.7,1.77,0,normal
2026-01-10 19:00:00,CMP-03,231.13,152.51,17.67,10.73,211.32,4.236,0.331,21.61,1,106.56,1.59,0,normal
2026-01-10 20:00:00,CMP-03,235.71,153.85,17.99,11.95,211.25,4.292,0.378,21.44,0,105.38,0.51,0,normal
2026-01-10 21:00:00,CMP-03,235.09,152.27,17.6,12.76,212.63,4.229,0.268,23.07,0,104.85,0.27,0,normal
2026-01-10 22:00:00,CMP-03,237.05,156.13,18.64,12.11,204.23,4.247,0.366,21.47,0,105.04,0.2,0,normal
2026-01-10 23:00:00,CMP-03,237.42,154.44,17.82,11.81,211.79,4.167,0.445,22.48,0,103.49,1.68,0,normal
2026-01-11 00:00:00,CMP-03,239.83,155.33,19.02,12.68,206.02,4.051,0.432,22.79,0,102.13,3.1,0,normal
2026-01-11 01:00:00,CMP-03,237.84,156.62,18.41,12.7,210.44,4.255,0.341,21.99,0,105.1,0.29,0,normal
2026-01-11 02:00:00,CMP-03,239.36,155.42,17.66,12.92,208.1,4.34,0.305,21.15,0,103.25,1.97,0,normal
2026-01-11 03:00:00,CMP-03,246.83,158.22,17.7,12.77,210.22,4.29,0.418,21.24,0,104.05,1.34,0,normal
2026-01-11 04:00:00,CMP-03,241.68,159.76,16.96,12.82,209.24,4.041,0.265,22.74,0,104.45,0.82,0,normal
2026-01-11 05:00:00,CMP-03,243.03,159.6,18.54,12.63,196.33,4.079,0.44,21.27,1,103.49,1.82,0,normal
2026-01-11 06:00:00,CMP-03,249.31,157.99,18.17,12.44,208.67,4.132,0.39,22.5,0,104.9,0.55,0,normal
2026-01-11 07:00:00,CMP-03,252.23,160.4,16.63,12.38,210.21,4.073,0.5,22.34,0,104.76,0.77,0,normal
2026-01-11 08:00:00,CMP-03,245.89,162.09,17.95,12.09,210.1,4.204,0.306,22.45,0,104.38,0.99,0,normal
2026-01-11 09:00:00,CMP-03,248.34,159.6,17.71,11.54,207.65,4.231,0.444,22.55,0,103.35,2.08,0,normal
2026-01-11 10:00:00,CMP-03,250.61,161.21,19.75,11.73,214.39,4.086,0.4,21.59,0,104.38,1.11,0,normal
2026-01-11 11:00:00,CMP-03,254.11,164.2,17.21,12.19,208.69,4.262,0.397,21.6,0,102.96,2.6,0,normal
2026-01-11 12:00:00,CMP-03,250.22,164.12,17.32,12.44,209.61,4.248,0.335,22.74,0,103.68,1.79,0,normal
2026-01-11 13:00:00,CMP-03,252.56,164.94,19.42,13.2,211.79,4.156,0.44,21.82,0,106.83,2.36,0,normal
2026-01-11 14:00:00,CMP-03,255.4,167.33,19.68,12.35,208.76,4.186,0.451,20.37,0,103.76,1.84,0,normal
2026-01-11 15:00:00,CMP-03,255.78,166.31,18.01,12.98,203.68,4.044,0.508,22.76,1,103.62,1.98,0,normal
2026-01-11 16:00:00,CMP-03,255.32,167.19,18.09,13.02,197.57,4.173,0.467,21.57,0,101.89,3.71,0,normal
2026-01-11 17:00:00,CMP-03,256.76,170.3,19.12,12.25,205.26,4.201,0.391,22.64,1,104.33,1.3,0,normal
2026-01-11 18:00:00,CMP-03,255.53,167.44,16.74,12.73,210.34,4.213,0.367,23.28,0,104.51,1.09,0,normal
2026-01-11 19:00:00,CMP-03,258.57,167.39,17.18,12.27,205.56,4.23,0.357,22.35,0,103.98,1.7,0,normal
2026-01-11 20:00:00,CMP-03,259.52,169.51,18.47,13.23,210.08,4.22,0.502,23.04,0,103.68,2.01,0,normal
2026-01-11 21:00:00,CMP-03,261.42,170.18,19.98,12.84,207.27,4.179,0.394,22.48,0,104.26,1.48,0,normal
2026-01-11 22:00:00,CMP-03,261.0,169.67,18.38,11.74,211.87,4.223,0.506,23.48,0,104.91,0.82,0,normal
2026-01-11 23:00:00,CMP-03,263.85,169.71,18.88,12.59,205.24,4.28,0.466,21.65,0,103.14,2.66,0,normal
2026-01-12 00:00:00,CMP-03,265.82,174.37,19.75,13.52,208.08,4.192,0.461,22.42,0,102.82,3.02,0,normal
2026-01-12 01:00:00,CMP-03,265.28,172.64,20.52,12.41,208.29,4.225,0.428,22.89,0,103.98,1.85,0,normal
2026-01-12 02:00:00,CMP-03,266.63,172.02,18.4,12.81,212.13,4.185,0.48,22.3,0,102.24,3.63,0,normal
2026-01-12 03:00:00,CMP-03,267.1,174.65,18.86,12.87,199.25,4.148,0.447,23.24,0,101.39,4.49,0,normal
2026-01-12 04:00:00,CMP-03,268.0,174.07,20.35,11.94,204.14,4.242,0.432,22.14,0,102.46,3.43,0,normal
2026-01-12 05:00:00,CMP-03,267.7,174.55,17.67,12.86,209.4,4.156,0.485,23.89,0,101.04,4.85,0,normal
2026-01-12 06:00:00,CMP-03,270.57,176.17,19.78,11.76,211.89,4.231,0.45,23.96,0,103.91,2.04,0,normal
2026-01-12 07:00:00,CMP-03,270.82,174.6,18.15,12.22,206.64,4.202,0.418,22.68,0,101.51,4.45,0,normal
2026-01-12 08:00:00,CMP-03,275.77,177.22,19.16,13.32,203.98,4.176,0.501,22.93,0,101.58,4.5,0,normal
2026-01-12 09:00:00,CMP-03,275.83,179.75,18.88,12.89,208.18,4.174,0.468,23.37,1,102.19,3.89,0,normal
2026-01-12 10:00:00,CMP-03,274.69,178.66,18.29,12.47,208.74,4.159,0.493,21.69,0,102.58,3.48,0,normal
2026-01-12 11:00:00,CMP-03,273.63,178.3,18.24,12.91,203.94,4.068,0.443,21.59,0,101.83,4.2,0,normal
2026-01-12 12:00:00,CMP-03,274.0,178.79,19.26,12.61,206.66,4.231,0.406,23.4,0,102.33,3.71,0,normal
2026-01-12 13:00:00,CMP-03,279.14,179.56,19.95,12.73,209.52,4.219,0.567,22.77,0,102.29,3.86,0,normal
2026-01-12 14:00:00,CMP-03,278.47,180.4,19.04,13.11,212.43,4.268,0.556,22.41,0,102.14,4.0,0,normal
2026-01-12 15:00:00,CMP-03,279.86,180.9,19.23,12.3,207.69,4.157,0.526,22.59,0,101.32,4.85,0,normal
2026-01-12 16:00:00,CMP-03,276.86,183.1,19.56,12.71,205.21,4.352,0.455,20.88,0,103.33,2.78,0,normal
2026-01-12 17:00:00,CMP-03,282.67,180.57,18.46,12.59,204.21,4.17,0.474,22.49,0,99.43,6.81,0,normal
2026-01-12 18:00:00,CMP-03,282.82,184.33,19.83,11.83,206.64,4.13,0.559,22.09,0,101.71,4.53,0,normal
2026-01-12 19:00:00,CMP-03,281.0,183.49,19.86,12.2,204.14,4.121,0.467,23.24,0,101.32,4.88,0,normal
2026-01-12 20:00:00,CMP-03,283.15,185.05,21.33,13.72,205.13,4.061,0.459,23.32,1,102.26,3.99,0,normal
2026-01-12 21:00:00,CMP-03,285.47,183.9,19.0,13.05,199.89,4.323,0.59,23.06,1,99.65,6.65,0,normal
2026-01-12 22:00:00,CMP-03,286.09,187.49,18.95,12.03,209.25,4.31,0.496,22.94,0,101.42,4.9,0,normal
2026-01-12 23:00:00,CMP-03,286.47,188.04,19.94,11.91,199.46,4.248,0.588,21.62,0,101.05,5.27,0,normal
2026-01-13 00:00:00,CMP-03,287.81,188.35,20.02,12.78,202.15,4.128,0.433,23.09,0,102.49,3.87,0,normal
2026-01-13 01:00:00,CMP-03,288.55,186.03,18.95,13.8,204.19,4.345,0.531,23.13,0,101.8,4.58,0,normal
2026-01-13 02:00:00,CMP-03,290.27,189.49,19.1,12.77,211.58,4.172,0.613,23.58,1,100.63,5.78,0,normal
2026-01-13 03:00:00,CMP-03,293.65,189.64,19.93,13.72,201.57,4.178,0.52,24.23,0,100.42,6.08,0,normal
2026-01-13 04:00:00,CMP-03,287.38,187.87,18.69,13.05,201.26,4.315,0.489,21.49,0,102.24,4.11,0,normal
2026-01-13 05:00:00,CMP-03,292.57,190.42,19.14,13.2,201.17,4.253,0.457,22.46,0,99.66,6.81,0,normal
2026-01-13 06:00:00,CMP-03,294.32,191.54,19.59,12.14,209.83,4.376,0.574,22.24,0,101.49,5.02,0,normal
2026-01-13 07:00:00,CMP-03,295.53,192.42,20.34,13.53,191.81,4.22,0.485,22.89,0,100.07,6.48,0,normal
2026-01-13 08:00:00,CMP-03,295.33,192.61,19.05,12.76,199.07,4.168,0.518,22.78,0,100.24,6.29,0,normal
2026-01-13 09:00:00,CMP-03,293.84,193.4,18.03,13.46,214.17,4.151,0.457,22.59,0,104.92,1.58,0,normal
2026-01-13 10:00:00,CMP-03,298.59,195.47,18.08,12.52,205.1,4.052,0.609,23.53,0,100.52,6.09,0,normal
2026-01-13 11:00:00,CMP-03,302.11,195.82,18.69,13.17,197.94,4.178,0.599,22.08,0,100.71,5.98,0,normal
2026-01-13 12:00:00,CMP-03,297.24,191.56,18.53,13.2,202.71,4.292,0.526,22.06,0,100.01,6.57,0,normal
2026-01-13 13:00:00,CMP-03,302.55,195.27,19.58,12.97,202.59,4.248,0.484,22.14,0,101.15,5.56,0,normal
2026-01-13 14:00:00,CMP-03,301.41,196.1,18.73,13.29,205.82,4.202,0.616,22.59,2,101.84,4.84,0,normal
2026-01-13 15:00:00,CMP-03,302.89,194.85,19.15,12.91,209.64,4.12,0.525,22.0,0,100.47,6.25,0,normal
2026-01-13 16:00:00,CMP-03,302.1,197.71,19.08,12.67,203.92,4.218,0.486,22.81,1,100.64,6.06,0,normal
2026-01-13 17:00:00,CMP-03,304.4,199.75,19.4,14.06,199.96,4.281,0.459,22.76,0,99.27,7.48,0,normal
2026-01-13 18:00:00,CMP-03,308.34,197.6,20.9,13.78,204.85,4.234,0.525,22.37,0,99.18,7.66,0,normal
2026-01-13 19:00:00,CMP-03,308.05,199.95,20.37,12.69,198.94,4.213,0.484,23.53,0,101.12,5.71,0,normal
2026-01-13 20:00:00,CMP-03,311.12,199.1,19.92,13.53,197.28,4.136,0.534,22.91,3,99.08,7.83,0,normal
2026-01-13 21:00:00,CMP-03,311.12,200.04,19.54,12.75,194.37,4.269,0.602,23.7,0,96.8,10.11,0,normal
2026-01-13 22:00:00,CMP-03,310.79,203.27,19.55,12.48,195.19,3.949,0.545,22.81,1,101.48,5.42,0,normal
2026-01-13 23:00:00,CMP-03,314.14,201.5,20.24,13.86,197.51,4.231,0.591,22.97,0,98.66,8.32,0,normal
2026-01-14 00:00:00,CMP-03,312.79,203.35,20.42,12.2,196.52,4.406,0.533,22.58,0,99.27,7.68,0,normal
2026-01-14 01:00:00,CMP-03,314.49,201.2,19.26,13.8,202.31,4.079,0.577,22.99,0,101.72,5.27,0,normal
2026-01-14 02:00:00,CMP-03,313.47,206.33,19.99,13.08,196.36,4.181,0.667,23.48,0,99.33,7.63,0,normal
2026-01-14 03:00:00,CMP-03,315.12,205.47,18.38,13.12,188.41,4.199,0.558,22.71,0,98.59,8.42,0,normal
2026-01-14 04:00:00,CMP-03,314.74,205.18,20.16,13.49,196.85,4.163,0.594,23.36,0,98.11,8.88,0,normal
2026-01-14 05:00:00,CMP-03,318.78,206.74,20.7,13.65,198.71,4.283,0.507,22.48,0,97.6,9.49,0,normal
2026-01-14 06:00:00,CMP-03,315.88,205.01,19.8,12.77,198.49,4.238,0.653,23.54,0,99.35,7.67,0,normal
2026-01-14 07:00:00,CMP-03,320.41,208.77,21.58,13.76,206.51,4.212,0.565,22.66,0,100.33,6.79,0,normal
2026-01-14 08:00:00,CMP-03,319.66,207.61,19.4,13.39,198.05,4.264,0.64,23.65,0,99.63,7.48,0,normal
2026-01-14 09:00:00,CMP-03,323.11,208.41,20.36,12.62,203.67,4.201,0.59,23.14,0,99.03,8.16,0,normal
2026-01-14 10:00:00,CMP-03,323.35,208.71,20.17,13.27,200.04,4.454,0.628,24.16,1,99.28,7.91,0,normal
2026-01-14 11:00:00,CMP-03,326.28,209.25,20.19,14.24,199.64,4.212,0.638,22.32,0,97.05,10.21,0,normal
2026-01-14 12:00:00,CMP-03,325.32,211.43,20.15,14.41,196.57,4.216,0.58,22.09,0,99.39,7.86,0,normal
2026-01-14 13:00:00,CMP-03,322.17,211.56,20.25,13.79,200.01,4.063,0.649,22.65,1,99.5,7.67,0,normal
2026-01-14 14:00:00,CMP-03,325.88,212.68,20.93,12.7,196.79,4.157,0.566,22.16,0,101.04,6.22,0,normal
2026-01-14 15:00:00,CMP-03,324.89,212.54,21.33,13.69,200.63,4.292,0.64,22.15,0,99.24,8.0,0,normal
2026-01-14 16:00:00,CMP-03,327.07,213.82,20.28,13.94,198.78,4.093,0.587,23.58,2,97.93,9.36,0,normal
2026-01-14 17:00:00,CMP-03,331.72,213.35,21.05,13.93,195.45,4.027,0.637,23.19,0,98.4,9.0,0,normal
2026-01-14 18:00:00,CMP-03,331.15,217.18,19.82,13.96,203.26,4.203,0.595,22.85,0,98.75,8.63,0,normal
2026-01-14 19:00:00,CMP-03,329.74,213.27,20.96,13.68,201.15,4.31,0.617,22.9,0,99.49,7.86,0,normal
2026-01-14 20:00:00,CMP-03,330.18,217.31,19.75,13.43,197.6,4.203,0.561,22.76,3,98.73,8.62,0,normal
2026-01-14 21:00:00,CMP-03,333.06,218.09,21.3,13.15,199.67,4.173,0.635,24.37,0,97.33,10.09,0,normal
2026-01-14 22:00:00,CMP-03,331.81,216.08,22.16,12.36,198.88,4.051,0.622,22.68,1,96.92,10.47,0,warning
2026-01-14 23:00:00,CMP-03,333.79,220.43,20.34,13.73,195.54,4.236,0.598,22.3,0,98.64,8.8,0,normal
2026-01-15 00:00:00,CMP-03,336.56,219.59,18.75,13.68,199.0,4.253,0.629,23.81,1,100.0,7.51,0,normal
2026-01-15 01:00:00,CMP-03,339.08,220.22,20.13,13.94,195.97,4.057,0.645,23.13,2,98.19,9.38,0,normal
2026-01-15 02:00:00,CMP-03,339.1,219.73,21.55,12.8,194.67,4.291,0.608,24.71,1,98.89,8.67,0,normal
2026-01-15 03:00:00,CMP-03,334.88,220.09,20.91,13.93,192.4,4.261,0.621,22.87,0,99.15,8.31,0,normal
2026-01-15 04:00:00,CMP-03,340.55,220.75,20.8,14.86,196.86,4.291,0.592,23.89,1,98.39,9.21,0,normal
2026-01-15 05:00:00,CMP-03,341.13,222.12,21.42,13.68,200.5,4.247,0.761,24.06,1,97.46,10.15,0,warning
2026-01-15 06:00:00,CMP-03,342.75,223.98,21.04,13.62,195.28,4.252,0.701,22.96,0,98.07,9.58,0,normal
2026-01-15 07:00:00,CMP-03,345.91,223.17,21.7,13.89,207.81,4.242,0.67,22.84,0,100.02,7.71,0,normal
2026-01-15 08:00:00,CMP-03,340.29,222.51,21.33,14.84,201.87,4.269,0.701,23.82,1,99.09,8.5,0,warning
2026-01-15 09:00:00,CMP-03,343.94,225.24,21.9,13.06,203.15,4.054,0.553,23.74,1,99.24,8.44,0,normal
2026-01-15 10:00:00,CMP-03,347.06,226.01,21.04,13.84,200.79,4.08,0.532,22.39,0,97.56,10.2,0,normal
2026-01-15 11:00:00,CMP-03,344.15,226.34,21.41,13.2,205.32,4.141,0.632,22.55,0,98.36,9.33,0,normal
2026-01-15 12:00:00,CMP-03,350.66,227.09,20.59,13.45,194.08,4.19,0.6,21.64,0,97.21,10.63,0,normal
2026-01-15 13:00:00,CMP-03,349.66,226.52,20.33,13.73,187.09,4.231,0.655,23.82,0,96.78,11.04,0,warning
2026-01-15 14:00:00,CMP-03,351.52,226.39,22.22,14.6,195.35,4.226,0.682,23.25,0,98.68,9.18,0,warning
2026-01-15 15:00:00,CMP-03,349.97,227.11,21.0,14.84,199.53,4.289,0.714,23.3,0,95.23,12.59,0,maintenance_needed
2026-01-15 16:00:00,CMP-03,353.46,226.84,21.55,14.08,197.53,4.292,0.62,22.27,0,97.5,10.41,0,normal
2026-01-15 17:00:00,CMP-03,354.92,229.73,21.04,13.61,197.87,4.13,0.701,22.7,0,97.33,10.61,0,warning
2026-01-15 18:00:00,CMP-03,354.42,230.0,20.46,15.33,202.11,4.219,0.68,23.13,1,96.27,11.65,0,warning
2026-01-15 19:00:00,CMP-03,355.42,230.22,20.96,13.59,198.25,4.132,0.699,23.0,0,98.16,9.79,0,normal
2026-01-15 20:00:00,CMP-03,356.49,227.85,22.12,13.52,199.8,4.185,0.659,23.57,1,96.69,11.29,0,warning
2026-01-15 21:00:00,CMP-03,355.45,230.55,21.4,12.78,192.96,4.226,0.751,23.88,1,96.6,11.35,0,warning
2026-01-15 22:00:00,CMP-03,357.73,234.05,19.64,14.72,192.09,3.927,0.683,25.09,0,98.84,9.17,0,normal
2026-01-15 23:00:00,CMP-03,358.73,232.55,20.86,14.47,202.83,4.393,0.779,23.5,1,98.72,9.31,0,normal
2026-01-16 00:00:00,CMP-03,360.69,234.43,22.5,15.37,196.57,4.245,0.656,24.32,0,97.64,10.44,0,maintenance_needed
2026-01-16 01:00:00,CMP-03,362.8,232.98,20.95,13.12,193.45,4.152,0.739,22.98,1,97.06,11.06,0,warning
2026-01-16 02:00:00,CMP-03,360.09,237.03,19.62,14.79,193.74,4.354,0.691,22.36,1,96.63,11.43,0,warning
2026-01-16 03:00:00,CMP-03,362.77,235.78,22.64,13.99,193.34,4.172,0.685,23.32,0,98.84,9.29,0,warning
2026-01-16 04:00:00,CMP-03,366.67,236.95,21.76,14.49,192.69,4.211,0.743,22.49,1,97.26,10.95,0,warning
2026-01-16 05:00:00,CMP-03,363.66,240.04,21.09,12.98,190.72,4.161,0.689,23.58,3,95.56,12.59,0,maintenance_needed
2026-01-16 06:00:00,CMP-03,364.52,239.72,20.87,14.86,189.76,4.332,0.573,23.04,2,94.72,13.45,0,maintenance_needed
2026-01-16 07:00:00,CMP-03,367.36,238.18,22.1,14.49,194.68,4.192,0.56,22.25,0,97.13,11.11,0,warning
2026-01-16 08:00:00,CMP-03,369.52,238.49,20.85,14.03,192.86,4.212,0.783,24.86,0,96.18,12.1,0,warning
2026-01-16 09:00:00,CMP-03,369.02,239.46,22.19,14.43,199.71,4.296,0.78,23.26,1,95.24,13.03,0,maintenance_needed
2026-01-16 10:00:00,CMP-03,372.39,241.11,21.78,13.63,196.1,4.247,0.821,22.53,0,96.82,11.53,0,warning
2026-01-16 11:00:00,CMP-03,372.54,241.02,21.55,13.75,195.97,4.196,0.726,24.31,3,96.04,12.32,0,maintenance_needed
2026-01-16 12:00:00,CMP-03,373.52,241.33,21.49,13.83,191.83,4.289,0.665,23.18,0,96.53,11.84,0,warning
2026-01-16 13:00:00,CMP-03,374.0,244.21,21.25,13.01,194.27,4.403,0.71,24.46,0,96.6,11.78,0,warning
2026-01-16 14:00:00,CMP-03,378.19,242.96,22.32,14.7,195.75,4.225,0.743,23.23,0,95.35,13.14,0,maintenance_needed
2026-01-16 15:00:00,CMP-03,374.63,246.51,20.71,14.84,197.55,4.209,0.682,23.32,1,97.04,11.36,0,warning
2026-01-16 16:00:00,CMP-03,372.39,244.51,20.05,13.67,194.55,4.214,0.809,23.92,0,95.68,12.67,0,maintenance_needed
2026-01-16 17:00:00,CMP-03,379.89,247.19,22.02,14.41,198.45,4.305,0.859,24.18,0,95.66,12.86,0,maintenance_needed
2026-01-16 18:00:00,CMP-03,377.18,246.13,21.97,14.01,194.45,4.152,0.763,24.27,0,95.38,13.08,0,maintenance_needed
2026-01-16 19:00:00,CMP-03,379.19,247.51,21.89,14.39,197.37,4.178,0.744,23.69,2,97.34,11.17,0,maintenance_needed
2026-01-16 20:00:00,CMP-03,382.36,246.13,21.91,13.86,191.91,4.077,0.689,24.16,0,95.18,13.41,0,warning
2026-01-16 21:00:00,CMP-03,378.12,246.63,21.23,13.65,187.07,4.105,0.819,24.26,0,96.83,11.65,0,maintenance_needed
2026-01-16 22:00:00,CMP-03,379.75,248.85,22.15,14.83,195.22,4.159,0.75,23.9,0,97.85,10.67,0,maintenance_needed
2026-01-16 23:00:00,CMP-03,380.12,250.14,21.5,14.17,197.01,4.196,0.733,23.67,2,95.2,13.33,0,maintenance_needed
2026-01-17 00:00:00,CMP-03,382.57,249.65,21.2,15.46,196.15,4.342,0.778,22.78,1,92.6,15.99,0,maintenance_needed
2026-01-17 01:00:00,CMP-03,385.79,248.71,21.42,14.32,195.19,4.243,0.733,24.25,0,96.72,11.95,0,warning
2026-01-17 02:00:00,CMP-03,386.94,249.27,23.31,13.75,191.99,4.127,0.773,23.88,0,94.87,13.82,0,maintenance_needed
2026-01-17 03:00:00,CMP-03,387.5,249.84,20.32,15.05,190.1,4.142,0.695,23.56,0,94.12,14.59,0,maintenance_needed
2026-01-17 04:00:00,CMP-03,385.46,250.08,22.06,14.66,195.75,4.31,0.816,24.72,0,94.98,13.68,0,maintenance_needed
2026-01-17 05:00:00,CMP-03,384.84,252.98,20.3,14.71,195.31,4.29,0.755,22.82,2,95.17,13.47,0,maintenance_needed
2026-01-17 06:00:00,CMP-03,390.1,254.85,21.68,15.07,190.8,4.202,0.832,25.03,1,96.42,12.35,0,maintenance_needed
2026-01-17 07:00:00,CMP-03,390.15,254.13,21.42,13.96,197.48,4.165,0.764,23.87,0,95.7,13.07,0,maintenance_needed
2026-01-17 08:00:00,CMP-03,392.83,252.09,20.16,14.32,189.23,4.29,0.774,24.14,0,96.13,12.7,0,maintenance_needed
2026-01-17 09:00:00,CMP-03,394.26,255.22,22.18,14.31,190.27,4.121,0.724,23.66,1,95.27,13.6,0,maintenance_needed
2026-01-17 10:00:00,CMP-03,394.25,255.9,21.56,13.64,199.15,4.231,0.823,22.77,2,95.1,13.77,0,maintenance_needed
2026-01-17 11:00:00,CMP-03,396.37,259.27,20.24,14.29,195.86,4.382,0.747,23.86,1,94.63,14.28,0,maintenance_needed
2026-01-17 12:00:00,CMP-03,396.41,255.65,22.59,15.25,190.95,4.216,0.766,24.19,1,95.28,13.63,0,maintenance_needed
2026-01-17 13:00:00,CMP-03,397.95,257.58,23.1,14.61,193.37,4.138,0.795,24.45,0,95.68,13.27,0,maintenance_needed
2026-01-17 14:00:00,CMP-03,396.73,260.75,23.12,13.64,192.97,4.233,0.797,23.82,1,95.91,13.02,0,maintenance_needed
2026-01-17 15:00:00,CMP-03,398.68,259.89,22.26,13.55,181.16,4.162,0.711,22.45,0,93.47,15.49,0,maintenance_needed
2026-01-17 16:00:00,CMP-03,400.35,260.68,22.05,15.5,188.34,4.088,0.789,22.93,0,94.44,14.57,0,maintenance_needed
2026-01-17 17:00:00,CMP-03,402.48,260.79,23.12,14.48,191.53,4.256,0.846,25.47,0,95.03,14.02,0,maintenance_needed
2026-01-17 18:00:00,CMP-03,401.29,261.7,23.38,14.13,190.44,4.289,0.785,23.25,0,93.94,15.09,0,maintenance_needed
2026-01-17 19:00:00,CMP-03,403.94,262.88,23.0,14.39,192.57,4.175,0.799,25.05,1,93.15,15.94,0,maintenance_needed
2026-01-17 20:00:00,CMP-03,403.52,261.63,21.33,13.67,196.15,4.17,0.817,23.39,0,93.82,15.26,0,maintenance_needed
2026-01-17 21:00:00,CMP-03,404.79,264.3,22.27,15.42,190.21,4.123,0.806,23.93,0,93.9,15.21,0,maintenance_needed
2026-01-17 22:00:00,CMP-03,407.49,262.25,22.53,14.37,186.98,4.188,0.768,24.53,1,94.49,14.69,0,maintenance_needed
2026-01-17 23:00:00,CMP-03,403.41,264.94,20.63,15.37,192.94,4.155,0.807,23.47,1,95.84,13.24,0,maintenance_needed
2026-01-18 00:00:00,CMP-03,405.67,265.41,22.51,14.61,190.09,4.119,0.865,25.18,0,92.62,16.52,0,maintenance_needed
2026-01-18 01:00:00,CMP-03,406.33,265.11,23.97,15.45,190.71,4.351,0.764,24.13,1,93.46,15.68,0,maintenance_needed
2026-01-18 02:00:00,CMP-03,405.8,266.47,22.65,14.74,190.22,4.237,0.797,24.39,0,93.72,15.42,0,maintenance_needed
2026-01-18 03:00:00,CMP-03,409.78,266.4,23.41,15.16,199.93,4.246,0.757,23.93,0,95.55,13.68,0,maintenance_needed
2026-01-18 04:00:00,CMP-03,413.35,266.51,22.46,15.13,181.62,4.271,0.882,24.62,1,92.44,16.87,0,maintenance_needed
2026-01-18 05:00:00,CMP-03,412.49,268.03,22.24,15.06,189.12,4.262,0.828,25.25,1,93.2,16.1,0,maintenance_needed
2026-01-18 06:00:00,CMP-03,414.36,267.78,22.64,14.92,190.47,4.167,0.795,24.08,0,92.12,17.21,0,maintenance_needed
2026-01-18 07:00:00,CMP-03,416.96,270.14,21.75,14.61,187.08,4.222,0.85,25.41,2,93.8,15.6,0,maintenance_needed
2026-01-18 08:00:00,CMP-03,418.39,269.02,21.66,15.92,193.65,4.178,0.788,23.79,1,93.54,15.89,0,maintenance_needed
2026-01-18 09:00:00,CMP-03,416.88,271.9,23.41,14.2,193.47,4.235,0.793,24.73,0,93.06,16.33,0,maintenance_needed
2026-01-18 10:00:00,CMP-03,420.44,270.28,23.58,14.8,189.65,4.227,0.781,24.58,1,93.0,16.48,0,maintenance_needed
2026-01-18 11:00:00,CMP-03,419.17,271.67,21.66,14.79,188.89,4.169,0.797,23.48,0,94.54,14.91,0,maintenance_needed
2026-01-18 12:00:00,CMP-03,-1.51,-0.75,18.77,12.24,209.55,4.094,0.418,22.15,1,103.86,1.14,1,normal
2026-01-18 13:00:00,CMP-03,-0.07,2.24,17.93,11.74,209.58,4.212,0.313,22.01,0,104.04,0.96,0,normal
2026-01-18 14:00:00,CMP-03,-0.66,1.7,18.27,12.19,209.69,4.184,0.373,21.4,0,106.35,1.35,0,normal
2026-01-18 15:00:00,CMP-03,1.4,1.7,18.37,11.9,209.25,4.049,0.308,22.25,0,105.02,0.02,0,normal
2026-01-18 16:00:00,CMP-03,3.36,3.2,18.8,11.05,211.01,4.241,0.388,22.1,0,105.82,0.82,0,normal
2026-01-18 17:00:00,CMP-03,6.45,0.72,18.07,12.01,213.01,4.277,0.299,21.95,0,105.68,0.68,0,normal
2026-01-18 18:00:00,CMP-03,9.1,3.85,19.13,11.34,205.08,4.402,0.352,21.95,0,104.57,0.43,0,normal
2026-01-18 19:00:00,CMP-03,4.51,6.95,18.25,10.96,205.8,4.169,0.353,21.94,0,104.28,0.72,0,normal
2026-01-18 20:00:00,CMP-03,8.71,5.36,18.5,12.08,203.01,4.157,0.466,21.74,0,105.36,0.36,0,normal
2026-01-18 21:00:00,CMP-03,7.13,5.93,17.33,12.29,213.47,4.111,0.382,22.1,0,106.56,1.56,0,normal
2026-01-18 22:00:00,CMP-03,10.85,7.16,19.73,12.32,211.0,4.217,0.32,21.55,0,106.27,1.27,0,normal
2026-01-18 23:00:00,CMP-03,10.76,8.22,18.38,12.34,212.02,4.216,0.384,23.86,0,103.86,1.14,0,normal
2026-01-19 00:00:00,CMP-03,8.7,5.4,18.57,10.84,204.28,4.135,0.457,21.01,0,105.98,0.98,0,normal
2026-01-19 01:00:00,CMP-03,14.67,6.43,16.71,11.18,217.14,4.186,0.269,21.59,0,105.18,0.18,0,normal
2026-01-19 02:00:00,CMP-03,12.91,9.35,17.34,13.18,207.56,4.042,0.308,21.65,0,103.97,1.03,0,normal
2026-01-19 03:00:00,CMP-03,14.04,8.89,18.99,11.37,210.67,4.274,0.338,23.43,0,104.87,0.13,0,normal
2026-01-19 04:00:00,CMP-03,14.07,11.97,18.23,12.37,213.42,4.138,0.329,21.08,1,106.19,1.19,0,normal
2026-01-19 05:00:00,CMP-03,15.82,10.67,16.47,11.59,206.05,4.197,0.333,22.3,0,105.28,0.28,0,normal
2026-01-19 06:00:00,CMP-03,18.77,9.38,18.83,12.05,207.81,4.086,0.285,22.17,1,104.54,0.46,0,normal
2026-01-19 07:00:00,CMP-03,18.66,10.83,17.56,11.62,210.72,4.153,0.42,22.23,0,105.98,0.98,0,normal
2026-01-19 08:00:00,CMP-03,20.59,9.7,19.13,12.34,221.43,4.178,0.279,22.87,0,106.07,1.07,0,normal
2026-01-19 09:00:00,CMP-03,21.65,13.37,17.93,12.08,211.2,4.199,0.34,22.85,0,104.47,0.53,0,normal
2026-01-19 10:00:00,CMP-03,24.38,14.07,18.16,11.73,216.43,4.238,0.402,21.68,0,104.74,0.26,0,normal
2026-01-19 11:00:00,CMP-03,22.38,14.44,18.94,11.37,214.82,4.315,0.348,22.14,0,105.84,0.84,0,normal
2026-01-19 12:00:00,CMP-03,21.34,16.89,17.28,12.16,211.47,4.259,0.301,20.7,1,105.03,0.03,0,normal
2026-01-19 13:00:00,CMP-03,26.92,17.69,17.21,11.27,206.04,4.277,0.283,22.07,0,103.17,1.83,0,normal
2026-01-19 14:00:00,CMP-03,25.4,16.7,17.84,12.26,214.24,4.316,0.339,21.44,0,106.27,1.27,0,normal
2026-01-19 15:00:00,CMP-03,29.01,14.99,18.66,13.58,204.01,4.246,0.312,21.87,0,103.99,1.01,0,normal
2026-01-19 16:00:00,CMP-03,28.69,18.94,16.94,12.81,216.4,4.197,0.36,20.82,0,107.26,2.26,0,normal
2026-01-19 17:00:00,CMP-03,28.76,19.52,16.67,12.43,210.8,4.281,0.28,22.28,0,103.52,1.48,0,normal
2026-01-19 18:00:00,CMP-03,30.63,19.87,18.66,11.95,199.4,4.286,0.391,20.81,0,103.95,1.05,0,normal
2026-01-19 19:00:00,CMP-03,34.51,21.33,17.52,10.84,208.64,4.252,0.356,22.1,0,104.12,0.88,0,normal
2026-01-19 20:00:00,CMP-03,35.74,19.4,17.69,11.21,212.62,4.084,0.359,21.14,0,104.14,0.86,0,normal
2026-01-19 21:00:00,CMP-03,33.12,23.86,16.51,12.77,209.05,4.133,0.422,21.41,0,104.39,0.61,0,normal
2026-01-19 22:00:00,CMP-03,34.29,20.95,17.46,11.53,212.86,4.178,0.328,22.81,0,107.18,2.18,0,normal
2026-01-19 23:00:00,CMP-03,36.94,23.65,17.99,11.58,206.6,4.262,0.314,22.41,0,104.89,0.11,0,normal
2026-01-20 00:00:00,CMP-03,34.48,21.38,18.74,11.9,204.78,4.198,0.323,22.8,0,103.71,1.29,0,normal
2026-01-20 01:00:00,CMP-03,37.6,22.93,17.38,11.36,209.71,4.291,0.34,23.09,0,102.97,2.03,0,normal
2026-01-20 02:00:00,CMP-03,37.95,26.52,19.33,11.26,210.13,4.305,0.345,21.46,0,103.12,1.88,0,normal
2026-01-20 03:00:00,CMP-03,39.57,25.04,17.45,11.97,208.61,4.296,0.308,23.05,0,104.3,0.7,0,normal
2026-01-20 04:00:00,CMP-03,38.5,27.01,17.45,11.47,214.91,4.296,0.249,20.97,0,104.7,0.3,0,normal
2026-01-20 05:00:00,CMP-03,38.14,26.93,19.23,11.56,206.6,4.117,0.322,22.52,0,104.48,0.52,0,normal
2026-01-20 06:00:00,CMP-03,38.27,27.17,18.17,11.53,211.25,4.239,0.368,21.65,0,102.6,2.4,0,normal
2026-01-20 07:00:00,CMP-03,40.99,29.59,17.56,12.31,210.27,4.151,0.357,21.35,0,104.92,0.08,0,normal
2026-01-20 08:00:00,CMP-03,43.17,28.32,17.88,11.86,203.77,4.068,0.41,22.43,0,105.63,0.63,0,normal
2026-01-20 09:00:00,CMP-03,44.47,27.11,19.08,11.89,204.72,4.177,0.448,22.66,0,106.36,1.36,0,normal
2026-01-20 10:00:00,CMP-03,49.49,28.94,19.17,12.36,210.05,4.306,0.388,22.64,0,102.92,2.08,0,normal
2026-01-20 11:00:00,CMP-03,48.99,31.21,17.35,11.91,217.92,4.237,0.419,22.15,0,104.75,0.25,0,normal
2026-01-20 12:00:00,CMP-03,46.27,31.67,17.97,11.83,212.32,4.361,0.388,22.09,0,104.25,0.75,0,normal
2026-01-20 13:00:00,CMP-03,49.63,29.97,18.07,12.28,203.1,4.214,0.435,22.37,0,104.61,0.39,0,normal
2026-01-20 14:00:00,CMP-03,49.27,31.63,17.21,12.4,197.56,4.396,0.443,22.21,0,102.66,2.34,0,normal
2026-01-20 15:00:00,CMP-03,50.49,32.45,17.96,11.91,212.93,4.214,0.398,22.38,0,107.09,2.09,0,normal
2026-01-20 16:00:00,CMP-03,52.33,33.36,18.0,12.05,209.62,4.202,0.385,22.14,0,105.02,0.02,0,normal
2026-01-20 17:00:00,CMP-03,54.11,32.8,18.91,11.53,214.57,4.098,0.34,22.59,1,105.23,0.23,0,normal
2026-01-20 18:00:00,CMP-03,53.39,34.35,18.97,11.48,206.48,4.289,0.348,20.86,0,106.47,1.47,0,normal
2026-01-20 19:00:00,CMP-03,56.91,34.88,17.74,12.46,211.4,4.16,0.333,21.91,0,105.09,0.09,0,normal
2026-01-20 20:00:00,CMP-03,53.94,37.33,17.83,12.27,213.38,4.148,0.381,21.03,0,105.71,0.71,0,normal
2026-01-20 21:00:00,CMP-03,57.01,38.02,18.53,12.27,208.21,4.302,0.314,22.19,0,104.03,0.97,0,normal
2026-01-20 22:00:00,CMP-03,62.68,37.53,17.53,12.17,208.3,4.293,0.34,23.15,1,103.36,1.64,0,normal
2026-01-20 23:00:00,CMP-03,59.4,37.88,18.47,12.03,210.1,4.291,0.232,21.67,0,104.34,0.66,0,normal
2026-01-21 00:00:00,CMP-03,62.58,39.17,17.93,12.42,212.17,4.171,0.436,22.09,0,107.58,2.58,0,normal
2026-01-21 01:00:00,CMP-03,61.16,38.67,17.22,12.56,209.94,4.196,0.339,22.53,0,105.69,0.69,0,normal
2026-01-21 02:00:00,CMP-03,63.05,38.92,17.23,12.55,213.9,4.195,0.373,20.55,0,105.61,0.61,0,normal
2026-01-21 03:00:00,CMP-03,62.9,39.82,19.16,11.94,208.15,4.263,0.423,21.63,0,103.78,1.22,0,normal
2026-01-21 04:00:00,CMP-03,63.69,40.84,17.87,12.83,204.69,4.324,0.365,22.26,0,105.58,0.58,0,normal
2026-01-21 05:00:00,CMP-03,63.6,40.85,19.31,12.14,217.91,4.229,0.422,19.97,0,104.14,0.86,0,normal
2026-01-21 06:00:00,CMP-03,66.77,43.09,17.59,12.38,207.58,4.358,0.288,21.32,0,103.08,1.92,0,normal
2026-01-21 07:00:00,CMP-03,65.47,44.43,18.23,12.17,207.73,4.272,0.47,22.77,0,104.2,0.8,0,normal
2026-01-21 08:00:00,CMP-03,69.2,42.3,19.91,12.15,209.74,4.181,0.404,22.7,0,107.13,2.13,0,normal
2026-01-21 09:00:00,CMP-03,70.95,44.88,17.15,11.56,210.27,4.266,0.36,22.26,0,107.11,2.11,0,normal
2026-01-21 10:00:00,CMP-03,70.66,45.24,16.48,12.42,208.45,4.336,0.421,22.62,0,104.38,0.62,0,normal
2026-01-21 11:00:00,CMP-03,70.48,46.56,19.03,13.71,209.93,4.36,0.292,22.15,0,104.25,0.75,0,normal
2026-01-21 12:00:00,CMP-03,72.82,46.78,17.34,11.78,209.84,4.295,0.336,22.39,0,103.18,1.82,0,normal
2026-01-21 13:00:00,CMP-03,72.44,45.71,17.98,12.04,210.7,4.202,0.422,21.78,0,105.14,0.14,0,normal
2026-01-21 14:00:00,CMP-03,75.68,46.59,17.53,11.73,200.57,4.183,0.257,22.08,0,104.42,0.58,0,normal
2026-01-21 15:00:00,CMP-03,71.7,48.79,18.21,11.71,217.52,4.246,0.378,21.56,0,106.47,1.47,0,normal
2026-01-21 16:00:00,CMP-03,75.4,50.63,17.24,12.93,209.41,4.334,0.377,22.88,0,105.95,0.95,0,normal
2026-01-21 17:00:00,CMP-03,73.42,47.39,17.86,11.6,212.32,4.235,0.448,23.07,0,104.97,0.03,0,normal
2026-01-21 18:00:00,CMP-03,75.31,51.11,18.36,11.72,204.49,4.236,0.271,22.97,0,105.17,0.17,0,normal
2026-01-21 19:00:00,CMP-03,81.45,52.78,17.19,11.05,208.12,4.204,0.43,21.71,1,104.08,0.92,0,normal
2026-01-21 20:00:00,CMP-03,81.61,51.82,17.44,11.55,207.31,4.174,0.322,21.33,0,105.38,0.38,0,normal
2026-01-21 21:00:00,CMP-03,79.7,53.31,17.72,10.97,215.88,4.187,0.328,22.89,0,104.91,0.09,0,normal
2026-01-21 22:00:00,CMP-03,79.3,52.46,16.86,12.38,207.66,4.211,0.289,22.38,0,105.32,0.32,0,normal
2026-01-21 23:00:00,CMP-03,77.66,53.81,17.66,13.68,213.03,4.337,0.296,22.23,0,105.66,0.66,0,normal
2026-01-22 00:00:00,CMP-03,83.02,52.65,18.1,11.78,207.4,4.181,0.37,21.56,0,104.87,0.13,0,normal
2026-01-22 01:00:00,CMP-03,89.36,52.44,17.68,11.0,208.19,4.204,0.294,22.3,0,105.73,0.73,0,normal
2026-01-22 02:00:00,CMP-03,86.78,57.03,17.78,12.54,209.02,4.131,0.387,21.24,0,103.19,1.81,0,normal
2026-01-22 03:00:00,CMP-03,85.99,55.37,17.98,11.56,215.14,4.257,0.317,22.44,1,104.24,0.76,0,normal
2026-01-22 04:00:00,CMP-03,88.84,56.65,17.48,12.78,202.44,4.309,0.289,22.97,0,104.1,0.9,0,normal
2026-01-22 05:00:00,CMP-03,86.19,56.19,18.55,11.83,204.74,4.33,0.324,23.14,0,102.99,2.01,0,normal
2026-01-22 06:00:00,CMP-03,89.46,56.81,19.15,11.62,202.21,4.216,0.367,22.5,0,103.93,1.07,0,normal
2026-01-22 07:00:00,CMP-03,91.18,58.94,17.63,11.89,205.65,4.246,0.336,21.03,0,104.24,0.76,0,normal
2026-01-22 08:00:00,CMP-03,91.85,58.92,18.39,12.45,206.75,4.188,0.352,22.14,0,106.18,1.18,0,normal
2026-01-22 09:00:00,CMP-03,94.42,60.9,17.81,11.86,203.54,4.242,0.385,23.5,0,104.64,0.36,0,normal
2026-01-22 10:00:00,CMP-03,94.62,61.64,18.29,11.7,207.06,4.225,0.404,21.39,0,105.9,0.9,0,normal
2026-01-22 11:00:00,CMP-03,96.2,62.14,19.25,11.88,201.94,4.205,0.334,21.96,1,104.69,0.31,0,normal
2026-01-22 12:00:00,CMP-03,94.76,62.69,18.41,11.24,205.93,4.211,0.298,22.99,0,104.09,0.91,0,normal
2026-01-22 13:00:00,CMP-03,98.62,64.94,16.58,12.24,214.8,4.236,0.354,22.43,0,105.53,0.53,0,normal
2026-01-22 14:00:00,CMP-03,100.93,62.42,18.36,10.93,211.61,4.176,0.374,23.74,0,105.93,0.93,0,normal
2026-01-22 15:00:00,CMP-03,97.25,64.28,18.99,11.73,210.75,4.181,0.277,21.49,1,106.37,1.37,0,normal
2026-01-22 16:00:00,CMP-03,98.4,66.36,17.82,12.46,205.99,4.337,0.305,21.31,0,104.53,0.47,0,normal
2026-01-22 17:00:00,CMP-03,103.4,67.17,18.8,12.18,203.86,4.417,0.314,22.86,0,102.7,2.3,0,normal
2026-01-22 18:00:00,CMP-03,101.66,64.59,17.45,12.35,205.44,4.104,0.34,21.16,0,102.75,2.25,0,normal
2026-01-22 19:00:00,CMP-03,105.53,66.58,16.81,11.96,209.83,4.099,0.312,21.86,0,104.63,0.37,0,normal
2026-01-22 20:00:00,CMP-03,103.2,69.23,18.11,12.7,213.47,4.123,0.385,21.95,0,102.71,2.29,0,normal
2026-01-22 21:00:00,CMP-03,107.62,68.86,16.59,12.55,213.61,4.192,0.27,22.73,0,107.26,2.26,0,normal
2026-01-22 22:00:00,CMP-03,106.24,69.13,17.81,12.27,212.52,4.272,0.271,22.43,0,105.86,0.86,0,normal
2026-01-22 23:00:00,CMP-03,107.46,69.29,19.03,12.56,207.05,4.247,0.333,22.32,0,104.06,0.94,0,normal
2026-01-23 00:00:00,CMP-03,110.82,69.74,16.47,12.45,210.1,4.214,0.341,21.72,0,103.79,1.21,0,normal
2026-01-23 01:00:00,CMP-03,108.35,71.2,16.98,11.74,208.71,4.242,0.277,22.85,1,106.03,1.03,0,normal
2026-01-23 02:00:00,CMP-03,108.31,71.2,17.17,11.19,209.2,4.145,0.32,24.82,0,103.71,1.29,0,normal
2026-01-23 03:00:00,CMP-03,110.19,72.1,17.95,12.25,218.15,4.18,0.33,22.48,0,104.53,0.47,0,normal
2026-01-23 04:00:00,CMP-03,112.81,72.89,17.71,12.33,202.95,4.198,0.33,22.07,0,103.59,1.41,0,normal
2026-01-23 05:00:00,CMP-03,110.18,72.64,19.12,12.65,209.06,4.073,0.358,21.09,1,105.05,0.05,0,normal
2026-01-23 06:00:00,CMP-03,115.15,74.74,18.76,11.44,214.85,4.107,0.317,21.55,1,106.07,1.07,0,normal
2026-01-23 07:00:00,CMP-03,114.03,78.25,18.4,11.46,204.14,4.11,0.424,21.85,0,105.84,0.84,0,normal
2026-01-23 08:00:00,CMP-03,118.07,73.27,18.12,12.28,207.43,4.261,0.374,21.63,0,105.94,0.94,0,normal
2026-01-23 09:00:00,CMP-03,112.69,76.44,18.31,11.96,207.88,4.22,0.31,21.99,0,104.83,0.17,0,normal
2026-01-23 10:00:00,CMP-03,116.58,75.79,17.31,10.87,209.11,4.249,0.355,23.24,0,106.05,1.05,0,normal
2026-01-23 11:00:00,CMP-03,115.96,78.04,18.69,12.23,203.62,4.053,0.356,22.87,1,103.75,1.25,0,normal
2026-01-23 12:00:00,CMP-03,118.51,78.06,17.11,10.89,212.38,4.081,0.411,21.89,0,103.19,1.81,0,normal
2026-01-23 13:00:00,CMP-03,121.45,79.56,18.67,11.43,212.67,4.253,0.32,21.15,1,104.47,0.53,0,normal
2026-01-23 14:00:00,CMP-03,121.68,80.71,18.95,12.81,212.03,3.978,0.388,22.94,0,104.28,0.72,0,normal
2026-01-23 15:00:00,CMP-03,122.54,80.18,18.17,13.09,206.52,4.298,0.352,21.97,0,104.03,0.97,0,normal
2026-01-23 16:00:00,CMP-03,123.71,81.96,17.86,11.27,210.35,4.054,0.425,20.79,0,103.97,1.03,0,normal
2026-01-23 17:00:00,CMP-03,125.37,78.44,18.32,11.8,206.4,4.267,0.415,22.5,0,104.2,0.8,0,normal
2026-01-23 18:00:00,CMP-03,124.18,83.81,15.71,12.03,208.67,4.129,0.36,22.72,0,105.58,0.58,0,normal
2026-01-23 19:00:00,CMP-03,128.27,83.0,18.24,13.07,218.61,4.284,0.337,20.3,1,107.58,2.58,0,normal
2026-01-23 20:00:00,CMP-03,129.19,84.49,17.91,11.7,210.38,4.457,0.375,21.42,0,103.13,1.87,0,normal
2026-01-23 21:00:00,CMP-03,129.69,82.39,17.96,11.71,205.25,4.018,0.341,21.92,0,103.2,1.8,0,normal
2026-01-23 22:00:00,CMP-03,131.0,83.5,18.57,12.93,210.72,4.256,0.434,22.51,0,104.19,0.81,0,normal
2026-01-23 23:00:00,CMP-03,131.53,85.33,17.94,11.78,204.59,4.055,0.354,21.64,0,105.41,0.41,0,normal
2026-01-24 00:00:00,CMP-03,135.66,85.78,17.09,12.43,205.2,4.234,0.33,21.42,0,104.39,0.61,0,normal
2026-01-24 01:00:00,CMP-03,132.84,86.79,17.89,11.11,205.84,4.183,0.327,22.51,0,103.87,1.13,0,normal
2026-01-24 02:00:00,CMP-03,133.45,88.4,18.05,11.9,208.22,4.21,0.289,21.67,0,105.65,0.65,0,normal
2026-01-24 03:00:00,CMP-03,133.64,85.63,18.09,11.0,213.75,4.127,0.378,22.38,0,106.35,1.35,0,normal
2026-01-24 04:00:00,CMP-03,134.14,89.57,18.13,11.37,212.31,4.262,0.309,21.22,0,105.16,0.16,0,normal
2026-01-24 05:00:00,CMP-03,134.76,89.06,18.83,12.5,212.09,4.084,0.405,21.05,0,104.27,0.73,0,normal
2026-01-24 06:00:00,CMP-03,136.4,89.46,17.13,11.97,205.6,4.299,0.285,22.53,0,104.95,0.05,0,normal
2026-01-24 07:00:00,CMP-03,138.87,88.58,18.14,11.81,207.83,4.167,0.356,22.18,0,104.57,0.43,0,normal
2026-01-24 08:00:00,CMP-03,140.6,91.6,19.03,11.55,211.09,4.088,0.408,22.65,0,104.82,0.18,0,normal
2026-01-24 09:00:00,CMP-03,141.09,88.75,16.61,11.87,207.49,4.328,0.242,21.63,0,104.24,0.76,0,normal
2026-01-24 10:00:00,CMP-03,140.62,93.08,18.14,12.18,208.89,4.195,0.451,21.44,0,105.93,0.93,0,normal
2026-01-24 11:00:00,CMP-03,144.62,91.16,17.53,12.59,211.77,4.353,0.329,22.95,1,105.42,0.42,0,normal
2026-01-24 12:00:00,CMP-03,145.33,93.66,17.7,10.42,208.6,4.298,0.357,20.93,0,106.03,1.03,0,normal
2026-01-24 13:00:00,CMP-03,144.71,94.11,17.28,11.5,210.9,4.136,0.379,22.88,0,106.54,1.54,0,normal
2026-01-24 14:00:00,CMP-03,144.82,96.3,17.86,12.1,216.37,4.193,0.386,22.92,0,106.01,1.01,0,normal
2026-01-24 15:00:00,CMP-03,147.99,95.34,19.47,11.94,209.31,4.21,0.364,22.6,0,104.39,0.61,0,normal
2026-01-24 16:00:00,CMP-03,148.34,95.37,16.99,12.24,214.72,4.322,0.4,21.52,0,106.52,1.52,0,normal
2026-01-24 17:00:00,CMP-03,146.39,96.24,17.06,12.16,212.24,4.235,0.376,21.43,0,105.69,0.69,0,normal
2026-01-24 18:00:00,CMP-03,149.88,99.03,16.96,11.82,204.13,4.214,0.438,21.85,0,107.39,2.39,0,normal
2026-01-24 19:00:00,CMP-03,151.47,98.79,19.38,11.68,205.59,4.184,0.376,21.09,0,104.99,0.01,0,normal
2026-01-24 20:00:00,CMP-03,150.38,98.34,17.63,11.85,206.67,4.196,0.448,21.33,0,105.5,0.5,0,normal
2026-01-24 21:00:00,CMP-03,153.34,99.17,17.98,12.69,206.58,4.304,0.395,22.45,0,105.05,0.05,0,normal
2026-01-24 22:00:00,CMP-03,151.38,98.22,17.68,11.56,209.64,4.2,0.26,22.45,0,104.86,0.14,0,normal
2026-01-24 23:00:00,CMP-03,157.41,101.22,17.24,11.96,212.46,4.168,0.481,21.27,0,104.91,0.09,0,normal
2026-01-25 00:00:00,CMP-03,158.25,99.29,17.81,12.11,215.02,4.155,0.321,22.47,0,105.73,0.73,0,normal
2026-01-25 01:00:00,CMP-03,156.55,102.95,19.97,12.94,211.23,4.156,0.425,22.32,0,105.67,0.67,0,normal
2026-01-25 02:00:00,CMP-03,158.65,102.85,19.11,11.82,208.22,4.088,0.351,23.06,0,106.13,1.13,0,normal
2026-01-25 03:00:00,CMP-03,154.66,106.21,17.32,12.58,201.67,4.14,0.403,22.4,1,104.67,0.33,0,normal
2026-01-25 04:00:00,CMP-03,157.92,102.68,18.52,12.74,210.28,4.32,0.316,22.74,0,104.51,0.49,0,normal
2026-01-25 05:00:00,CMP-03,160.47,104.53,17.33,11.96,210.1,4.183,0.381,22.33,0,104.65,0.35,0,normal
2026-01-25 06:00:00,CMP-03,160.07,107.46,16.58,11.87,210.73,4.256,0.337,22.69,0,103.6,1.4,0,normal
2026-01-25 07:00:00,CMP-03,164.29,107.38,18.82,11.8,218.42,4.002,0.429,21.1,0,107.5,2.5,0,normal
2026-01-25 08:00:00,CMP-03,167.6,105.76,18.93,11.85,214.96,4.245,0.372,21.91,0,104.8,0.2,0,normal
2026-01-25 09:00:00,CMP-03,162.88,107.52,18.84,12.51,213.14,4.187,0.397,21.97,0,106.32,1.32,0,normal
2026-01-25 10:00:00,CMP-03,164.49,107.9,17.62,12.14,206.15,4.161,0.242,21.83,2,105.0,0.0,0,normal
2026-01-25 11:00:00,CMP-03,167.42,108.89,17.87,12.14,207.95,4.214,0.346,22.31,0,105.17,0.17,0,normal
2026-01-25 12:00:00,CMP-03,170.9,108.36,18.6,11.32,209.62,4.16,0.371,22.44,0,104.84,0.16,0,normal
2026-01-25 13:00:00,CMP-03,166.8,109.74,18.31,11.42,206.9,4.03,0.361,22.27,0,103.89,1.11,0,normal
2026-01-25 14:00:00,CMP-03,170.45,108.58,17.69,13.29,212.0,4.274,0.398,21.88,0,104.09,0.91,0,normal
2026-01-25 15:00:00,CMP-03,174.28,111.31,16.7,11.89,211.43,4.219,0.332,21.48,0,107.02,2.02,0,normal
2026-01-25 16:00:00,CMP-03,169.03,112.34,18.09,11.54,205.65,4.175,0.352,22.77,0,104.78,0.22,0,normal
2026-01-25 17:00:00,CMP-03,170.69,112.18,18.86,12.86,214.79,4.123,0.409,22.24,0,106.62,1.62,0,normal
2026-01-25 18:00:00,CMP-03,173.24,111.16,17.04,12.17,210.41,4.082,0.236,21.29,0,106.56,1.56,0,normal
2026-01-25 19:00:00,CMP-03,174.06,114.94,18.51,12.35,203.08,4.218,0.379,21.86,0,103.99,1.01,0,normal
2026-01-25 20:00:00,CMP-03,177.46,114.84,18.27,11.92,209.79,4.329,0.333,20.78,0,105.45,0.45,0,normal
2026-01-25 21:00:00,CMP-03,177.43,114.18,18.6,11.81,211.12,4.216,0.304,22.02,0,105.14,0.14,0,normal
2026-01-25 22:00:00,CMP-03,174.81,115.36,18.7,11.9,213.89,4.089,0.367,21.86,0,104.04,0.96,0,normal
2026-01-25 23:00:00,CMP-03,179.93,114.55,17.44,11.17,208.65,4.218,0.411,21.6,0,104.69,0.31,0,normal
2026-01-26 00:00:00,CMP-03,178.96,115.77,16.71,11.95,213.31,4.196,0.402,23.11,0,105.91,0.91,0,normal
2026-01-26 01:00:00,CMP-03,183.29,117.0,17.57,12.18,210.75,4.269,0.343,21.19,0,104.51,0.49,0,normal
2026-01-26 02:00:00,CMP-03,180.87,119.77,18.71,13.11,204.74,4.249,0.394,22.49,0,104.22,0.78,0,normal
2026-01-26 03:00:00,CMP-03,181.85,118.18,17.57,12.05,204.34,3.961,0.393,23.53,0,104.36,0.64,0,normal
2026-01-26 04:00:00,CMP-03,184.97,120.37,17.44,10.6,214.49,4.244,0.346,22.75,0,107.68,2.68,0,normal
2026-01-26 05:00:00,CMP-03,186.37,119.6,16.54,11.94,214.78,4.12,0.315,21.98,0,103.37,1.63,0,normal
2026-01-26 06:00:00,CMP-03,186.81,121.2,19.4,13.64,211.29,4.086,0.318,21.21,0,105.66,0.66,0,normal
2026-01-26 07:00:00,CMP-03,183.97,121.38,18.66,12.52,215.98,4.185,0.392,21.05,0,105.2,0.2,0,normal
2026-01-26 08:00:00,CMP-03,188.97,123.25,18.62,11.51,214.23,4.233,0.348,21.71,0,104.63,0.37,0,normal
2026-01-26 09:00:00,CMP-03,187.14,122.21,18.77,12.35,212.73,4.069,0.298,21.52,0,104.91,0.09,0,normal
2026-01-26 10:00:00,CMP-03,190.42,121.61,18.46,11.55,206.35,4.256,0.266,21.5,0,105.44,0.44,0,normal
2026-01-26 11:00:00,CMP-03,188.44,122.49,17.8,11.19,216.93,4.261,0.392,21.77,0,106.35,1.35,0,normal
2026-01-26 12:00:00,CMP-03,192.8,124.16,17.87,11.79,212.15,4.204,0.323,21.93,0,105.38,0.38,0,normal
2026-01-26 13:00:00,CMP-03,191.55,123.95,17.66,12.05,208.46,4.131,0.367,22.34,0,106.08,1.08,0,normal
2026-01-26 14:00:00,CMP-03,191.69,126.59,20.11,10.88,207.33,4.122,0.412,21.13,0,106.18,1.18,0,normal
2026-01-26 15:00:00,CMP-03,196.28,126.19,18.44,11.31,211.03,4.282,0.285,21.52,0,105.98,0.98,0,normal
2026-01-26 16:00:00,CMP-03,196.43,130.25,17.63,12.01,203.32,4.079,0.348,21.89,0,103.86,1.14,0,normal
2026-01-26 17:00:00,CMP-03,195.89,125.96,18.37,11.76,212.8,4.285,0.341,21.86,0,105.77,0.77,0,normal
2026-01-26 18:00:00,CMP-03,200.61,128.94,17.19,12.24,206.19,4.187,0.369,23.29,0,105.24,0.24,0,normal
2026-01-26 19:00:00,CMP-03,198.21,128.0,19.2,11.27,211.48,4.192,0.412,22.16,0,104.22,0.78,0,normal
2026-01-26 20:00:00,CMP-03,200.06,129.41,17.47,12.43,207.91,4.063,0.284,20.87,0,103.11,1.89,0,normal
2026-01-26 21:00:00,CMP-03,201.48,130.82,18.4,11.29,208.94,4.188,0.378,22.29,0,102.69,2.31,0,normal
2026-01-26 22:00:00,CMP-03,200.88,128.51,18.85,12.99,206.97,4.249,0.402,22.38,0,104.83,0.17,0,normal
2026-01-26 23:00:00,CMP-03,203.85,132.23,18.31,10.97,209.36,4.093,0.341,21.91,0,105.28,0.28,0,normal
2026-01-27 00:00:00,CMP-03,203.04,134.88,18.08,11.34,217.56,4.24,0.343,21.15,0,104.3,0.7,0,normal
2026-01-27 01:00:00,CMP-03,204.26,132.71,18.01,12.25,215.54,4.207,0.371,23.23,0,106.59,1.59,0,normal
2026-01-27 02:00:00,CMP-03,208.45,134.21,17.95,13.0,211.42,4.148,0.367,21.25,0,105.28,0.28,0,normal
2026-01-27 03:00:00,CMP-03,205.13,135.78,17.54,12.19,209.9,4.268,0.379,22.46,0,106.48,1.48,0,normal
2026-01-27 04:00:00,CMP-03,203.66,135.0,17.64,12.34,213.38,4.024,0.378,22.14,0,105.68,0.68,0,normal
2026-01-27 05:00:00,CMP-03,211.9,135.15,19.18,12.01,214.52,4.228,0.301,22.42,0,104.19,0.81,0,normal
2026-01-27 06:00:00,CMP-03,214.59,133.77,17.91,11.38,206.68,4.33,0.4,23.19,0,105.24,0.24,0,normal
2026-01-27 07:00:00,CMP-03,210.27,137.92,17.37,11.71,209.69,4.315,0.408,22.39,0,105.71,0.71,0,normal
2026-01-27 08:00:00,CMP-03,208.51,137.66,17.59,11.27,202.71,4.231,0.359,21.61,0,103.81,1.19,0,normal
2026-01-27 09:00:00,CMP-03,212.44,137.23,18.88,11.23,214.49,4.176,0.275,22.77,0,103.77,1.23,0,normal
2026-01-27 10:00:00,CMP-03,213.48,139.25,18.54,12.24,218.26,4.149,0.344,21.56,0,105.77,0.77,0,normal
2026-01-27 11:00:00,CMP-03,214.66,139.05,18.45,11.33,210.32,4.176,0.36,22.11,0,103.92,1.08,0,normal
2026-01-27 12:00:00,CMP-03,214.0,139.77,17.79,12.19,201.5,4.244,0.293,21.09,0,105.55,0.55,0,normal
2026-01-27 13:00:00,CMP-03,218.04,141.78,18.46,11.22,212.44,4.135,0.332,21.28,0,104.75,0.25,0,normal
2026-01-27 14:00:00,CMP-03,218.94,140.09,17.49,12.18,206.38,4.261,0.28,22.04,0,106.61,1.61,0,normal
2026-01-27 15:00:00,CMP-03,216.31,143.61,17.79,11.71,207.35,4.371,0.38,22.26,0,102.45,2.55,0,normal
2026-01-27 16:00:00,CMP-03,221.26,141.32,18.78,12.84,212.51,4.195,0.358,20.81,0,105.35,0.35,0,normal
2026-01-27 17:00:00,CMP-03,224.69,142.85,18.7,12.19,211.02,4.092,0.268,22.35,0,106.65,1.65,0,normal
2026-01-27 18:00:00,CMP-03,222.31,146.61,17.21,12.74,208.05,4.092,0.368,21.43,0,103.86,1.14,0,normal
2026-01-27 19:00:00,CMP-03,222.39,146.3,17.32,11.55,207.4,4.262,0.347,22.9,0,104.62,0.38,0,normal
2026-01-27 20:00:00,CMP-03,223.74,145.72,18.09,12.03,210.5,4.195,0.376,21.75,0,104.6,0.4,0,normal
2026-01-27 21:00:00,CMP-03,226.11,145.12,19.38,11.41,208.36,4.27,0.33,21.21,0,104.12,0.88,0,normal
2026-01-27 22:00:00,CMP-03,222.88,146.26,16.47,11.75,205.56,4.157,0.31,22.05,0,104.91,0.09,0,normal
2026-01-27 23:00:00,CMP-03,227.3,147.64,18.22,11.84,208.67,4.266,0.311,21.36,0,103.47,1.53,0,normal
2026-01-28 00:00:00,CMP-03,227.3,148.25,16.9,11.56,211.36,4.187,0.323,22.89,0,104.99,0.01,0,normal
2026-01-28 01:00:00,CMP-03,232.33,148.74,17.55,11.3,209.04,4.141,0.357,22.03,1,105.37,0.42,0,normal
2026-01-28 02:00:00,CMP-03,229.69,149.46,17.71,11.15,204.35,4.168,0.357,21.89,0,104.31,0.69,0,normal
2026-01-28 03:00:00,CMP-03,234.0,149.89,17.76,10.66,213.53,4.104,0.351,22.46,1,103.97,1.12,0,normal
2026-01-28 04:00:00,CMP-03,230.01,149.07,17.57,11.37,199.04,4.359,0.329,21.3,1,105.26,0.26,0,normal
2026-01-28 05:00:00,CMP-03,234.06,150.83,18.1,12.44,207.78,4.192,0.343,21.15,0,105.41,0.51,0,normal
2026-01-28 06:00:00,CMP-03,234.57,153.2,17.68,11.11,207.03,4.252,0.487,22.34,0,103.38,1.73,0,normal
2026-01-28 07:00:00,CMP-03,233.44,151.11,16.91,11.23,210.23,4.157,0.321,21.27,0,103.41,1.67,0,normal
2026-01-28 08:00:00,CMP-03,236.32,153.17,18.77,13.17,211.58,4.116,0.339,21.3,0,103.74,1.4,0,normal
2026-01-28 09:00:00,CMP-03,239.18,153.07,18.82,11.75,213.53,4.181,0.539,22.69,0,105.4,0.61,0,normal
2026-01-28 10:00:00,CMP-03,237.42,154.83,18.85,12.3,206.37,4.288,0.391,22.45,0,104.62,0.55,0,normal
2026-01-28 11:00:00,CMP-03,235.95,154.88,16.91,12.47,211.72,4.158,0.297,21.19,0,105.69,0.83,0,normal
2026-01-28 12:00:00,CMP-03,239.97,157.77,18.47,12.54,209.73,4.13,0.419,21.68,0,104.09,1.14,0,normal
2026-01-28 13:00:00,CMP-03,239.38,157.26,18.76,11.22,202.16,4.212,0.329,21.48,0,102.86,2.36,0,normal
2026-01-28 14:00:00,CMP-03,241.38,155.73,17.44,12.03,216.4,4.24,0.426,23.38,0,105.92,1.19,0,normal
2026-01-28 15:00:00,CMP-03,242.85,158.76,18.31,11.22,202.88,4.331,0.373,22.79,1,103.14,2.16,0,normal
2026-01-28 16:00:00,CMP-03,240.93,157.67,18.16,13.63,210.52,4.228,0.357,21.83,0,104.67,0.59,0,normal
2026-01-28 17:00:00,CMP-03,242.09,158.56,19.76,11.22,210.28,4.252,0.462,22.55,0,102.68,2.61,0,normal
2026-01-28 18:00:00,CMP-03,246.87,160.28,19.94,11.62,209.32,4.258,0.423,21.25,0,103.43,1.97,0,normal
2026-01-28 19:00:00,CMP-03,246.06,159.96,17.05,11.61,206.32,4.108,0.441,21.72,0,104.97,0.41,0,normal
2026-01-28 20:00:00,CMP-03,243.38,162.27,20.31,11.3,211.89,4.123,0.407,22.23,1,103.65,1.66,0,normal
2026-01-28 21:00:00,CMP-03,250.41,160.92,17.75,13.11,201.6,4.113,0.382,22.56,0,104.14,1.34,0,normal
2026-01-28 22:00:00,CMP-03,250.49,161.76,19.27,13.75,207.57,4.093,0.435,22.17,1,101.16,4.33,0,normal
2026-01-28 23:00:00,CMP-03,249.72,162.36,19.24,12.0,205.66,4.264,0.463,22.41,0,102.99,2.47,0,normal
2026-01-29 00:00:00,CMP-03,249.63,163.12,17.67,11.5,205.21,4.223,0.409,22.29,0,103.39,2.07,0,normal
2026-01-29 01:00:00,CMP-03,254.5,165.77,18.97,11.02,209.12,4.206,0.505,22.17,0,105.55,1.13,0,normal
2026-01-29 02:00:00,CMP-03,254.63,165.85,18.49,12.22,211.7,3.993,0.458,22.08,0,102.55,3.03,0,normal
2026-01-29 03:00:00,CMP-03,259.29,167.8,19.13,12.24,205.53,4.364,0.438,22.05,0,103.83,1.86,0,normal
2026-01-29 04:00:00,CMP-03,256.76,169.12,18.81,12.0,210.29,4.128,0.433,22.48,0,104.77,0.86,0,normal
2026-01-29 05:00:00,CMP-03,257.7,165.81,19.61,12.54,207.27,4.364,0.43,22.61,0,102.52,3.13,0,normal
2026-01-29 06:00:00,CMP-03,257.7,167.78,18.71,12.64,203.5,4.084,0.361,22.46,0,102.6,3.05,0,normal
2026-01-29 07:00:00,CMP-03,260.47,166.94,18.58,12.64,205.74,4.135,0.426,21.53,0,103.2,2.51,0,normal
2026-01-29 08:00:00,CMP-03,261.13,168.07,19.61,12.27,205.51,4.024,0.443,21.67,1,101.36,4.37,0,normal
2026-01-29 09:00:00,CMP-03,263.25,168.89,19.25,11.83,203.69,4.229,0.417,22.67,1,102.23,3.55,0,normal
2026-01-29 10:00:00,CMP-03,261.06,169.03,19.32,12.86,208.43,4.112,0.449,23.4,0,104.63,1.1,0,normal
2026-01-29 11:00:00,CMP-03,262.22,169.69,18.23,12.48,207.53,4.114,0.436,22.49,0,103.67,2.09,0,normal
2026-01-29 12:00:00,CMP-03,263.14,171.43,17.94,13.02,200.13,4.09,0.476,22.1,0,102.28,3.5,0,normal
2026-01-29 13:00:00,CMP-03,266.42,170.79,18.4,13.01,199.54,4.262,0.48,22.59,0,102.36,3.5,0,normal
2026-01-29 14:00:00,CMP-03,268.7,173.91,18.41,11.72,207.6,4.257,0.461,21.66,1,103.4,2.51,0,normal
2026-01-29 15:00:00,CMP-03,266.17,172.45,19.48,11.67,202.91,4.345,0.377,23.34,0,103.37,2.48,0,normal
2026-01-29 16:00:00,CMP-03,267.24,177.57,19.66,12.09,207.27,4.145,0.538,22.57,0,102.2,3.68,0,normal
2026-01-29 17:00:00,CMP-03,269.57,174.31,18.81,11.95,208.93,4.218,0.448,22.0,1,104.51,1.42,0,normal
2026-01-29 18:00:00,CMP-03,269.56,175.59,20.08,13.03,200.73,4.097,0.451,22.35,0,103.61,2.32,0,normal
2026-01-29 19:00:00,CMP-03,272.71,174.6,20.1,12.84,199.83,4.173,0.446,22.13,0,102.67,3.33,0,normal
2026-01-29 20:00:00,CMP-03,267.95,178.85,19.09,13.22,212.68,4.158,0.426,23.36,1,102.28,3.61,0,normal
2026-01-29 21:00:00,CMP-03,271.51,178.79,18.32,12.85,207.01,4.237,0.537,22.35,0,101.44,4.54,0,normal
2026-01-29 22:00:00,CMP-03,272.59,178.46,20.26,12.75,203.81,4.281,0.532,22.61,0,101.89,4.11,0,normal
2026-01-29 23:00:00,CMP-03,270.82,177.13,18.91,13.32,201.94,4.279,0.48,22.88,0,102.26,3.7,0,normal
2026-01-30 00:00:00,CMP-03,274.27,179.65,19.14,12.93,203.27,4.133,0.462,22.0,1,100.17,5.87,0,normal
2026-01-30 01:00:00,CMP-03,275.35,178.7,18.8,12.71,200.44,4.28,0.501,22.67,0,102.38,3.69,0,normal
2026-01-30 02:00:00,CMP-03,277.64,182.45,18.41,13.59,208.49,4.196,0.48,22.75,3,103.77,2.35,0,normal
2026-01-30 03:00:00,CMP-03,281.0,182.32,18.03,12.82,201.49,4.174,0.475,21.51,0,102.25,3.95,0,normal
2026-01-30 04:00:00,CMP-03,279.56,182.11,19.67,12.55,209.13,4.143,0.498,22.76,2,101.56,4.6,0,normal
2026-01-30 05:00:00,CMP-03,279.14,179.73,18.53,12.22,203.19,4.155,0.458,22.55,0,100.98,5.18,0,normal
2026-01-30 06:00:00,CMP-03,281.9,182.12,21.67,13.19,200.33,4.339,0.5,22.7,0,101.81,4.41,0,normal
2026-01-30 07:00:00,CMP-03,284.89,184.78,18.42,13.55,202.48,4.225,0.506,22.67,0,101.32,4.97,0,normal
2026-01-30 08:00:00,CMP-03,282.24,186.06,18.22,12.74,193.97,4.214,0.518,22.8,0,101.44,4.79,0,normal
2026-01-30 09:00:00,CMP-03,283.36,186.58,19.66,13.57,203.87,4.179,0.46,23.56,0,102.35,3.91,0,normal
2026-01-30 10:00:00,CMP-03,287.01,183.99,20.56,11.66,203.28,4.396,0.536,21.84,0,102.65,3.7,0,normal
2026-01-30 11:00:00,CMP-03,286.6,186.91,19.38,12.8,207.31,4.304,0.455,22.43,0,100.54,5.79,0,normal
2026-01-30 12:00:00,CMP-03,289.17,188.42,19.85,12.85,196.19,4.142,0.478,23.16,0,101.01,5.39,0,normal
2026-01-30 13:00:00,CMP-03,288.98,185.86,17.91,12.43,208.4,4.178,0.48,23.03,1,101.35,5.04,0,normal
2026-01-30 14:00:00,CMP-03,291.26,188.49,18.9,14.33,206.8,4.183,0.459,23.04,0,101.39,5.05,0,normal
2026-01-30 15:00:00,CMP-03,289.14,189.48,18.53,12.83,208.75,4.212,0.557,24.62,0,102.72,3.67,0,normal
2026-01-30 16:00:00,CMP-03,291.98,189.44,17.94,12.67,203.23,4.144,0.466,23.16,1,102.25,4.21,0,normal
2026-01-30 17:00:00,CMP-03,292.62,188.23,19.57,12.94,207.43,4.235,0.481,23.53,0,103.02,3.46,0,normal
2026-01-30 18:00:00,CMP-03,291.81,190.71,17.66,11.71,197.57,4.316,0.576,22.51,0,101.2,5.25,0,normal
2026-01-30 19:00:00,CMP-03,292.19,191.36,18.41,12.46,206.27,4.095,0.486,22.04,0,101.29,5.17,0,normal
2026-01-30 20:00:00,CMP-03,297.23,192.22,19.15,13.58,199.8,4.11,0.519,22.57,0,100.35,6.24,0,normal
2026-01-30 21:00:00,CMP-03,296.37,192.37,18.9,12.6,196.37,4.161,0.475,23.28,0,98.49,8.07,0,normal
2026-01-30 22:00:00,CMP-03,296.16,193.17,19.87,12.48,198.5,4.165,0.567,23.06,0,102.05,4.51,0,normal
2026-01-30 23:00:00,CMP-03,298.83,194.3,19.86,13.8,202.73,4.36,0.575,23.09,0,100.42,6.2,0,normal
2026-01-31 00:00:00,CMP-03,302.03,195.53,20.41,13.86,199.08,4.28,0.578,22.7,0,100.87,5.83,0,normal
2026-01-31 01:00:00,CMP-03,296.89,195.28,20.18,13.29,204.42,4.276,0.554,22.53,0,101.76,4.81,0,normal
2026-01-31 02:00:00,CMP-03,299.31,195.81,20.54,12.75,195.43,4.179,0.537,22.69,0,98.8,7.84,0,normal
2026-01-31 03:00:00,CMP-03,301.34,197.06,19.68,12.91,193.94,4.177,0.513,23.35,0,98.92,7.76,0,normal
2026-01-31 04:00:00,CMP-03,306.63,195.29,20.05,12.64,207.38,4.084,0.512,23.49,0,102.43,4.37,0,normal
2026-01-31 05:00:00,CMP-03,305.51,198.82,20.19,12.51,205.62,4.263,0.614,22.18,0,100.97,5.81,0,normal
2026-01-31 06:00:00,CMP-03,307.38,198.9,19.93,12.51,197.61,4.239,0.593,23.44,0,99.27,7.55,0,normal
2026-01-31 07:00:00,CMP-03,304.95,199.6,19.45,12.73,202.05,4.303,0.514,22.43,1,100.26,6.51,0,normal
2026-01-31 08:00:00,CMP-03,305.98,201.35,19.52,12.5,206.03,4.183,0.553,23.22,0,101.85,4.93,0,normal
2026-01-31 09:00:00,CMP-03,309.81,198.51,19.22,12.24,203.23,4.189,0.546,22.8,0,101.26,5.62,0,normal
2026-01-31 10:00:00,CMP-03,310.1,199.13,20.22,13.31,202.11,4.214,0.506,24.04,1,98.52,8.37,0,normal
2026-01-31 11:00:00,CMP-03,311.99,202.48,19.85,13.35,205.7,4.271,0.576,22.67,1,102.11,4.82,0,normal
2026-01-31 12:00:00,CMP-03,311.66,202.79,19.39,14.22,198.43,4.082,0.545,23.09,1,100.81,6.11,0,normal
2026-01-31 13:00:00,CMP-03,313.5,203.65,19.43,12.83,201.28,4.259,0.523,23.41,1,99.71,7.25,0,normal
2026-01-31 14:00:00,CMP-03,314.28,203.55,19.01,13.42,201.0,4.198,0.499,22.38,0,98.51,8.48,0,normal
2026-01-31 15:00:00,CMP-03,316.4,205.55,20.82,13.46,199.76,4.115,0.501,22.97,0,100.77,6.27,0,normal
2026-01-31 16:00:00,CMP-03,317.45,206.52,20.12,13.13,199.18,4.033,0.563,22.84,0,100.03,7.03,0,normal
2026-01-31 17:00:00,CMP-03,314.08,206.63,19.29,13.68,201.39,4.189,0.568,22.63,0,98.26,8.72,0,normal
2026-01-31 18:00:00,CMP-03,313.95,206.39,20.62,13.7,201.25,4.316,0.528,22.68,1,99.6,7.38,0,normal
2026-01-31 19:00:00,CMP-03,320.8,204.82,19.69,13.53,196.19,4.334,0.623,23.85,2,102.53,4.61,0,normal
2026-01-31 20:00:00,CMP-03,322.14,208.92,19.04,13.2,203.45,4.228,0.591,22.66,0,99.62,7.55,0,normal
2026-01-31 21:00:00,CMP-03,319.16,210.12,20.91,13.1,196.65,4.357,0.615,23.45,0,98.4,8.7,0,normal
2026-01-31 22:00:00,CMP-03,318.65,210.07,19.66,12.48,199.74,4.197,0.576,23.26,1,98.38,8.71,0,normal
2026-01-31 23:00:00,CMP-03,323.18,208.89,19.87,12.89,198.95,4.276,0.557,22.12,0,101.13,6.06,0,normal
2026-02-01 00:00:00,CMP-03,325.68,211.41,20.28,13.03,201.3,4.164,0.609,23.49,0,100.17,7.08,0,normal
2026-02-01 01:00:00,CMP-03,328.24,212.28,21.23,12.77,191.12,4.159,0.547,22.17,1,99.84,7.47,0,normal
2026-02-01 02:00:00,CMP-03,326.93,213.77,20.3,13.69,203.3,4.146,0.634,23.58,0,99.61,7.68,0,normal
2026-02-01 03:00:00,CMP-03,326.33,211.5,19.31,14.13,197.09,4.035,0.558,22.78,1,100.25,7.02,0,normal
2026-02-01 04:00:00,CMP-03,326.39,212.93,20.7,12.87,204.67,4.303,0.651,23.14,0,98.54,8.73,0,normal
2026-02-01 05:00:00,CMP-03,329.02,214.75,19.94,13.63,197.6,4.149,0.595,22.26,0,98.94,8.39,0,normal
2026-02-01 06:00:00,CMP-03,329.46,214.57,21.85,12.84,199.27,4.136,0.666,23.26,0,99.19,8.15,0,normal
2026-02-01 07:00:00,CMP-03,329.17,213.81,20.33,13.28,207.15,4.106,0.556,23.82,0,101.04,6.29,0,normal
2026-02-01 08:00:00,CMP-03,335.69,216.3,18.7,13.14,197.7,4.184,0.596,22.68,0,98.77,8.72,0,normal
2026-02-01 09:00:00,CMP-03,336.21,217.14,20.79,13.92,203.71,4.341,0.65,22.82,0,98.19,9.31,0,normal
2026-02-01 10:00:00,CMP-03,336.04,217.21,22.05,13.15,198.93,4.368,0.689,23.57,0,98.57,8.92,0,normal
2026-02-01 11:00:00,CMP-03,333.34,218.01,21.69,14.13,200.72,4.067,0.707,23.55,0,96.94,10.49,0,warning
2026-02-01 12:00:00,CMP-03,337.54,218.09,22.0,13.43,198.89,4.172,0.637,21.56,0,95.87,11.67,0,warning
2026-02-01 13:00:00,CMP-03,338.15,220.82,19.73,13.2,201.94,4.117,0.728,24.68,0,99.54,8.0,0,normal
2026-02-01 14:00:00,CMP-03,338.8,218.62,21.29,12.85,195.74,4.279,0.624,23.65,1,97.69,9.87,0,normal
2026-02-01 15:00:00,CMP-03,341.25,219.65,20.04,13.79,194.28,4.223,0.699,23.8,0,97.57,10.05,0,normal
2026-02-01 16:00:00,CMP-03,341.14,221.01,20.79,14.17,195.68,4.149,0.597,23.21,2,98.88,8.73,0,normal
2026-02-01 17:00:00,CMP-03,342.33,222.7,19.62,13.82,198.5,4.206,0.668,22.02,2,99.67,7.97,0,normal
2026-02-01 18:00:00,CMP-03,343.15,220.5,20.15,15.01,197.14,4.162,0.532,23.8,0,98.57,9.09,0,normal
2026-02-01 19:00:00,CMP-03,343.61,221.38,20.13,14.53,200.81,4.329,0.595,22.94,0,100.37,7.3,0,normal
2026-02-01 20:00:00,CMP-03,340.79,221.15,21.33,13.44,203.49,4.244,0.667,23.68,0,99.17,8.44,0,normal
2026-02-01 21:00:00,CMP-03,345.15,224.29,21.35,13.5,193.9,4.254,0.589,23.2,1,97.95,9.76,0,normal
2026-02-01 22:00:00,CMP-03,345.0,223.56,20.93,13.97,194.89,3.987,0.676,23.52,0,97.97,9.74,0,normal
2026-02-01 23:00:00,CMP-03,344.7,225.09,19.62,13.18,192.11,4.195,0.699,22.81,0,96.08,11.62,0,normal
2026-02-02 00:00:00,CMP-03,351.03,226.99,20.6,14.48,205.31,4.367,0.645,24.03,1,99.27,8.58,0,normal
2026-02-02 01:00:00,CMP-03,352.11,226.08,20.28,14.01,198.29,4.306,0.625,22.6,1,94.91,12.96,0,warning
2026-02-02 02:00:00,CMP-03,352.45,227.78,21.58,13.95,198.95,4.052,0.65,25.01,0,96.99,10.89,0,normal
2026-02-02 03:00:00,CMP-03,351.46,227.79,21.8,14.2,191.78,4.175,0.623,25.0,0,97.14,10.72,0,normal
2026-02-02 04:00:00,CMP-03,354.43,229.61,21.77,14.86,196.82,4.104,0.674,24.61,0,96.49,11.44,0,warning
2026-02-02 05:00:00,CMP-03,353.02,230.02,20.29,13.91,199.01,4.337,0.681,24.34,1,97.11,10.78,0,normal
2026-02-02 06:00:00,CMP-03,354.37,229.27,18.73,13.76,195.82,4.22,0.664,23.4,0,99.3,8.62,0,normal
2026-02-02 07:00:00,CMP-03,353.03,230.55,19.48,14.71,201.28,4.139,0.759,24.26,0,99.0,8.89,0,warning
2026-02-02 08:00:00,CMP-03,356.71,232.65,22.12,14.44,205.83,4.203,0.649,23.42,1,97.2,10.78,0,warning
2026-02-02 09:00:00,CMP-03,357.11,232.52,20.67,13.68,192.75,3.991,0.756,22.41,0,96.37,11.62,0,warning
2026-02-02 10:00:00,CMP-03,355.66,231.02,20.36,13.85,192.61,4.113,0.631,24.53,1,95.55,12.41,0,warning
2026-02-02 11:00:00,CMP-03,358.91,234.14,22.35,14.01,192.84,4.203,0.695,24.31,0,97.58,10.45,0,warning
2026-02-02 12:00:00,CMP-03,359.86,232.7,22.07,14.13,202.68,4.268,0.753,23.51,1,97.26,10.79,0,warning
2026-02-02 13:00:00,CMP-03,364.24,236.35,21.18,13.16,199.96,4.045,0.762,22.72,1,94.93,13.23,0,maintenance_needed
2026-02-02 14:00:00,CMP-03,363.61,236.53,20.91,13.04,195.31,4.17,0.683,23.16,0,96.86,11.28,0,warning
2026-02-02 15:00:00,CMP-03,363.02,236.3,21.02,13.42,196.06,4.281,0.73,22.29,1,97.33,10.8,0,warning
2026-02-02 16:00:00,CMP-03,364.45,236.79,21.35,13.4,192.5,4.084,0.727,24.24,0,97.54,10.62,0,warning
2026-02-02 17:00:00,CMP-03,365.08,237.0,22.46,13.6,199.26,4.218,0.681,22.47,1,96.91,11.27,0,warning
2026-02-02 18:00:00,CMP-03,365.63,238.71,21.53,14.38,194.12,4.205,0.74,23.8,0,96.14,12.05,0,warning
2026-02-02 19:00:00,CMP-03,365.05,238.11,21.76,13.88,194.66,4.337,0.801,23.0,0,98.81,9.37,0,warning
2026-02-02 20:00:00,CMP-03,367.73,239.48,22.18,14.14,197.85,4.182,0.738,22.62,1,96.74,11.5,0,maintenance_needed
2026-02-02 21:00:00,CMP-03,367.66,240.9,20.3,13.29,194.67,4.186,0.743,23.79,0,97.28,10.96,0,warning
2026-02-02 22:00:00,CMP-03,367.75,239.83,21.85,13.75,194.47,4.268,0.748,23.39,0,95.87,12.37,0,maintenance_needed
2026-02-02 23:00:00,CMP-03,371.92,240.41,21.1,14.44,195.02,4.094,0.653,24.26,0,97.05,11.29,0,warning
2026-02-03 00:00:00,CMP-03,372.7,240.37,19.34,14.46,198.07,4.182,0.751,22.79,0,94.89,13.47,0,maintenance_needed
2026-02-03 01:00:00,CMP-03,369.78,241.17,19.59,13.62,201.79,4.164,0.669,23.11,0,96.43,11.85,0,warning
2026-02-03 02:00:00,CMP-03,373.78,240.91,20.57,14.21,197.12,4.189,0.701,22.02,0,95.03,13.35,0,maintenance_needed
2026-02-03 03:00:00,CMP-03,376.79,244.63,21.88,15.48,197.67,4.268,0.847,22.2,0,95.58,12.88,0,maintenance_needed
2026-02-03 04:00:00,CMP-03,377.91,246.57,21.57,14.16,193.54,4.244,0.729,25.0,0,97.23,11.25,0,warning
2026-02-03 05:00:00,CMP-03,378.85,246.76,21.65,13.77,191.41,4.14,0.707,25.21,0,94.96,13.54,0,maintenance_needed
2026-02-03 06:00:00,CMP-03,378.07,243.75,23.04,14.07,196.94,4.211,0.8,23.81,0,96.91,11.58,0,maintenance_needed
2026-02-03 07:00:00,CMP-03,377.48,247.22,20.45,14.22,195.07,4.319,0.693,23.16,1,97.67,10.8,0,warning
2026-02-03 08:00:00,CMP-03,378.05,248.71,21.46,14.09,188.63,4.133,0.72,23.53,1,95.42,13.06,0,maintenance_needed
2026-02-03 09:00:00,CMP-03,381.62,247.1,21.81,14.21,192.63,4.212,0.814,24.4,2,96.68,11.89,0,maintenance_needed
2026-02-03 10:00:00,CMP-03,382.68,248.42,21.0,13.38,193.5,4.185,0.756,23.44,0,96.18,12.41,0,warning
2026-02-03 11:00:00,CMP-03,385.32,246.54,21.68,13.71,191.51,4.195,0.683,23.99,1,95.43,13.23,0,warning
2026-02-03 12:00:00,CMP-03,385.98,249.92,20.39,14.2,199.41,4.07,0.79,23.83,0,96.72,11.95,0,warning
2026-02-03 13:00:00,CMP-03,384.76,248.97,22.77,14.18,195.53,4.313,0.74,23.42,1,97.67,10.97,0,maintenance_needed
2026-02-03 14:00:00,CMP-03,383.76,251.14,21.07,13.92,199.21,4.138,0.834,23.44,1,95.3,13.32,0,maintenance_needed
2026-02-03 15:00:00,CMP-03,386.43,249.68,23.31,14.19,194.49,4.282,0.734,24.05,0,94.42,14.26,0,maintenance_needed
2026-02-03 16:00:00,CMP-03,388.39,252.85,21.7,14.37,193.55,4.15,0.822,23.18,0,94.18,14.55,0,maintenance_needed
2026-02-03 17:00:00,CMP-03,388.64,254.08,22.56,14.87,189.46,4.15,0.859,24.18,0,96.05,12.68,0,maintenance_needed
2026-02-03 18:00:00,CMP-03,388.96,252.56,21.7,14.28,193.22,4.297,0.728,23.54,3,96.48,12.26,0,maintenance_needed
2026-02-03 19:00:00,CMP-03,391.46,252.79,21.77,14.61,192.96,4.28,0.768,23.99,0,94.5,14.3,0,maintenance_needed
2026-02-03 20:00:00,CMP-03,391.09,252.21,21.32,14.04,187.47,4.217,0.796,24.86,0,92.32,16.47,0,maintenance_needed
2026-02-03 21:00:00,CMP-03,391.87,255.13,21.9,14.72,190.7,4.261,0.736,23.79,0,94.14,14.66,0,maintenance_needed
2026-02-03 22:00:00,CMP-03,394.56,255.4,22.13,14.65,191.28,4.177,0.799,24.58,1,95.39,13.48,0,maintenance_needed
2026-02-03 23:00:00,CMP-03,394.28,254.89,21.24,14.94,194.26,4.199,0.774,22.68,0,94.97,13.89,0,maintenance_needed
2026-02-04 00:00:00,CMP-03,396.44,257.94,21.82,14.88,194.22,4.147,0.778,23.63,0,95.12,13.79,0,maintenance_needed
2026-02-04 01:00:00,CMP-03,397.49,257.51,21.45,14.82,189.94,4.272,0.796,23.99,1,93.95,14.99,0,maintenance_needed
2026-02-04 02:00:00,CMP-03,395.95,257.41,23.74,14.38,194.3,4.145,0.793,25.3,1,96.07,12.83,0,maintenance_needed
2026-02-04 03:00:00,CMP-03,398.13,258.68,21.88,14.62,191.47,4.319,0.803,22.61,1,94.99,13.96,0,maintenance_needed
2026-02-04 04:00:00,CMP-03,402.59,261.29,23.3,15.18,180.25,4.175,0.777,23.96,0,94.13,14.93,0,maintenance_needed
2026-02-04 05:00:00,CMP-03,398.91,261.37,21.82,14.09,190.18,4.202,0.769,25.01,0,94.65,14.33,0,maintenance_needed
2026-02-04 06:00:00,CMP-03,398.19,261.14,22.16,14.1,196.51,4.261,0.789,23.43,2,95.59,13.36,0,maintenance_needed
2026-02-04 07:00:00,CMP-03,399.65,262.69,20.93,14.6,185.31,4.202,0.797,23.85,0,94.55,14.44,0,maintenance_needed
2026-02-04 08:00:00,CMP-03,404.05,261.21,21.74,14.81,192.02,4.176,0.789,24.28,0,93.33,15.77,0,maintenance_needed
2026-02-04 09:00:00,CMP-03,405.06,263.29,22.29,14.08,197.81,4.198,0.83,24.19,1,95.17,13.95,0,maintenance_needed
2026-02-04 10:00:00,CMP-03,405.79,264.08,23.4,14.54,188.34,4.272,0.725,25.16,1,94.83,14.3,0,maintenance_needed
2026-02-04 11:00:00,CMP-03,409.19,263.99,22.39,14.58,191.04,4.147,0.788,24.42,0,95.27,13.95,0,maintenance_needed
2026-02-04 12:00:00,CMP-03,403.19,265.72,23.18,13.22,186.45,4.19,0.794,24.97,0,94.4,14.67,0,maintenance_needed
2026-02-04 13:00:00,CMP-03,409.71,264.91,22.74,14.51,197.48,4.201,0.783,23.86,0,93.42,15.81,0,maintenance_needed
2026-02-04 14:00:00,CMP-03,412.81,267.11,23.6,14.59,190.31,4.269,0.915,23.63,0,92.85,16.45,0,maintenance_needed
2026-02-04 15:00:00,CMP-03,408.97,267.81,22.16,14.54,191.24,4.192,0.825,23.95,1,93.55,15.67,0,maintenance_needed
2026-02-04 16:00:00,CMP-03,411.32,264.3,24.18,15.52,196.22,4.345,0.839,23.32,0,94.51,14.76,0,maintenance_needed
2026-02-04 17:00:00,CMP-03,411.64,269.88,21.89,13.94,193.41,4.187,0.807,24.48,0,93.92,15.35,0,maintenance_needed
2026-02-04 18:00:00,CMP-03,412.39,265.44,21.68,14.19,187.19,4.181,0.832,23.88,0,92.28,17.01,0,maintenance_needed
2026-02-04 19:00:00,CMP-03,414.41,269.01,21.37,13.14,187.88,4.186,0.777,23.7,1,92.23,17.11,0,maintenance_needed
2026-02-04 20:00:00,CMP-03,418.57,271.63,24.3,14.48,192.01,4.095,0.841,24.57,0,91.27,18.17,0,maintenance_needed
2026-02-04 21:00:00,CMP-03,420.31,270.67,23.13,14.56,187.35,4.117,0.807,23.44,0,89.68,19.8,0,maintenance_needed
2026-02-04 22:00:00,CMP-03,417.4,269.94,22.14,14.45,181.69,4.158,0.832,24.74,0,92.67,16.74,0,maintenance_needed
2026-02-04 23:00:00,CMP-03,422.43,271.04,23.53,15.49,189.41,4.291,0.731,23.93,0,95.72,13.81,0,maintenance_needed
2026-02-05 00:00:00,CMP-03,420.06,274.23,23.02,15.31,183.95,4.197,0.797,25.05,0,94.83,14.64,0,maintenance_needed
2026-02-05 01:00:00,CMP-03,424.16,271.34,24.14,14.9,195.91,4.161,0.937,24.01,1,92.52,17.05,0,maintenance_needed
2026-02-05 02:00:00,CMP-03,421.83,275.65,21.28,14.6,190.4,4.298,0.899,24.7,0,93.44,16.07,0,maintenance_needed
2026-02-05 03:00:00,CMP-03,423.24,274.88,22.33,15.46,185.92,4.324,0.927,24.4,0,91.23,18.31,0,maintenance_needed
2026-02-05 04:00:00,CMP-03,424.66,274.17,22.21,14.85,186.59,4.3,0.935,24.81,1,91.38,18.2,0,maintenance_needed
2026-02-05 05:00:00,CMP-03,5.72,-0.7,16.42,11.51,202.44,4.132,0.384,22.08,1,103.08,1.92,1,normal
2026-02-05 06:00:00,CMP-03,2.53,-0.57,18.85,10.97,205.6,4.16,0.327,20.84,0,104.4,0.6,0,normal
2026-02-05 07:00:00,CMP-03,0.73,2.34,17.78,11.74,214.07,4.345,0.298,22.71,0,105.12,0.12,0,normal
2026-02-05 08:00:00,CMP-03,4.74,2.83,18.59,12.45,218.93,4.219,0.407,21.94,0,105.99,0.99,0,normal
2026-02-05 09:00:00,CMP-03,3.35,0.54,19.89,13.37,212.91,4.179,0.353,22.55,0,105.96,0.96,0,normal
2026-02-05 10:00:00,CMP-03,4.12,2.77,17.72,12.04,209.63,4.257,0.475,22.48,0,104.6,0.4,0,normal
2026-02-05 11:00:00,CMP-03,7.64,2.86,17.66,11.54,208.27,4.281,0.332,21.46,0,104.9,0.1,0,normal
2026-02-05 12:00:00,CMP-03,7.06,6.1,18.09,11.29,206.17,4.154,0.449,21.36,0,103.49,1.51,0,normal
2026-02-05 13:00:00,CMP-03,8.5,3.58,18.79,12.33,218.24,4.218,0.342,22.46,0,104.18,0.82,0,normal
2026-02-05 14:00:00,CMP-03,9.03,7.78,17.55,10.94,209.25,4.274,0.417,21.79,0,103.29,1.71,0,normal
2026-02-05 15:00:00,CMP-03,10.61,6.46,17.5,12.33,218.46,4.107,0.435,22.66,0,106.39,1.39,0,normal
2026-02-05 16:00:00,CMP-03,11.76,5.76,18.85,12.49,215.57,4.201,0.299,21.88,0,105.07,0.07,0,normal
2026-02-05 17:00:00,CMP-03,8.51,6.99,18.3,12.26,203.04,4.111,0.326,22.72,0,102.38,2.62,0,normal
2026-02-05 18:00:00,CMP-03,14.2,7.49,16.36,11.87,207.34,4.121,0.298,22.3,0,104.72,0.28,0,normal
2026-02-05 19:00:00,CMP-03,12.23,7.57,17.02,12.34,207.32,4.155,0.289,22.2,0,103.41,1.59,0,normal
2026-02-05 20:00:00,CMP-03,12.4,9.86,19.2,12.1,209.68,4.238,0.383,21.74,0,106.8,1.8,0,normal
2026-02-05 21:00:00,CMP-03,15.89,8.93,18.32,11.53,209.76,4.174,0.34,22.16,0,104.34,0.66,0,normal
2026-02-05 22:00:00,CMP-03,17.15,8.43,17.39,13.11,221.98,4.148,0.353,22.83,0,106.71,1.71,0,normal
2026-02-05 23:00:00,CMP-03,16.75,11.24,17.86,11.79,205.69,4.204,0.378,21.96,0,105.85,0.85,0,normal
2026-02-06 00:00:00,CMP-03,20.5,10.19,18.01,12.47,210.92,4.108,0.257,22.37,0,104.02,0.98,0,normal
2026-02-06 01:00:00,CMP-03,17.58,12.1,18.59,10.55,212.47,4.234,0.414,22.03,0,105.28,0.28,0,normal
2026-02-06 02:00:00,CMP-03,20.27,12.56,16.91,12.77,209.99,4.291,0.333,22.09,0,105.61,0.61,0,normal
2026-02-06 03:00:00,CMP-03,20.95,13.25,17.33,12.88,210.44,4.194,0.377,23.21,0,105.16,0.16,0,normal
2026-02-06 04:00:00,CMP-03,22.92,17.35,18.22,12.02,205.82,4.184,0.381,22.84,0,105.06,0.06,0,normal
2026-02-06 05:00:00,CMP-03,24.5,15.67,17.92,12.34,210.43,4.23,0.419,22.06,0,103.57,1.43,0,normal
2026-02-06 06:00:00,CMP-03,23.19,16.54,18.46,12.34,212.05,4.038,0.345,22.15,0,105.77,0.77,0,normal
2026-02-06 07:00:00,CMP-03,27.3,14.77,17.02,11.61,211.31,4.243,0.244,21.51,0,104.57,0.43,0,normal
2026-02-06 08:00:00,CMP-03,27.11,16.77,18.29,12.33,212.28,4.448,0.353,21.88,0,105.57,0.57,0,normal
2026-02-06 09:00:00,CMP-03,24.59,18.46,18.87,11.51,215.65,4.19,0.36,22.22,0,106.46,1.46,0,normal
2026-02-06 10:00:00,CMP-03,25.47,17.62,18.39,11.63,213.75,4.19,0.298,22.6,0,106.04,1.04,0,normal
2026-02-06 11:00:00,CMP-03,29.98,20.59,18.11,12.68,210.29,4.259,0.357,22.52,0,105.41,0.41,0,normal
2026-02-06 12:00:00,CMP-03,30.6,18.71,17.92,12.58,205.31,4.332,0.332,21.22,0,105.33,0.33,0,normal
2026-02-06 13:00:00,CMP-03,31.81,20.46,17.33,11.58,207.6,4.278,0.283,22.68,0,105.57,0.57,0,normal
2026-02-06 14:00:00,CMP-03,32.95,20.75,17.94,11.56,209.12,4.028,0.384,21.94,0,106.57,1.57,0,normal
2026-02-06 15:00:00,CMP-03,34.41,22.3,19.01,11.61,211.01,4.245,0.322,21.31,0,105.04,0.04,0,normal
2026-02-06 16:00:00,CMP-03,36.71,21.98,17.9,12.44,208.09,4.406,0.33,22.94,0,105.03,0.03,0,normal
2026-02-06 17:00:00,CMP-03,34.0,23.07,17.29,11.4,206.26,4.25,0.327,23.02,0,105.73,0.73,0,normal
2026-02-06 18:00:00,CMP-03,34.89,23.77,17.61,12.21,205.25,4.108,0.412,22.18,0,104.08,0.92,0,normal
2026-02-06 19:00:00,CMP-03,36.03,23.82,18.16,12.45,203.4,4.223,0.348,22.5,0,103.0,2.0,0,normal
2026-02-06 20:00:00,CMP-03,39.52,25.93,17.7,11.95,209.06,4.098,0.354,22.54,0,105.47,0.47,0,normal
2026-02-06 21:00:00,CMP-03,42.24,26.29,18.39,12.61,204.12,4.299,0.328,22.98,0,104.3,0.7,0,normal
2026-02-06 22:00:00,CMP-03,40.22,26.54,18.42,11.82,206.0,4.124,0.373,22.51,0,103.35,1.65,0,normal
2026-02-06 23:00:00,CMP-03,37.5,26.78,18.71,11.87,208.42,4.206,0.417,21.07,0,105.42,0.42,0,normal
2026-02-07 00:00:00,CMP-03,39.93,28.91,19.14,11.41,204.66,4.131,0.382,23.41,0,106.15,1.15,0,normal
2026-02-07 01:00:00,CMP-03,42.5,28.32,18.8,12.61,211.52,4.156,0.384,22.75,0,103.33,1.67,0,normal
2026-02-07 02:00:00,CMP-03,44.0,28.88,17.25,11.54,212.96,4.319,0.38,21.64,0,106.36,1.36,0,normal
2026-02-07 03:00:00,CMP-03,45.26,30.03,17.28,12.21,207.8,4.208,0.281,21.28,0,102.03,2.97,0,normal
2026-02-07 04:00:00,CMP-03,47.07,32.59,17.94,11.96,208.25,4.155,0.306,22.35,0,104.42,0.58,0,normal
2026-02-07 05:00:00,CMP-03,47.44,29.59,17.64,11.37,212.15,4.108,0.34,21.81,0,107.2,2.2,0,normal
2026-02-07 06:00:00,CMP-03,50.89,32.77,17.09,11.63,207.14,4.05,0.314,22.23,0,104.41,0.59,0,normal
2026-02-07 07:00:00,CMP-03,48.78,30.23,17.65,12.83,206.87,4.1,0.297,22.52,0,104.85,0.15,0,normal
2026-02-07 08:00:00,CMP-03,49.45,33.41,17.62,12.12,214.79,4.209,0.256,21.6,0,106.22,1.22,0,normal
2026-02-07 09:00:00,CMP-03,52.86,35.69,17.46,11.39,213.54,4.278,0.283,21.22,0,103.39,1.61,0,normal
2026-02-07 10:00:00,CMP-03,50.24,35.04,17.75,12.18,212.41,4.155,0.337,22.27,0,105.27,0.27,0,normal
2026-02-07 11:00:00,CMP-03,54.7,35.3,18.94,11.91,213.7,4.326,0.347,21.63,0,105.37,0.37,0,normal
2026-02-07 12:00:00,CMP-03,55.18,35.08,18.16,14.07,202.09,4.143,0.31,22.1,1,106.42,1.42,0,normal
2026-02-07 13:00:00,CMP-03,55.73,36.44,19.98,12.17,215.42,4.181,0.354,21.06,0,104.07,0.93,0,normal
2026-02-07 14:00:00,CMP-03,59.86,36.75,18.14,11.77,211.57,4.114,0.328,21.82,0,104.71,0.29,0,normal
2026-02-07 15:00:00,CMP-03,56.88,36.76,17.77,12.85,214.04,4.279,0.405,22.5,0,104.3,0.7,0,normal
2026-02-07 16:00:00,CMP-03,62.71,38.0,18.0,10.9,211.55,4.368,0.342,22.42,0,103.99,1.01,0,normal
2026-02-07 17:00:00,CMP-03,59.59,39.24,18.21,12.06,210.2,4.059,0.385,21.45,0,106.26,1.26,0,normal
2026-02-07 18:00:00,CMP-03,58.7,38.73,18.35,13.2,208.9,4.172,0.36,21.18,0,104.94,0.06,0,normal
2026-02-07 19:00:00,CMP-03,62.13,39.33,19.66,11.93,211.47,4.301,0.28,22.01,0,104.51,0.49,0,normal
2026-02-07 20:00:00,CMP-03,61.06,39.32,17.32,10.96,208.75,4.084,0.345,22.39,0,104.33,0.67,0,normal
2026-02-07 21:00:00,CMP-03,62.65,42.07,18.69,11.76,213.47,4.245,0.288,22.28,0,104.66,0.34,0,normal
2026-02-07 22:00:00,CMP-03,65.71,42.9,18.17,12.87,203.65,4.298,0.345,21.64,0,103.97,1.03,0,normal
2026-02-07 23:00:00,CMP-03,67.0,43.18,16.74,12.23,207.83,4.206,0.313,22.21,0,103.44,1.56,0,normal
2026-02-08 00:00:00,CMP-03,65.88,44.71,18.62,11.5,218.18,4.244,0.369,23.05,0,105.37,0.37,0,normal
2026-02-08 01:00:00,CMP-03,69.78,44.31,19.01,11.59,207.5,4.341,0.283,22.14,0,104.4,0.6,0,normal
2026-02-08 02:00:00,CMP-03,71.08,45.32,17.31,11.66,209.05,4.356,0.351,20.86,0,104.09,0.91,0,normal
2026-02-08 03:00:00,CMP-03,72.59,45.86,17.99,12.22,206.47,4.195,0.379,22.14,0,104.89,0.11,0,normal
2026-02-08 04:00:00,CMP-03,71.95,46.04,16.62,12.8,211.34,4.157,0.395,23.43,0,105.37,0.37,0,normal
2026-02-08 05:00:00,CMP-03,74.45,46.16,16.99,12.63,207.05,4.126,0.312,21.1,0,104.15,0.85,0,normal
2026-02-08 06:00:00,CMP-03,69.61,50.11,18.84,12.27,209.26,4.278,0.351,22.02,0,104.78,0.22,0,normal
2026-02-08 07:00:00,CMP-03,73.43,47.56,17.63,11.2,213.4,4.09,0.359,21.84,0,107.65,2.65,0,normal
2026-02-08 08:00:00,CMP-03,73.44,47.95,17.11,11.2,207.2,4.18,0.427,22.07,0,107.11,2.11,0,normal
2026-02-08 09:00:00,CMP-03,76.21,49.92,18.18,12.32,213.15,4.208,0.276,22.14,0,104.09,0.91,0,normal
2026-02-08 10:00:00,CMP-03,75.97,50.35,17.58,11.19,213.29,4.16,0.304,22.8,0,104.26,0.74,0,normal
2026-02-08 11:00:00,CMP-03,77.7,49.01,17.62,11.86,214.22,4.222,0.49,22.06,0,104.17,0.83,0,normal
2026-02-08 12:00:00,CMP-03,82.39,52.7,18.59,12.18,210.56,4.405,0.336,22.89,0,106.21,1.21,0,normal
2026-02-08 13:00:00,CMP-03,79.69,51.89,17.07,11.32,222.97,4.19,0.255,21.92,1,105.6,0.6,0,normal
2026-02-08 14:00:00,CMP-03,81.74,51.32,17.28,11.39,214.22,4.165,0.321,21.75,0,105.6,0.6,0,normal
2026-02-08 15:00:00,CMP-03,81.58,54.73,18.12,11.94,211.3,4.281,0.212,21.53,0,107.3,2.3,0,normal
2026-02-08 16:00:00,CMP-03,83.14,54.7,18.78,12.3,206.5,4.219,0.362,20.73,0,104.71,0.29,0,normal
2026-02-08 17:00:00,CMP-03,84.01,53.08,18.99,12.64,209.61,4.315,0.39,22.19,0,105.75,0.75,0,normal
2026-02-08 18:00:00,CMP-03,85.81,57.38,17.47,12.36,215.71,4.213,0.304,23.44,0,106.03,1.03,0,normal
2026-02-08 19:00:00,CMP-03,88.1,56.69,18.75,12.04,216.84,4.18,0.326,22.32,0,104.9,0.1,0,normal
2026-02-08 20:00:00,CMP-03,89.97,56.54,17.37,11.55,215.91,4.057,0.396,22.48,0,106.64,1.64,0,normal
2026-02-08 21:00:00,CMP-03,88.56,59.11,19.46,11.36,213.14,4.07,0.262,21.71,0,104.32,0.68,0,normal
2026-02-08 22:00:00,CMP-03,90.06,58.04,17.09,11.69,204.98,4.053,0.284,21.83,0,106.07,1.07,0,normal
2026-02-08 23:00:00,CMP-03,87.93,58.47,19.06,12.25,211.95,4.23,0.339,22.69,0,104.51,0.49,0,normal
2026-02-09 00:00:00,CMP-03,90.84,58.36,17.47,12.2,205.03,4.091,0.312,23.41,1,104.08,0.92,0,normal
2026-02-09 01:00:00,CMP-03,93.69,60.5,19.61,10.74,204.05,4.3,0.335,23.04,0,103.33,1.67,0,normal
2026-02-09 02:00:00,CMP-03,94.56,61.02,18.47,11.53,210.96,4.202,0.287,22.56,0,104.06,0.94,0,normal
2026-02-09 03:00:00,CMP-03,94.38,61.12,17.19,12.72,212.09,4.18,0.361,22.02,0,104.7,0.3,0,normal
2026-02-09 04:00:00,CMP-03,96.6,60.8,17.58,12.05,213.61,4.132,0.343,22.15,0,102.61,2.39,0,normal
2026-02-09 05:00:00,CMP-03,96.88,62.56,18.62,11.15,211.99,4.25,0.377,21.47,0,104.9,0.1,0,normal
2026-02-09 06:00:00,CMP-03,99.16,62.97,18.84,13.41,212.13,4.136,0.36,20.99,0,104.61,0.39,0,normal
2026-02-09 07:00:00,CMP-03,98.52,62.1,17.94,11.98,206.06,4.121,0.36,21.21,0,105.55,0.55,0,normal
2026-02-09 08:00:00,CMP-03,98.36,62.58,18.04,12.23,209.58,4.295,0.278,22.03,1,105.43,0.43,0,normal
2026-02-09 09:00:00,CMP-03,100.6,65.68,18.61,12.24,203.97,4.228,0.375,21.8,0,103.74,1.26,0,normal
2026-02-09 10:00:00,CMP-03,95.72,62.53,18.11,11.78,201.99,4.181,0.333,20.97,0,103.85,1.15,0,normal
2026-02-09 11:00:00,CMP-03,102.69,66.55,16.97,11.56,212.96,4.251,0.342,21.97,0,104.98,0.02,0,normal
2026-02-09 12:00:00,CMP-03,96.43,66.38,17.35,13.27,206.99,4.201,0.402,21.78,0,106.39,1.39,0,normal
2026-02-09 13:00:00,CMP-03,100.9,69.17,18.19,12.6,213.49,4.231,0.314,21.18,0,104.37,0.63,0,normal
2026-02-09 14:00:00,CMP-03,105.81,67.66,18.97,12.49,214.43,4.135,0.418,21.74,0,104.56,0.44,0,normal
2026-02-09 15:00:00,CMP-03,106.86,69.69,19.29,12.35,207.52,4.366,0.422,21.78,0,103.56,1.44,0,normal
2026-02-09 16:00:00,CMP-03,104.91,69.07,18.62,11.4,212.36,4.154,0.388,21.57,0,103.56,1.44,0,normal
2026-02-09 17:00:00,CMP-03,106.72,70.34,18.23,12.77,207.36,4.324,0.301,22.65,1,105.13,0.13,0,normal
2026-02-09 18:00:00,CMP-03,111.47,71.73,18.6,11.49,202.62,4.185,0.241,20.67,0,104.63,0.37,0,normal
2026-02-09 19:00:00,CMP-03,109.13,70.94,17.47,12.17,210.49,4.265,0.404,20.61,1,106.45,1.45,0,normal
2026-02-09 20:00:00,CMP-03,115.04,73.35,17.88,11.02,208.12,4.259,0.356,22.0,0,105.99,0.99,0,normal
2026-02-09 21:00:00,CMP-03,112.0,71.61,17.34,10.78,208.24,4.292,0.313,22.07,0,107.5,2.5,0,normal
2026-02-09 22:00:00,CMP-03,113.73,73.8,17.0,12.19,217.9,4.133,0.409,22.28,0,105.55,0.55,0,normal
2026-02-09 23:00:00,CMP-03,116.91,75.21,18.27,11.51,203.9,4.286,0.307,21.62,0,104.23,0.77,0,normal
2026-02-10 00:00:00,CMP-03,115.24,75.54,18.15,10.81,211.53,4.348,0.329,21.36,0,103.69,1.31,0,normal
2026-02-10 01:00:00,CMP-03,114.2,77.7,18.55,12.32,206.02,4.179,0.376,21.99,0,105.45,0.45,0,normal
2026-02-10 02:00:00,CMP-03,116.8,75.13,18.44,13.27,213.63,4.203,0.294,21.69,0,105.42,0.42,0,normal
2026-02-10 03:00:00,CMP-03,117.94,75.05,18.19,12.83,211.19,4.158,0.345,23.09,0,105.81,0.81,0,normal
2026-02-10 04:00:00,CMP-03,116.54,76.16,18.45,11.85,211.52,4.172,0.404,21.77,0,103.87,1.13,0,normal
2026-02-10 05:00:00,CMP-03,119.54,78.79,17.97,12.01,206.22,4.337,0.361,21.96,0,105.08,0.08,0,normal
2026-02-10 06:00:00,CMP-03,119.66,79.25,18.33,12.53,206.94,4.12,0.412,23.73,0,104.98,0.02,0,normal
2026-02-10 07:00:00,CMP-03,123.66,79.42,17.42,12.67,213.71,4.125,0.407,21.86,0,105.45,0.45,0,normal
2026-02-10 08:00:00,CMP-03,123.06,78.6,18.3,11.79,217.08,4.329,0.35,22.39,0,104.82,0.18,0,normal
2026-02-10 09:00:00,CMP-03,123.49,81.52,18.53,12.02,211.92,4.25,0.233,22.45,0,106.46,1.46,0,normal
2026-02-10 10:00:00,CMP-03,124.81,79.78,17.46,12.18,206.41,4.37,0.295,22.51,0,106.97,1.97,0,normal
2026-02-10 11:00:00,CMP-03,126.4,83.29,18.04,12.33,211.36,4.164,0.388,22.2,0,103.89,1.11,0,normal
2026-02-10 12:00:00,CMP-03,128.11,85.98,17.5,11.92,219.71,4.21,0.272,22.14,0,106.57,1.57,0,normal
2026-02-10 13:00:00,CMP-03,126.2,83.64,17.58,11.93,210.41,4.147,0.334,22.07,0,101.87,3.13,0,normal
2026-02-10 14:00:00,CMP-03,127.13,84.55,17.1,12.83,215.85,4.211,0.367,21.6,0,106.2,1.2,0,normal
2026-02-10 15:00:00,CMP-03,131.99,83.91,19.01,12.73,207.04,4.058,0.423,22.23,0,102.71,2.29,0,normal
2026-02-10 16:00:00,CMP-03,130.26,82.98,18.85,12.29,209.83,4.255,0.321,23.42,1,104.41,0.59,0,normal
2026-02-10 17:00:00,CMP-03,129.45,85.08,18.43,13.03,212.48,4.226,0.318,22.85,0,103.75,1.25,0,normal
2026-02-10 18:00:00,CMP-03,133.8,85.14,19.58,11.77,211.59,4.195,0.347,22.21,0,104.89,0.11,0,normal
2026-02-10 19:00:00,CMP-03,134.83,85.36,17.85,12.97,206.93,4.169,0.368,22.6,0,105.68,0.68,0,normal
2026-02-10 20:00:00,CMP-03,132.24,89.82,20.43,12.33,206.76,4.128,0.342,21.39,0,102.7,2.3,0,normal
2026-02-10 21:00:00,CMP-03,136.41,88.73,17.82,13.96,213.95,4.258,0.402,21.82,0,104.92,0.08,0,normal
2026-02-10 22:00:00,CMP-03,138.32,89.51,18.2,11.28,214.77,4.106,0.31,22.66,1,104.82,0.18,0,normal
2026-02-10 23:00:00,CMP-03,138.67,89.33,17.68,11.59,216.05,4.241,0.356,23.04,0,107.22,2.22,0,normal
2026-02-11 00:00:00,CMP-03,140.14,90.14,18.3,12.25,217.22,4.366,0.372,21.46,0,106.05,1.05,0,normal
2026-02-11 01:00:00,CMP-03,137.47,92.16,18.67,12.24,210.54,4.319,0.33,21.66,0,103.75,1.25,0,normal
2026-02-11 02:00:00,CMP-03,141.6,91.61,17.91,13.17,208.76,4.08,0.392,23.53,0,104.38,0.62,0,normal
2026-02-11 03:00:00,CMP-03,141.46,92.94,19.42,11.6,215.4,4.157,0.357,22.07,0,107.14,2.14,0,normal
2026-02-11 04:00:00,CMP-03,142.13,92.71,18.19,12.54,212.85,4.234,0.389,23.28,0,106.01,1.01,0,normal
2026-02-11 05:00:00,CMP-03,145.57,93.19,18.22,12.7,206.07,4.194,0.36,22.14,0,103.68,1.32,0,normal
2026-02-11 06:00:00,CMP-03,147.66,92.56,17.27,12.42,205.87,4.088,0.369,22.17,1,104.38,0.62,0,normal
2026-02-11 07:00:00,CMP-03,149.23,92.53,18.33,11.42,211.97,4.231,0.318,21.79,0,104.9,0.1,0,normal
2026-02-11 08:00:00,CMP-03,149.37,95.24,17.89,12.84,209.29,4.199,0.318,22.66,1,104.35,0.65,0,normal
2026-02-11 09:00:00,CMP-03,147.8,96.27,17.51,12.74,209.89,4.353,0.411,22.95,0,103.11,1.89,0,normal
2026-02-11 10:00:00,CMP-03,149.63,95.31,17.38,12.36,214.29,4.18,0.382,21.28,0,104.6,0.4,0,normal
2026-02-11 11:00:00,CMP-03,151.38,97.46,20.14,12.12,213.04,4.293,0.299,21.75,0,106.77,1.77,0,normal
2026-02-11 12:00:00,CMP-03,151.22,98.21,17.79,12.14,215.32,4.099,0.359,22.64,0,105.01,0.01,0,normal
2026-02-11 13:00:00,CMP-03,152.24,96.21,16.83,11.95,202.27,4.118,0.231,21.91,0,104.27,0.73,0,normal
2026-02-11 14:00:00,CMP-03,154.48,98.35,17.44,12.38,211.01,4.258,0.321,21.65,0,105.24,0.24,0,normal
2026-02-11 15:00:00,CMP-03,153.89,100.59,17.96,12.02,212.78,4.287,0.398,22.71,2,107.66,2.66,0,normal
2026-02-11 16:00:00,CMP-03,153.69,101.21,18.44,11.49,203.89,4.123,0.344,22.77,0,104.52,0.48,0,normal
2026-02-11 17:00:00,CMP-03,155.25,100.02,18.44,11.37,207.38,4.202,0.356,21.69,0,105.99,0.99,0,normal
2026-02-11 18:00:00,CMP-03,158.14,102.24,18.54,11.55,206.64,4.089,0.199,22.15,0,104.07,0.93,0,normal
2026-02-11 19:00:00,CMP-03,158.01,103.93,17.48,12.13,210.09,4.186,0.33,21.15,0,104.72,0.28,0,normal
2026-02-11 20:00:00,CMP-03,159.61,104.28,18.27,11.98,216.51,4.267,0.367,21.37,0,105.53,0.53,0,normal
2026-02-11 21:00:00,CMP-03,161.21,103.89,17.3,12.13,218.09,4.165,0.373,22.09,0,104.8,0.2,0,normal
2026-02-11 22:00:00,CMP-03,160.33,104.09,17.5,12.3,206.74,4.18,0.398,22.02,0,104.52,0.48,0,normal
2026-02-11 23:00:00,CMP-03,163.36,104.54,17.27,11.62,212.11,4.11,0.339,21.32,0,106.15,1.15,0,normal
2026-02-12 00:00:00,CMP-03,163.68,106.51,17.05,12.88,212.24,4.148,0.342,21.5,0,104.3,0.7,0,normal
2026-02-12 01:00:00,CMP-03,161.78,106.83,18.85,11.84,211.55,4.341,0.283,21.25,0,105.12,0.12,0,normal
2026-02-12 02:00:00,CMP-03,167.6,108.01,18.55,11.74,211.6,4.206,0.34,22.32,0,105.91,0.91,0,normal
2026-02-12 03:00:00,CMP-03,165.1,108.06,18.78,12.29,211.21,4.12,0.287,20.62,1,104.19,0.81,0,normal
2026-02-12 04:00:00,CMP-03,164.02,109.53,18.03,10.9,216.75,4.175,0.258,21.29,0,106.74,1.74,0,normal
2026-02-12 05:00:00,CMP-03,166.12,109.31,18.62,11.53,214.41,4.072,0.296,20.7,0,105.43,0.43,0,normal
2026-02-12 06:00:00,CMP-03,167.16,110.79,16.59,12.59,205.76,4.119,0.425,22.29,0,104.48,0.52,0,normal
2026-02-12 07:00:00,CMP-03,170.09,111.54,18.69,10.96,213.18,4.309,0.336,20.74,0,103.05,1.95,0,normal
2026-02-12 08:00:00,CMP-03,170.51,110.18,18.14,12.67,213.57,4.189,0.361,22.02,0,104.87,0.13,0,normal
2026-02-12 09:00:00,CMP-03,171.39,109.63,18.5,12.91,211.26,4.351,0.324,23.15,0,105.51,0.51,0,normal
2026-02-12 10:00:00,CMP-03,174.12,114.3,18.3,11.78,214.53,4.192,0.26,23.17,0,107.28,2.28,0,normal
2026-02-12 11:00:00,CMP-03,174.61,113.41,17.21,12.18,210.75,4.197,0.397,20.74,0,105.68,0.68,0,normal
2026-02-12 12:00:00,CMP-03,175.57,111.69,16.8,12.67,210.8,4.251,0.241,22.21,0,106.3,1.3,0,normal
2026-02-12 13:00:00,CMP-03,176.74,113.54,17.43,11.72,210.48,3.986,0.322,21.31,1,103.71,1.29,0,normal
2026-02-12 14:00:00,CMP-03,178.11,115.98,18.45,12.52,201.93,4.216,0.347,21.16,0,104.21,0.79,0,normal
2026-02-12 15:00:00,CMP-03,174.21,115.36,18.55,11.6,209.68,4.196,0.362,21.92,0,106.32,1.32,0,normal
2026-02-12 16:00:00,CMP-03,178.34,115.74,16.91,11.71,207.33,4.319,0.314,22.86,0,103.81,1.19,0,normal
2026-02-12 17:00:00,CMP-03,176.08,118.68,17.22,11.52,205.25,4.277,0.258,22.42,0,105.68,0.68,0,normal
2026-02-12 18:00:00,CMP-03,181.06,116.39,17.42,12.21,215.74,4.109,0.31,21.5,1,106.27,1.27,0,normal
2026-02-12 19:00:00,CMP-03,181.99,117.34,17.71,12.69,212.02,4.299,0.313,22.49,1,105.46,0.46,0,normal
2026-02-12 20:00:00,CMP-03,184.88,119.2,16.91,11.89,209.88,4.179,0.311,20.43,0,104.63,0.37,0,normal
2026-02-12 21:00:00,CMP-03,186.14,120.07,16.86,11.24,207.74,4.128,0.399,21.47,0,103.73,1.27,0,normal
2026-02-12 22:00:00,CMP-03,185.36,120.85,17.34,11.35,211.18,4.216,0.289,21.42,0,107.05,2.05,0,normal
2026-02-12 23:00:00,CMP-03,185.1,121.99,18.07,12.24,213.97,4.184,0.365,22.05,0,106.01,1.01,0,normal
2026-02-13 00:00:00,CMP-03,187.87,121.79,17.06,13.11,206.69,4.323,0.358,21.86,0,105.11,0.11,0,normal
2026-02-13 01:00:00,CMP-03,187.05,122.79,17.91,12.24,209.98,4.227,0.398,21.9,0,104.54,0.46,0,normal
2026-02-13 02:00:00,CMP-03,189.0,122.54,18.85,11.77,213.47,4.216,0.343,21.88,0,105.32,0.32,0,normal
2026-02-13 03:00:00,CMP-03,191.78,123.58,16.96,12.46,202.26,4.272,0.39,22.02,0,104.56,0.44,0,normal
2026-02-13 04:00:00,CMP-03,190.0,124.28,17.83,11.86,209.77,4.287,0.341,22.38,0,105.42,0.42,0,normal
2026-02-13 05:00:00,CMP-03,193.45,125.06,18.82,11.77,208.28,4.263,0.372,22.1,0,105.67,0.67,0,normal
2026-02-13 06:00:00,CMP-03,194.22,126.38,17.67,11.42,209.46,4.314,0.275,21.8,0,104.1,0.9,0,normal
2026-02-13 07:00:00,CMP-03,192.28,126.77,17.54,12.85,207.99,4.249,0.218,22.28,0,103.23,1.77,0,normal
2026-02-13 08:00:00,CMP-03,196.75,126.8,18.93,10.48,210.55,4.213,0.369,22.58,0,105.14,0.14,0,normal
2026-02-13 09:00:00,CMP-03,197.26,126.43,17.76,12.48,217.69,4.299,0.372,21.61,0,103.69,1.31,0,normal
2026-02-13 10:00:00,CMP-03,197.18,128.13,18.88,11.72,208.7,4.193,0.374,21.96,1,104.54,0.46,0,normal
2026-02-13 11:00:00,CMP-03,196.63,128.67,18.34,11.75,211.17,4.203,0.324,22.81,0,104.53,0.47,0,normal
2026-02-13 12:00:00,CMP-03,197.45,129.58,17.73,13.02,217.98,4.338,0.424,21.23,0,106.18,1.18,0,normal
2026-02-13 13:00:00,CMP-03,199.03,132.65,18.38,11.57,207.8,4.33,0.327,23.26,0,107.0,2.0,0,normal
2026-02-13 14:00:00,CMP-03,201.98,130.02,18.26,11.59,217.26,4.199,0.371,21.06,0,103.44,1.56,0,normal
2026-02-13 15:00:00,CMP-03,200.28,131.81,18.82,11.92,210.02,4.164,0.38,21.76,0,107.5,2.5,0,normal
2026-02-13 16:00:00,CMP-03,203.79,133.23,17.56,12.25,217.13,4.317,0.436,21.33,0,105.31,0.31,0,normal
2026-02-13 17:00:00,CMP-03,201.76,132.72,18.03,11.73,213.0,4.264,0.334,23.53,0,105.62,0.62,0,normal
2026-02-13 18:00:00,CMP-03,204.63,136.06,17.95,11.06,211.23,4.225,0.317,21.65,0,103.54,1.46,0,normal
2026-02-13 19:00:00,CMP-03,206.2,133.45,18.56,11.48,209.74,4.174,0.275,21.65,0,106.08,1.08,0,normal
2026-02-13 20:00:00,CMP-03,211.4,134.94,17.18,12.77,207.5,4.227,0.428,21.74,0,104.85,0.15,0,normal
2026-02-13 21:00:00,CMP-03,205.52,134.24,18.81,12.04,210.3,4.198,0.371,22.07,0,104.96,0.04,0,normal
2026-02-13 22:00:00,CMP-03,211.65,135.43,18.37,12.27,213.59,4.147,0.373,21.77,0,103.16,1.84,0,normal
2026-02-13 23:00:00,CMP-03,210.27,136.8,16.95,11.84,209.95,4.21,0.506,21.91,1,105.08,0.08,0,normal
2026-02-14 00:00:00,CMP-03,211.74,138.17,18.97,11.6,208.73,4.221,0.366,19.53,0,105.83,0.83,0,normal
2026-02-14 01:00:00,CMP-03,212.21,138.18,19.79,13.01,209.0,4.17,0.285,22.04,1,104.66,0.34,0,normal
2026-02-14 02:00:00,CMP-03,213.8,139.96,18.8,11.89,213.97,4.272,0.34,22.01,1,106.61,1.61,0,normal
2026-02-14 03:00:00,CMP-03,213.72,138.99,19.14,11.73,214.9,4.303,0.301,22.73,0,106.64,1.64,0,normal
2026-02-14 04:00:00,CMP-03,217.62,139.35,18.07,12.66,207.33,4.278,0.33,22.92,0,104.08,0.92,0,normal
2026-02-14 05:00:00,CMP-03,215.18,143.64,16.67,11.57,207.33,4.178,0.33,21.87,0,106.54,1.54,0,normal
2026-02-14 06:00:00,CMP-03,219.04,141.52,16.52,11.64,211.52,4.26,0.321,22.57,1,105.17,0.17,0,normal
2026-02-14 07:00:00,CMP-03,216.84,140.84,18.2,12.01,216.11,4.206,0.28,21.23,0,105.54,0.54,0,normal
2026-02-14 08:00:00,CMP-03,218.89,141.52,17.53,12.0,214.58,4.101,0.43,22.54,0,105.48,0.48,0,normal
2026-02-14 09:00:00,CMP-03,218.07,141.87,17.27,12.16,204.99,4.254,0.365,21.6,0,104.68,0.32,0,normal
2026-02-14 10:00:00,CMP-03,221.82,144.77,17.95,13.26,208.94,4.212,0.339,21.17,0,102.02,2.98,0,normal
2026-02-14 11:00:00,CMP-03,224.6,143.86,18.49,12.2,206.28,4.407,0.388,21.87,0,104.5,0.5,0,normal
2026-02-14 12:00:00,CMP-03,222.86,145.1,16.84,10.57,208.93,4.317,0.374,22.98,0,103.41,1.59,0,normal
2026-02-14 13:00:00,CMP-03,223.65,145.52,17.64,12.2,216.42,4.257,0.364,22.13,0,107.3,2.3,0,normal
2026-02-14 14:00:00,CMP-03,222.99,147.13,19.21,12.02,204.31,4.22,0.384,23.05,1,106.29,1.29,0,normal
2026-02-14 15:00:00,CMP-03,225.59,145.88,17.14,12.03,203.52,4.213,0.357,21.48,0,105.42,0.42,0,normal
2026-02-14 16:00:00,CMP-03,224.13,146.26,18.7,12.15,206.69,4.12,0.384,22.73,0,104.47,0.53,0,normal
2026-02-14 17:00:00,CMP-03,226.36,148.47,17.61,11.98,211.15,4.061,0.388,21.54,0,103.98,1.02,0,normal
2026-02-14 18:00:00,CMP-03,229.41,149.57,18.44,11.97,212.48,4.13,0.358,22.16,0,104.48,0.52,0,normal
2026-02-14 19:00:00,CMP-03,232.37,149.9,18.93,12.4,211.5,4.196,0.345,22.18,0,107.13,2.19,0,normal
2026-02-14 20:00:00,CMP-03,236.06,149.18,18.74,11.76,214.06,4.032,0.443,22.53,0,104.24,0.9,0,normal
2026-02-14 21:00:00,CMP-03,230.94,151.61,18.75,11.45,202.85,4.156,0.329,22.19,0,101.79,3.24,0,normal
2026-02-14 22:00:00,CMP-03,235.58,150.56,17.21,13.9,214.16,4.18,0.384,21.55,0,106.17,1.3,0,normal
2026-02-14 23:00:00,CMP-03,234.44,151.47,19.0,11.64,208.28,4.183,0.382,22.67,0,106.28,1.38,0,normal
